PlayerID,Player,Pos,Tm,G,MP,FGA,3P,3PA,3P%,2P,2PA,2P%,Season
abdulma02,Mahmoud Abdul-Rauf,PG,VAN,41,486,246,4,14,0.286,116,232,0.5,2000-2001
abdulta01,Tariq Abdul-Wahad,SG,DEN,29,420,111,4,10,0.4,39,101,0.386,2000-2001
abdursh01,Shareef Abdur-Rahim,SF,VAN,81,3241,1280,12,64,0.188,592,1216,0.487,2000-2001
alexaco01,Cory Alexander,PG,ORL,26,227,56,4,16,0.25,14,40,0.35,2000-2001
alexaco02,Courtney Alexander,PG,TOT,65,1382,573,17,46,0.37,222,527,0.421,2000-2001
allenra02,Ray Allen*,SG,MIL,82,3129,1309,202,467,0.433,426,842,0.506,2000-2001
alstora01,Rafer Alston,PG,MIL,37,288,84,8,30,0.267,22,54,0.407,2000-2001
amaecjo01,John Amaechi,C,ORL,82,1710,592,0,7,0.0,237,585,0.405,2000-2001
anderde01,Derek Anderson,SG,SAS,82,2859,993,101,253,0.399,312,740,0.422,2000-2001
anderke01,Kenny Anderson,PG,BOS,33,849,227,11,33,0.333,77,194,0.397,2000-2001
anderni01,Nick Anderson,SG,SAC,21,169,57,10,39,0.256,4,18,0.222,2000-2001
andersh01,Shandon Anderson,SG,HOU,82,2396,590,46,170,0.271,217,420,0.517,2000-2001
anthogr01,Greg Anthony,PG,POR,58,856,253,65,159,0.409,32,94,0.34,2000-2001
armstda01,Darrell Armstrong,PG,ORL,75,2767,1002,143,403,0.355,270,599,0.451,2000-2001
atkinch01,Chucky Atkins,PG,DET,81,2363,952,121,339,0.357,259,613,0.423,2000-2001
augmost01,Stacey Augmon,SG,POR,66,1182,266,0,4,0.0,127,262,0.485,2000-2001
austiis01,Isaac Austin,C,VAN,52,845,270,6,24,0.25,90,246,0.366,2000-2001
averywi01,William Avery,PG,MIN,55,463,144,16,59,0.271,39,85,0.459,2000-2001
bagarda01,Dalibor Bagarić,C,CHI,35,259,65,0,1,0.0,17,64,0.266,2000-2001
bakervi01,Vin Baker,PF,SEA,76,2129,822,1,16,0.063,346,806,0.429,2000-2001
barkler01,Erick Barkley,PG,POR,8,38,22,3,8,0.375,5,14,0.357,2000-2001
barroda01,Dana Barros,PG,DET,60,1079,412,44,105,0.419,139,307,0.453,2000-2001
barrybr01,Brent Barry,SG,SEA,67,1778,401,109,229,0.476,89,172,0.517,2000-2001
barryjo01,Jon Barry,SG,SAC,62,1010,255,46,132,0.348,57,123,0.463,2000-2001
battito01,Tony Battie,C,BOS,40,845,201,0,3,0.0,108,198,0.545,2000-2001
bellra01,Raja Bell,SG,PHI,5,30,7,1,3,0.333,1,4,0.25,2000-2001
bendejo01,Jonathan Bender,SF,IND,59,574,186,11,41,0.268,55,145,0.379,2000-2001
benjaco01,Corey Benjamin,PG,CHI,65,857,302,21,81,0.259,94,221,0.425,2000-2001
benoida01,David Benoit,SF,UTA,49,446,147,5,13,0.385,66,134,0.493,2000-2001
besttr01,Travis Best,PG,IND,77,2457,788,37,97,0.381,310,691,0.449,2000-2001
bibbymi01,Mike Bibby,PG,VAN,82,3190,1157,108,285,0.379,417,872,0.478,2000-2001
billuch01,Chauncey Billups,SG,MIN,77,1790,587,73,194,0.376,175,393,0.445,2000-2001
blaylmo01,Mookie Blaylock,PG,GSW,69,2352,801,73,225,0.324,244,576,0.424,2000-2001
blounco01,Corie Blount,PF,TOT,68,1305,294,2,8,0.25,128,286,0.448,2000-2001
blounma01,Mark Blount,C,BOS,64,1098,200,0,0,,101,200,0.505,2000-2001
boguemu01,Muggsy Bogues,PG,TOR,3,34,2,0,1,0.0,0,1,0.0,2000-2001
bohanet01,Etdrick Bohannon,PF,CLE,6,19,4,0,0,,2,4,0.5,2000-2001
boothca01,Calvin Booth,C,TOT,55,933,252,0,0,,120,252,0.476,2000-2001
bowdlca01,Cal Bowdler,SF,ATL,44,375,114,1,5,0.2,52,109,0.477,2000-2001
bowenbr01,Bruce Bowen,SF,MIA,82,2685,581,103,307,0.336,108,274,0.394,2000-2001
bowenry01,Ryan Bowen,SF,DEN,57,696,144,4,11,0.364,76,133,0.571,2000-2001
bowmair01,Ira Bowman,PG,ATL,3,19,2,0,0,,0,2,0.0,2000-2001
boykiea01,Earl Boykins,PG,LAC,10,149,63,1,8,0.125,24,55,0.436,2000-2001
bradlsh01,Shawn Bradley,C,DAL,82,2001,447,1,6,0.167,218,441,0.494,2000-2001
brandel01,Elton Brand,PF,CHI,74,2906,1215,0,2,0.0,578,1213,0.477,2000-2001
brandte01,Terrell Brandon,PG,MIN,78,2821,1134,33,91,0.363,478,1043,0.458,2000-2001
brownch01,Chucky Brown,SF,TOT,26,339,95,0,3,0.0,40,92,0.435,2000-2001
brownde01,Dee Brown,PG,ORL,7,155,44,12,32,0.375,4,12,0.333,2000-2001
brownpj01,P.J. Brown,C,CHH,80,2811,561,0,4,0.0,249,557,0.447,2000-2001
brownra02,Randy Brown,PG,BOS,54,1238,237,0,3,0.0,100,234,0.427,2000-2001
brunsri01,Rick Brunson,PG,TOT,22,208,54,2,14,0.143,16,40,0.4,2000-2001
bryanko01,Kobe Bryant*,SG,LAL,68,2783,1510,61,200,0.305,640,1310,0.489,2000-2001
bryanma01,Mark Bryant,PF,DAL,18,101,20,0,0,,8,20,0.4,2000-2001
buckngr01,Greg Buckner,SG,DAL,37,820,192,2,7,0.286,82,185,0.443,2000-2001
buechju01,Jud Buechler,SF,DET,57,737,164,32,77,0.416,44,87,0.506,2000-2001
buforro01,Rodney Buford,SF,PHI,47,573,241,16,38,0.421,88,203,0.433,2000-2001
bullama01,Matt Bullard,PF,HOU,61,1000,305,86,213,0.404,43,92,0.467,2000-2001
burresc01,Scott Burrell,SF,CHH,4,41,15,2,6,0.333,5,9,0.556,2000-2001
caffeja01,Jason Caffey,PF,MIL,70,1460,367,0,0,,179,367,0.488,2000-2001
cambyma01,Marcus Camby,C,NYK,63,2127,580,1,8,0.125,303,572,0.53,2000-2001
campbel01,Elden Campbell,PF,CHH,78,2337,834,0,6,0.0,367,828,0.443,2000-2001
cardibr01,Brian Cardinal,PF,DET,15,126,31,0,5,0.0,10,26,0.385,2000-2001
carrch01,Chris Carr,SG,BOS,35,309,112,17,37,0.459,36,75,0.48,2000-2001
cartean01,Anthony Carter,PG,MIA,72,1630,480,6,40,0.15,189,440,0.43,2000-2001
cartevi01,Vince Carter,SF,TOR,75,2979,1656,162,397,0.408,600,1259,0.477,2000-2001
cassesa01,Sam Cassell,PG,MIL,76,2709,1132,30,98,0.306,507,1034,0.49,2000-2001
catoke01,Kelvin Cato,C,HOU,35,624,111,0,0,,64,111,0.577,2000-2001
causwdu01,Duane Causwell,C,MIA,31,384,85,0,0,,32,85,0.376,2000-2001
cebalce01,Cedric Ceballos,SF,TOT,40,559,229,22,73,0.301,79,156,0.506,2000-2001
cheanca01,Calbert Cheaney,SG,DEN,9,153,30,0,0,,10,30,0.333,2000-2001
childch01,Chris Childs,PG,TOT,77,1859,335,32,106,0.302,103,229,0.45,2000-2001
chrisdo01,Doug Christie,SG,SAC,81,2939,788,94,250,0.376,217,538,0.403,2000-2001
clarkke01,Keon Clark,PF,TOT,81,1720,519,0,1,0.0,249,518,0.481,2000-2001
cleavma01,Mateen Cleaves,PG,DET,78,1268,400,5,17,0.294,155,383,0.405,2000-2001
cokerjo01,John Coker,C,GSW,6,32,8,0,0,,1,8,0.125,2000-2001
colemde01,Derrick Coleman,PF,CHH,34,683,255,20,51,0.392,77,204,0.377,2000-2001
colesbi01,Bimbo Coles,PG,CLE,47,804,239,2,16,0.125,89,223,0.399,2000-2001
collija02,Jason Collier,C,HOU,23,222,71,0,1,0.0,27,70,0.386,2000-2001
colsose01,Sean Colson,PG,TOT,13,44,24,1,5,0.2,5,19,0.263,2000-2001
corbity01,Tyrone Corbin,SF,TOR,15,117,38,0,5,0.0,9,33,0.273,2000-2001
crawfch01,Chris Crawford,PF,ATL,47,901,270,6,22,0.273,116,248,0.468,2000-2001
crawfja01,Jamal Crawford,PG,CHI,61,1050,304,41,117,0.35,66,187,0.353,2000-2001
croshau01,Austin Croshere,PF,IND,81,1874,701,70,207,0.338,206,494,0.417,2000-2001
crottjo01,John Crotty,PG,UTA,31,264,65,4,7,0.571,18,58,0.31,2000-2001
cummivo01,Vonteego Cummings,PG,GSW,66,1495,517,48,143,0.336,130,374,0.348,2000-2001
curlebi01,Bill Curley,PF,TOT,20,192,47,1,2,0.5,24,45,0.533,2000-2001
curryde01,Dell Curry,SG,TOR,71,956,382,62,145,0.428,100,237,0.422,2000-2001
currymi01,Michael Curry,SG,DET,68,1485,319,4,9,0.444,141,310,0.455,2000-2001
dampier01,Erick Dampier,C,GSW,43,1038,314,0,2,0.0,126,312,0.404,2000-2001
daniean01,Antonio Daniels,PG,SAS,79,2060,588,74,183,0.404,201,405,0.496,2000-2001
davidko01,Kornél Dávid,SF,TOT,27,209,51,0,0,,25,51,0.49,2000-2001
davisan01,Antonio Davis,C,TOR,78,2729,866,0,1,0.0,375,865,0.434,2000-2001
davisba01,Baron Davis,PG,CHH,82,3192,957,85,274,0.31,324,683,0.474,2000-2001
davisda01,Dale Davis,C,POR,81,2162,487,0,4,0.0,242,483,0.501,2000-2001
davisem01,Emanual Davis,SG,SEA,62,1290,318,50,127,0.394,83,191,0.435,2000-2001
davishu01,Hubert Davis,PG,TOT,66,1692,433,78,171,0.456,118,262,0.45,2000-2001
davisri01,Ricky Davis,SG,MIA,7,70,29,1,1,1.0,11,28,0.393,2000-2001
daviste01,Terry Davis,PF,DEN,19,228,25,0,0,,12,25,0.48,2000-2001
dayto01,Todd Day,SG,MIN,31,345,118,26,69,0.377,18,49,0.367,2000-2001
declean01,Andrew DeClercq,C,ORL,67,903,193,0,0,,107,193,0.554,2000-2001
delnevi01,Vinny Del Negro,PG,TOT,65,922,234,1,13,0.077,105,221,0.475,2000-2001
delkto01,Tony Delk,SG,PHO,82,2288,923,54,168,0.321,329,755,0.436,2000-2001
dialde01,Derrick Dial,SG,SAS,33,207,83,2,10,0.2,34,73,0.466,2000-2001
dickemi01,Michael Dickerson,SG,VAN,70,2618,1020,86,230,0.374,339,790,0.429,2000-2001
divacvl01,Vlade Divac*,C,SAC,81,2420,755,4,14,0.286,360,741,0.486,2000-2001
doleami01,Michael Doleac,C,ORL,77,1398,527,0,3,0.0,220,524,0.42,2000-2001
doolike01,Keyon Dooling,PG,LAC,76,1237,362,28,80,0.35,120,282,0.426,2000-2001
douglsh01,Sherman Douglas,PG,NJN,59,1094,303,8,40,0.2,114,263,0.433,2000-2001
drewbr01,Bryce Drew,PG,CHI,48,1305,327,40,105,0.381,84,222,0.378,2000-2001
dudlech02,Chris Dudley,C,PHO,53,613,73,0,0,,29,73,0.397,2000-2001
duncati01,Tim Duncan*,PF,SAS,82,3174,1406,7,27,0.259,695,1379,0.504,2000-2001
edneyty01,Tyus Edney,PG,IND,24,263,91,1,6,0.167,34,85,0.4,2000-2001
edwarke01,Kevin Edwards,SG,VAN,46,634,170,5,19,0.263,51,151,0.338,2000-2001
eisleho01,Howard Eisley,SG,DAL,82,2426,675,107,269,0.398,158,406,0.389,2000-2001
ekeziob01,Obinna Ekezie,PF,TOT,33,281,81,0,0,,32,81,0.395,2000-2001
elamikh01,Khalid El-Amin,PG,CHI,50,936,311,28,84,0.333,87,227,0.383,2000-2001
eliema01,Mario Elie,SG,PHO,68,1506,246,36,100,0.36,68,146,0.466,2000-2001
elliose01,Sean Elliott,SF,SAS,52,1229,339,55,129,0.426,92,210,0.438,2000-2001
ellisla01,LaPhonso Ellis,PF,MIN,82,1948,642,7,22,0.318,291,620,0.469,2000-2001
ellispe01,Pervis Ellison,C,SEA,9,40,7,0,0,,2,7,0.286,2000-2001
eschmev01,Evan Eschmeyer,C,NJN,74,1331,200,0,0,,92,200,0.46,2000-2001
ewingpa01,Patrick Ewing*,C,SEA,79,2107,684,0,2,0.0,294,682,0.431,2000-2001
feickja01,Jamie Feick,C,NJN,6,149,23,0,0,,8,23,0.348,2000-2001
ferryda01,Danny Ferry,SF,SAS,80,1688,375,70,156,0.449,108,219,0.493,2000-2001
finlemi01,Michael Finley,SF,DAL,82,3443,1552,91,263,0.346,620,1289,0.481,2000-2001
fishede01,Derek Fisher,PG,LAL,20,709,187,25,63,0.397,52,124,0.419,2000-2001
fizerma01,Marcus Fizer,PF,CHI,72,1580,646,10,39,0.256,268,607,0.442,2000-2001
fortsda01,Danny Fortson,PF,GSW,6,203,50,0,0,,29,50,0.58,2000-2001
fostegr01,Greg Foster,C,LAL,62,451,133,3,9,0.333,53,124,0.427,2000-2001
fosteje01,Jeff Foster,C,IND,71,1152,213,2,7,0.286,98,206,0.476,2000-2001
foxri01,Rick Fox,SF,LAL,82,2291,646,118,300,0.393,169,346,0.488,2000-2001
foylead01,Adonal Foyle,C,GSW,58,1457,375,0,0,,156,375,0.416,2000-2001
francst01,Steve Francis,PG,HOU,80,3194,1219,133,336,0.396,417,883,0.472,2000-2001
fulleto02,Todd Fuller,C,MIA,10,77,35,0,0,,10,35,0.286,2000-2001
fundela01,Lawrence Funderburke,PF,SAC,59,698,242,0,0,,120,242,0.496,2000-2001
garceru01,Rubén Garcés,PF,TOT,13,73,22,0,0,,7,22,0.318,2000-2001
garnech01,Chris Garner,PG,GSW,8,149,37,0,7,0.0,7,30,0.233,2000-2001
garneke01,Kevin Garnett*,PF,MIN,81,3202,1475,19,66,0.288,685,1409,0.486,2000-2001
garrede01,Dean Garrett,C,MIN,70,831,156,0,0,,75,156,0.481,2000-2001
garripa01,Pat Garrity,SF,ORL,76,1579,576,97,224,0.433,126,352,0.358,2000-2001
gatlich01,Chris Gatling,PF,CLE,74,1670,733,28,92,0.304,301,641,0.47,2000-2001
geigema01,Matt Geiger,C,PHI,35,542,224,0,2,0.0,88,222,0.396,2000-2001
georgde01,Devean George,SF,LAL,59,593,207,15,68,0.221,49,139,0.353,2000-2001
gilled01,Eddie Gill,PG,NJN,8,152,41,3,9,0.333,13,32,0.406,2000-2001
gillke01,Kendall Gill,SG,NJN,31,892,323,4,14,0.286,103,309,0.333,2000-2001
glovedi01,Dion Glover,SG,ATL,57,929,336,9,46,0.196,132,290,0.455,2000-2001
goldwan01,Anthony Goldwire,PG,DEN,20,201,80,9,34,0.265,21,46,0.457,2000-2001
goodrst01,Steve Goodrich,PF,CHI,12,133,18,1,3,0.333,6,15,0.4,2000-2001
grantbr01,Brian Grant,C,MIA,82,2771,1010,0,1,0.0,484,1009,0.48,2000-2001
grantga01,Gary Grant,PG,POR,4,17,7,0,0,,5,7,0.714,2000-2001
grantho01,Horace Grant,PF,LAL,77,2390,569,0,3,0.0,263,566,0.465,2000-2001
greenac01,A.C. Green,PF,MIA,82,1411,324,0,6,0.0,144,318,0.453,2000-2001
griffad01,Adrian Griffin,SF,BOS,44,377,97,9,26,0.346,24,71,0.338,2000-2001
guglito01,Tom Gugliotta,PF,PHO,57,1159,380,3,12,0.25,146,368,0.397,2000-2001
guytoaj01,A.J. Guyton,PG,CHI,33,630,192,27,69,0.391,51,123,0.415,2000-2001
hamda01,Darvin Ham,SF,MIL,29,540,80,2,3,0.667,37,77,0.481,2000-2001
hamilri01,Richard Hamilton,SF,WAS,78,2519,1249,40,146,0.274,507,1103,0.46,2000-2001
hamilze01,Zendon Hamilton,C,LAC,3,19,9,0,0,,2,9,0.222,2000-2001
hammoto01,Tom Hammonds,PF,MIN,7,30,10,0,0,,3,10,0.3,2000-2001
hardaan01,Anfernee Hardaway,SG,PHO,4,112,36,2,8,0.25,13,28,0.464,2000-2001
hardati01,Tim Hardaway,PG,MIA,77,2613,1042,189,517,0.366,219,525,0.417,2000-2001
harpero01,Ron Harper,PG,LAL,47,1139,271,19,72,0.264,108,199,0.543,2000-2001
harprma01,Matt Harpring,SG,CLE,56,1615,524,13,52,0.25,225,472,0.477,2000-2001
harrial01,Al Harrington,PF,IND,78,1892,543,1,7,0.143,240,536,0.448,2000-2001
harriot01,Othella Harrington,C,TOT,74,1815,507,0,3,0.0,247,504,0.49,2000-2001
harrilu01,Lucious Harris,SG,NJN,73,2071,624,46,132,0.348,219,492,0.445,2000-2001
hartja01,Jason Hart,PG,MIL,1,10,1,0,0,,1,1,1.0,2000-2001
harvean01,Antonio Harvey,PF,POR,12,72,28,0,0,,13,28,0.464,2000-2001
harvedo01,Donnell Harvey,PF,DAL,18,65,14,0,0,,8,14,0.571,2000-2001
hawkihe01,Hersey Hawkins,SG,CHH,59,681,137,17,46,0.37,39,91,0.429,2000-2001
hawkimi01,Michael Hawkins,PG,CLE,10,76,9,2,4,0.5,1,5,0.2,2000-2001
hendeal01,Alan Henderson,PF,ATL,73,1810,671,0,1,0.0,298,670,0.445,2000-2001
hendece02,Cedric Henderson,SF,CLE,55,961,262,1,8,0.125,101,254,0.398,2000-2001
herrech01,Chris Herren,PG,BOS,25,408,96,16,55,0.291,13,41,0.317,2000-2001
hillgr01,Grant Hill*,SF,ORL,4,133,43,1,1,1.0,18,42,0.429,2000-2001
hillty01,Tyrone Hill,PF,PHI,76,2363,587,0,1,0.0,278,586,0.474,2000-2001
hoibefr01,Fred Hoiberg,SG,CHI,74,2247,495,103,250,0.412,114,245,0.465,2000-2001
horryro01,Robert Horry,PF,LAL,79,1587,380,54,156,0.346,93,224,0.415,2000-2001
houseed01,Eddie House,PG,MIA,50,550,247,19,55,0.345,85,192,0.443,2000-2001
houstal01,Allan Houston,SG,NYK,78,2858,1208,96,252,0.381,446,956,0.467,2000-2001
howarju01,Juwan Howard,PF,TOT,81,2974,1218,0,3,0.0,583,1215,0.48,2000-2001
hudsotr01,Troy Hudson,PG,ORL,75,1008,372,22,109,0.202,103,263,0.392,2000-2001
hughela01,Larry Hughes,SG,GSW,50,1846,805,14,75,0.187,294,730,0.403,2000-2001
hunteli01,Lindsey Hunter,PG,MIL,82,2002,783,152,407,0.373,146,376,0.388,2000-2001
ilgauzy01,Zydrunas Ilgauskas,C,CLE,24,616,234,0,2,0.0,114,232,0.491,2000-2001
iversal01,Allen Iverson*,SG,PHI,71,2979,1813,98,306,0.32,664,1507,0.441,2000-2001
jacksbo01,Bobby Jackson,PG,SAC,79,1648,526,39,104,0.375,192,422,0.455,2000-2001
jacksja01,Jaren Jackson,SG,SAS,16,114,40,7,18,0.389,9,22,0.409,2000-2001
jacksji01,Jim Jackson,SF,TOT,56,1690,632,26,80,0.325,213,552,0.386,2000-2001
jacksma02,Marc Jackson,C,GSW,48,1410,508,5,23,0.217,232,485,0.478,2000-2001
jacksma01,Mark Jackson,PG,TOT,83,2588,583,70,207,0.338,174,376,0.463,2000-2001
jacksst02,Stephen Jackson,SF,NJN,77,1660,572,52,155,0.335,191,417,0.458,2000-2001
jacobsa01,Sam Jacobson,PG,MIN,14,59,18,0,0,,9,18,0.5,2000-2001
jamesti01,Tim James,SF,CHH,30,197,52,1,3,0.333,15,49,0.306,2000-2001
jamisan01,Antawn Jamison,SF,GSW,82,3394,1812,62,205,0.302,738,1607,0.459,2000-2001
johnsan02,Anthony Johnson,PG,TOT,53,511,152,1,5,0.2,52,147,0.354,2000-2001
johnsav01,Avery Johnson,PG,SAS,55,1290,300,1,6,0.167,133,294,0.452,2000-2001
johnsde03,DerMarr Johnson,SF,ATL,78,1313,390,41,127,0.323,105,263,0.399,2000-2001
johnser02,Ervin Johnson,C,MIL,82,1981,198,0,0,,108,198,0.545,2000-2001
johnsla02,Larry Johnson,PF,NYK,65,2105,598,51,163,0.313,195,435,0.448,2000-2001
jonesda01,Damon Jones,PG,VAN,71,1415,416,84,231,0.364,86,185,0.465,2000-2001
jonesed02,Eddie Jones,SG,MIA,63,2282,871,90,238,0.378,298,633,0.471,2000-2001
jonesju01,Jumaine Jones,SF,PHI,65,866,275,20,60,0.333,102,215,0.474,2000-2001
jonespo01,Popeye Jones,PF,WAS,45,638,153,1,6,0.167,59,147,0.401,2000-2001
josepga01,Garth Joseph,C,TOT,4,16,5,0,0,,1,5,0.2,2000-2001
keefead01,Adam Keefe,PF,GSW,67,836,159,1,3,0.333,63,156,0.404,2000-2001
kempsh01,Shawn Kemp,PF,POR,68,1083,413,4,11,0.364,164,402,0.408,2000-2001
kerrst01,Steve Kerr,PG,SAS,55,650,159,33,77,0.429,34,82,0.415,2000-2001
kerseje01,Jerome Kersey,SF,MIL,22,243,69,0,1,0.0,32,68,0.471,2000-2001
ketnela01,Lari Ketner,PF,IND,3,7,0,0,0,,0,0,,2000-2001
kiddja01,Jason Kidd*,PG,PHO,77,3065,1097,69,232,0.297,382,865,0.442,2000-2001
kingge02,Gerard King,SF,WAS,45,706,176,0,0,,90,176,0.511,2000-2001
knighbr01,Brevin Knight,PG,TOT,53,1457,371,1,10,0.1,138,361,0.382,2000-2001
knightr01,Travis Knight,C,NYK,45,256,53,0,1,0.0,10,52,0.192,2000-2001
kukocto01,Toni Kukoč*,SF,TOT,65,1597,582,70,157,0.446,205,425,0.482,2000-2001
laettch01,Christian Laettner,C,TOT,78,1663,551,4,13,0.308,273,538,0.507,2000-2001
lafrera01,Raef LaFrentz,C,DEN,78,2457,812,51,139,0.367,336,673,0.499,2000-2001
langdtr01,Trajan Langdon,SG,CLE,65,1116,313,51,124,0.411,84,189,0.444,2000-2001
langhda01,Dan Langhi,SF,HOU,33,241,99,0,1,0.0,37,98,0.378,2000-2001
lenarvo01,Voshon Lenard,SG,DEN,80,2331,846,147,382,0.385,189,464,0.407,2000-2001
lewisqu01,Quincy Lewis,SF,UTA,35,402,123,9,25,0.36,41,98,0.418,2000-2001
lewisra02,Rashard Lewis,PF,SEA,78,2720,887,123,285,0.432,303,602,0.503,2000-2001
livinra01,Randy Livingston,PG,GSW,2,7,2,0,1,0.0,0,1,0.0,2000-2001
longar01,Art Long,PF,SAC,9,20,4,0,0,,0,4,0.0,2000-2001
longgr01,Grant Long,PF,VAN,66,1507,319,4,15,0.267,136,304,0.447,2000-2001
longllu01,Luc Longley,C,NYK,25,301,54,0,0,,18,54,0.333,2000-2001
lopezfe01,Felipe López,SG,TOT,70,1565,478,19,52,0.365,192,426,0.451,2000-2001
luety01,Tyronn Lue,PG,LAL,38,468,117,11,34,0.324,39,83,0.47,2000-2001
lynchge01,George Lynch,SF,PHI,82,2649,616,15,57,0.263,259,559,0.463,2000-2001
maccuto01,Todd MacCulloch,C,PHI,63,597,185,0,0,,109,185,0.589,2000-2001
macledo01,Don MacLean,SF,MIA,8,76,20,2,2,1.0,8,18,0.444,2000-2001
madsema01,Mark Madsen,PF,LAL,70,641,113,1,1,1.0,54,112,0.482,2000-2001
maggeco01,Corey Maggette,SF,LAC,69,1359,487,17,56,0.304,208,431,0.483,2000-2001
magloja01,Jamaal Magloire,C,CHH,74,1095,271,0,2,0.0,122,269,0.454,2000-2001
majerda01,Dan Majerle,SG,MIA,53,1306,259,57,181,0.315,30,78,0.385,2000-2001
malonka01,Karl Malone*,PF,UTA,81,2895,1345,2,5,0.4,668,1340,0.499,2000-2001
malonma01,Matt Maloney,PG,ATL,55,1403,348,51,142,0.359,95,206,0.461,2000-2001
mannida01,Danny Manning,PF,UTA,82,1305,500,7,28,0.25,240,472,0.508,2000-2001
marbust01,Stephon Marbury,PG,NJN,67,2557,1277,110,335,0.328,453,942,0.481,2000-2001
mariosh01,Shawn Marion,SF,PHO,79,2857,1160,21,82,0.256,536,1078,0.497,2000-2001
marshdo01,Donyell Marshall,SF,UTA,81,2326,849,41,128,0.32,386,721,0.535,2000-2001
martida01,Darrick Martin,PG,SAC,31,176,76,14,27,0.519,15,49,0.306,2000-2001
martike01,Kenyon Martin,PF,NJN,68,2272,777,1,11,0.091,345,766,0.45,2000-2001
mashbja01,Jamal Mashburn,SF,CHH,76,2989,1388,103,289,0.356,470,1099,0.428,2000-2001
masonan01,Anthony Mason,PF,MIA,80,3254,954,0,0,,460,954,0.482,2000-2001
masonde01,Desmond Mason,SF,SEA,78,1522,439,18,67,0.269,171,372,0.46,2000-2001
masseto01,Tony Massenburg,PF,VAN,52,823,199,0,0,,92,199,0.462,2000-2001
maxweve01,Vernon Maxwell,PG,TOT,43,660,223,34,111,0.306,39,112,0.348,2000-2001
mccarwa01,Walter McCarty,PF,BOS,60,478,126,19,56,0.339,26,70,0.371,2000-2001
mcclida01,Dan McClintock,C,DEN,6,58,18,0,0,,9,18,0.5,2000-2001
mccloge01,George McCloud,SF,DEN,76,2007,655,77,234,0.329,173,421,0.411,2000-2001
mccoyje01,Jelani McCoy,C,SEA,70,1143,264,0,0,,138,264,0.523,2000-2001
mcdyean01,Antonio McDyess,PF,DEN,70,2555,1165,0,0,,577,1165,0.495,2000-2001
mcgratr01,Tracy McGrady*,SG,ORL,77,3087,1724,59,166,0.355,729,1558,0.468,2000-2001
mcilvji01,Jim McIlvaine,C,NJN,18,193,28,0,0,,10,28,0.357,2000-2001
mcinnje01,Jeff McInnis,PG,LAC,81,2831,933,52,144,0.361,380,789,0.482,2000-2001
mckeyde01,Derrick McKey,SF,IND,66,987,136,4,20,0.2,56,116,0.483,2000-2001
mckieaa01,Aaron McKie,SG,PHI,76,2394,714,53,170,0.312,285,544,0.524,2000-2001
mcleoro01,Roshown McLeod,SF,TOT,35,922,332,2,22,0.091,143,310,0.461,2000-2001
mcphepa01,Paul McPherson,PG,TOT,55,595,216,2,12,0.167,107,204,0.525,2000-2001
medvest01,Stanislav Medvedenko,PF,LAL,7,39,25,1,1,1.0,11,24,0.458,2000-2001
mercero01,Ron Mercer,SG,CHI,61,2535,1121,14,46,0.304,486,1075,0.452,2000-2001
mihmch01,Chris Mihm,C,CLE,59,1166,391,0,1,0.0,173,390,0.444,2000-2001
milesda01,Darius Miles,SF,LAC,81,2133,630,1,19,0.053,317,611,0.519,2000-2001
millean02,Andre Miller,PG,CLE,82,2848,999,17,64,0.266,435,935,0.465,2000-2001
millean01,Anthony Miller,PF,TOT,4,11,2,0,0,,1,2,0.5,2000-2001
millebr01,Brad Miller,C,CHI,57,1434,386,1,5,0.2,167,381,0.438,2000-2001
millemi01,Mike Miller,SF,ORL,82,2390,845,148,364,0.407,220,481,0.457,2000-2001
millere01,Reggie Miller*,SG,IND,81,3181,1176,170,464,0.366,347,712,0.487,2000-2001
millsch01,Chris Mills,SF,GSW,15,493,191,7,25,0.28,64,166,0.386,2000-2001
millste01,Terry Mills,PF,IND,14,113,34,3,17,0.176,8,17,0.471,2000-2001
mitchsa01,Sam Mitchell,SF,MIN,82,983,289,9,43,0.209,109,246,0.443,2000-2001
moblecu01,Cuttino Mobley,SG,HOU,79,3002,1214,90,252,0.357,437,962,0.454,2000-2001
mohamna01,Nazr Mohammed,C,TOT,58,912,369,0,1,0.0,176,368,0.478,2000-2001
moisoje01,Jérôme Moïso,C,BOS,24,135,30,0,1,0.0,12,29,0.414,2000-2001
montrer01,Eric Montross,C,TOT,54,649,138,0,0,,56,138,0.406,2000-2001
mooremi01,Mikki Moore,C,DET,81,1154,268,0,1,0.0,132,267,0.494,2000-2001
mottoha01,Hanno Möttölä,SF,ATL,73,989,277,0,3,0.0,123,274,0.449,2000-2001
mournal01,Alonzo Mourning*,C,MIA,13,306,141,0,1,0.0,73,140,0.521,2000-2001
mullich01,Chris Mullin*,SF,GSW,20,374,106,19,52,0.365,17,54,0.315,2000-2001
murrala01,Lamond Murray,SF,CLE,78,2225,925,61,165,0.37,330,760,0.434,2000-2001
murratr01,Tracy Murray,SF,TOT,51,588,248,36,103,0.35,58,145,0.4,2000-2001
mutomdi01,Dikembe Mutombo*,C,TOT,75,2591,556,0,0,,269,556,0.484,2000-2001
ndiayma02,Mamadou N'Diaye,C,TOR,3,10,4,0,0,,1,4,0.25,2000-2001
nailole01,Lee Nailon,SF,CHH,42,469,136,0,1,0.0,66,135,0.489,2000-2001
najered01,Eduardo Nájera,PF,DAL,40,431,111,1,3,0.333,57,108,0.528,2000-2001
nashst01,Steve Nash*,PG,DAL,70,2387,792,89,219,0.406,297,573,0.518,2000-2001
nesbyty01,Tyrone Nesby,SF,TOT,62,1556,530,49,180,0.272,140,350,0.4,2000-2001
nestera01,Rasho Nesterović,C,MIN,73,1233,319,0,1,0.0,147,318,0.462,2000-2001
newblir01,Ira Newble,SF,SAS,27,184,55,4,9,0.444,17,46,0.37,2000-2001
newmajo01,Johnny Newman,SG,NJN,82,2049,695,59,176,0.335,232,519,0.447,2000-2001
norrimo01,Moochie Norris,PG,HOU,82,1654,413,25,89,0.281,159,324,0.491,2000-2001
nowitdi01,Dirk Nowitzki,PF,DAL,82,3125,1247,151,390,0.387,440,857,0.513,2000-2001
onealje01,Jermaine O'Neal,C,IND,81,2641,868,0,5,0.0,404,863,0.468,2000-2001
onealsh01,Shaquille O'Neal*,C,LAL,74,2924,1422,0,2,0.0,813,1420,0.573,2000-2001
oaklech01,Charles Oakley,PF,TOR,78,2767,786,11,49,0.224,294,737,0.399,2000-2001
odomla01,Lamar Odom,PF,LAC,76,2836,1046,80,253,0.316,401,793,0.506,2000-2001
olajuha01,Hakeem Olajuwon*,C,HOU,58,1545,568,0,1,0.0,283,567,0.499,2000-2001
ollieke01,Kevin Ollie,PG,TOT,70,925,192,1,3,0.333,75,189,0.397,2000-2001
olowomi01,Michael Olowokandi,C,LAC,82,2127,708,0,0,,308,708,0.435,2000-2001
ostergr01,Greg Ostertag,C,UTA,81,1491,281,1,2,0.5,138,279,0.495,2000-2001
outlabo01,Bo Outlaw,PF,ORL,80,2534,368,1,2,0.5,225,366,0.615,2000-2001
overtdo01,Doug Overton,PG,TOT,21,475,139,11,36,0.306,41,103,0.398,2000-2001
owensbi01,Billy Owens,PF,DET,45,793,230,3,20,0.15,85,210,0.405,2000-2001
oyedeol01,Olumide Oyedeji,C,SEA,30,221,37,0,0,,18,37,0.486,2000-2001
packro01,Robert Pack,PG,DEN,74,1260,426,12,31,0.387,169,395,0.428,2000-2001
padgesc01,Scott Padgett,PF,UTA,27,127,43,5,9,0.556,13,34,0.382,2000-2001
palacmi01,Milt Palacio,PG,BOS,58,1141,267,12,36,0.333,114,231,0.494,2000-2001
pankoan01,Andy Panko,SF,ATL,1,1,0,0,0,,0,0,,2000-2001
parksch02,Cherokee Parks,C,TOT,65,1054,274,0,6,0.0,134,268,0.5,2000-2001
patteru01,Ruben Patterson,SF,SEA,76,2059,749,2,36,0.056,368,713,0.516,2000-2001
paytoga01,Gary Payton*,PG,SEA,79,3244,1591,102,272,0.375,623,1319,0.472,2000-2001
peelean01,Anthony Peeler,SG,MIN,75,2126,732,100,256,0.391,208,476,0.437,2000-2001
penbemi01,Mike Penberthy,PG,LAL,53,851,222,55,139,0.396,37,83,0.446,2000-2001
perduwi01,Will Perdue,C,POR,13,58,9,0,0,,6,9,0.667,2000-2001
perkisa01,Sam Perkins,PF,IND,64,999,226,38,110,0.345,48,116,0.414,2000-2001
perryel01,Elliot Perry,PG,TOT,49,499,140,1,5,0.2,64,135,0.474,2000-2001
persowe01,Wesley Person,SG,CLE,44,958,292,34,84,0.405,94,208,0.452,2000-2001
petermo01,Morris Peterson,SG,TOR,80,1809,673,63,165,0.382,227,508,0.447,2000-2001
piatker01,Eric Piatkowski,SG,LAC,81,2144,672,120,297,0.404,171,375,0.456,2000-2001
piercpa01,Paul Pierce*,SF,BOS,82,3120,1513,147,384,0.383,540,1129,0.478,2000-2001
pippesc01,Scottie Pippen*,SF,POR,64,2133,596,64,186,0.344,205,410,0.5,2000-2001
pollasc01,Scot Pollard,C,SAC,77,1658,395,0,2,0.0,185,393,0.471,2000-2001
polynol01,Olden Polynice,C,UTA,81,1619,415,0,1,0.0,206,414,0.498,2000-2001
popema01,Mark Pope,PF,MIL,63,942,142,5,24,0.208,57,118,0.483,2000-2001
portech01,Chris Porter,SF,GSW,51,1147,445,0,5,0.0,173,440,0.393,2000-2001
portete01,Terry Porter,PG,SAS,80,1678,440,87,205,0.424,110,235,0.468,2000-2001
poseyja01,James Posey,SF,DEN,82,2255,590,65,217,0.3,178,373,0.477,2000-2001
postela01,Lavor Postell,SG,NYK,26,169,54,3,11,0.273,14,43,0.326,2000-2001
potapvi01,Vitaly Potapenko,C,BOS,82,1901,521,0,0,,248,521,0.476,2000-2001
pricebr01,Brent Price,PG,VAN,6,30,11,1,4,0.25,2,7,0.286,2000-2001
profila01,Laron Profit,PG,WAS,35,605,142,7,26,0.269,49,116,0.422,2000-2001
przybjo01,Joel Przybilla,C,MIL,33,270,35,0,0,,12,35,0.343,2000-2001
ratlith01,Theo Ratliff,C,PHI,50,1800,457,0,0,,228,457,0.499,2000-2001
recasel01,Eldridge Recasner,PG,CHH,43,403,114,13,39,0.333,25,75,0.333,2000-2001
reddmi01,Michael Redd,SG,MIL,6,35,19,0,3,0.0,5,16,0.313,2000-2001
reevebr01,Bryant Reeves,C,VAN,75,1832,552,1,4,0.25,253,548,0.462,2000-2001
reiddo01,Don Reid,PF,ORL,65,764,145,0,0,,82,145,0.566,2000-2001
reidjr01,J.R. Reid,PF,CLE,6,39,5,0,0,,2,5,0.4,2000-2001
ricegl01,Glen Rice,SF,NYK,75,2212,752,82,211,0.389,249,541,0.46,2000-2001
richaqu01,Quentin Richardson,SG,LAC,76,1358,525,50,151,0.331,182,374,0.487,2000-2001
richmmi01,Mitch Richmond*,SG,WAS,37,1216,504,45,133,0.338,160,371,0.431,2000-2001
rideris01,Isaiah Rider,SG,LAL,67,1206,472,34,92,0.37,167,380,0.439,2000-2001
roberte01,Terrance Roberson,SF,CHH,3,13,2,0,1,0.0,0,1,0.0,2000-2001
robincl02,Clifford Robinson,PF,PHO,82,2751,1186,90,249,0.361,411,937,0.439,2000-2001
robinda01,David Robinson*,C,SAS,80,2371,823,0,1,0.0,400,822,0.487,2000-2001
robined01,Eddie Robinson,SF,CHH,67,1201,407,2,4,0.5,214,403,0.531,2000-2001
robingl01,Glenn Robinson,SF,MIL,76,2813,1460,55,184,0.299,629,1276,0.493,2000-2001
robinja03,Jamal Robinson,SF,MIA,6,72,22,0,2,0.0,3,20,0.15,2000-2001
robinja02,James Robinson,PG,ORL,6,50,11,2,5,0.4,2,6,0.333,2000-2001
robinla01,Larry Robinson,PG,TOT,34,632,184,44,116,0.379,23,68,0.338,2000-2001
rogerca01,Carlos Rogers,C,HOU,39,544,110,0,1,0.0,75,109,0.688,2000-2001
rogerro01,Rodney Rogers,SF,PHO,82,2183,876,56,189,0.296,321,687,0.467,2000-2001
rooksse01,Sean Rooks,C,LAC,82,1553,395,1,2,0.5,168,393,0.427,2000-2001
roseja01,Jalen Rose,SF,IND,72,2943,1242,59,174,0.339,508,1068,0.476,2000-2001
rosema01,Malik Rose,PF,SAS,57,1219,368,3,17,0.176,157,351,0.447,2000-2001
ruffimi01,Michael Ruffin,PF,CHI,45,879,90,0,0,,40,90,0.444,2000-2001
russebr01,Bryon Russell,SF,UTA,78,2473,700,95,230,0.413,213,470,0.453,2000-2001
sabonar01,Arvydas Sabonis*,C,POR,61,1299,516,1,15,0.067,246,501,0.491,2000-2001
samakso01,Soumaila Samake,C,NJN,34,226,48,0,0,,18,48,0.375,2000-2001
sanchpe01,Pepe Sánchez,PG,TOT,29,150,28,0,1,0.0,9,27,0.333,2000-2001
santida01,Daniel Santiago,C,PHO,54,581,134,0,0,,64,134,0.478,2000-2001
schrede01,Detlef Schrempf,SF,POR,26,397,95,3,8,0.375,36,87,0.414,2000-2001
scottsh01,Shawnelle Scott,C,SAS,27,144,41,0,0,,17,41,0.415,2000-2001
shawbr01,Brian Shaw,SG,LAL,80,1833,411,42,135,0.311,122,276,0.442,2000-2001
skinnbr01,Brian Skinner,PF,LAC,39,584,161,0,0,,64,161,0.398,2000-2001
slatere01,Reggie Slater,PF,MIN,55,686,175,0,0,,90,175,0.514,2000-2001
smithja01,Jabari Smith,C,SAC,9,66,22,0,0,,11,22,0.5,2000-2001
smithjo02,Joe Smith,PF,DET,69,1941,765,0,5,0.0,308,760,0.405,2000-2001
smithmi02,Michael Smith,PF,WAS,79,1610,218,0,1,0.0,106,217,0.488,2000-2001
smithmi03,Mike Smith,SF,WAS,17,180,59,3,18,0.167,16,41,0.39,2000-2001
smithst01,Steve Smith,SG,POR,81,2542,788,78,230,0.339,281,558,0.504,2000-2001
smithto02,Tony Smith,SG,ATL,6,78,23,0,2,0.0,8,21,0.381,2000-2001
snower01,Eric Snow,PG,PHI,50,1740,435,5,19,0.263,177,416,0.425,2000-2001
spencfe01,Felton Spencer,C,NYK,18,113,20,0,0,,12,20,0.6,2000-2001
sprewla01,Latrell Sprewell,SF,NYK,77,3017,1219,41,135,0.304,483,1084,0.446,2000-2001
stackje01,Jerry Stackhouse,SG,DET,80,3215,1927,166,473,0.351,608,1454,0.418,2000-2001
starkjo01,John Starks,SG,UTA,75,2122,686,64,182,0.352,209,504,0.415,2000-2001
stepavl01,Vladimir Stepania,C,NJN,29,280,88,1,4,0.25,27,84,0.321,2000-2001
stevede01,DeShawn Stevenson,SG,UTA,40,293,91,1,12,0.083,30,79,0.38,2000-2001
stewami01,Michael Stewart,C,TOR,26,123,34,0,0,,11,34,0.324,2000-2001
stithbr01,Bryant Stith,SG,BOS,78,2504,611,91,242,0.376,154,369,0.417,2000-2001
stockjo01,John Stockton*,PG,UTA,82,2397,651,61,132,0.462,267,519,0.514,2000-2001
stojape01,Peja Stojaković,SF,SAC,75,2905,1189,144,360,0.4,415,829,0.501,2000-2001
stoudda01,Damon Stoudamire,PG,POR,82,2655,935,82,219,0.374,324,716,0.453,2000-2001
stricer01,Erick Strickland,PG,TOT,50,830,267,30,95,0.316,51,172,0.297,2000-2001
stricma01,Mark Strickland,SF,TOT,55,719,239,1,2,0.5,102,237,0.43,2000-2001
stricro02,Rod Strickland,PG,TOT,54,1371,429,4,17,0.235,178,412,0.432,2000-2001
stronde01,Derek Strong,PF,LAC,28,491,117,0,1,0.0,45,116,0.388,2000-2001
sundobr01,Bruno Šundov,C,IND,11,120,41,0,4,0.0,20,37,0.541,2000-2001
surabo01,Bob Sura,SG,GSW,53,1684,518,47,172,0.273,155,346,0.448,2000-2001
swiftst01,Stromile Swift,PF,VAN,80,1312,339,0,4,0.0,153,335,0.457,2000-2001
szczewa02,Wally Szczerbiak,SF,MIN,82,2856,920,26,77,0.338,443,843,0.526,2000-2001
tabakza01,Žan Tabak,C,IND,55,777,186,0,0,,98,186,0.527,2000-2001
tarladr01,Dragan Tarlać,C,CHI,43,598,99,0,0,,39,99,0.394,2000-2001
tayloma01,Maurice Taylor,SF,HOU,69,1972,797,0,4,0.0,390,793,0.492,2000-2001
terryja01,Jason Terry,SG,ATL,82,3089,1367,124,314,0.395,472,1053,0.448,2000-2001
thomaja01,Jamel Thomas,SF,NJN,5,56,19,1,3,0.333,5,16,0.313,2000-2001
thomake01,Kenny Thomas,PF,HOU,74,1820,465,25,92,0.272,181,373,0.485,2000-2001
thomaku01,Kurt Thomas,PF,NYK,77,2125,614,1,3,0.333,313,611,0.512,2000-2001
thomati01,Tim Thomas,PF,MIL,76,2086,758,107,260,0.412,219,498,0.44,2000-2001
thorpot01,Otis Thorpe,PF,CHH,49,647,131,0,0,,59,131,0.45,2000-2001
traylro01,Robert Traylor,C,CLE,70,1212,324,0,2,0.0,161,322,0.5,2000-2001
trentga01,Gary Trent,PF,DAL,33,319,130,0,1,0.0,57,129,0.442,2000-2001
tsakaja01,Jake Tsakalidis,C,PHO,57,947,215,0,0,,101,215,0.47,2000-2001
turkohe01,Hedo Türkoğlu,SF,SAC,74,1245,335,28,86,0.326,110,249,0.442,2000-2001
vanexni01,Nick Van Exel,PG,DEN,71,2688,1112,135,358,0.377,325,754,0.431,2000-2001
vanhoke01,Keith Van Horn,SF,NJN,49,1733,708,65,170,0.382,243,538,0.452,2000-2001
vanteda01,David Vanterpool,PG,WAS,22,411,110,0,6,0.0,46,104,0.442,2000-2001
vaughja01,Jacque Vaughn,PG,UTA,82,1620,393,30,78,0.385,140,315,0.444,2000-2001
vaughlo01,Loy Vaught,PF,TOT,51,549,169,0,0,,80,169,0.473,2000-2001
voskuja01,Jake Voskuhl,C,CHI,16,143,25,0,0,,11,25,0.44,2000-2001
walkean02,Antoine Walker,PF,BOS,81,3396,1720,221,603,0.367,490,1117,0.439,2000-2001
walkesa01,Samaki Walker,PF,SAS,61,963,252,1,3,0.333,120,249,0.482,2000-2001
wallabe01,Ben Wallace*,C,DET,80,2760,439,1,4,0.25,214,435,0.492,2000-2001
wallajo01,John Wallace,SF,DET,40,527,236,2,15,0.133,98,221,0.443,2000-2001
wallara01,Rasheed Wallace,PF,POR,77,2940,1178,52,162,0.321,538,1016,0.53,2000-2001
wardch01,Charlie Ward,PG,NYK,61,1492,373,67,175,0.383,88,198,0.444,2000-2001
weathcl01,Clarence Weatherspoon,PF,CLE,82,2774,692,0,0,,347,692,0.501,2000-2001
webbech01,Chris Webber*,PF,SAC,70,2836,1635,2,28,0.071,784,1607,0.488,2000-2001
wellsbo01,Bonzi Wells,SF,POR,75,1995,726,17,50,0.34,370,676,0.547,2000-2001
wesleda01,David Wesley,SG,CHH,82,3106,1239,97,258,0.376,426,981,0.434,2000-2001
westdo01,Doug West,SG,VAN,15,171,38,0,2,0.0,11,36,0.306,2000-2001
whiteja01,Jahidi White,C,WAS,68,1609,408,0,1,0.0,203,407,0.499,2000-2001
whitnch01,Chris Whitney,PG,WAS,59,1532,470,93,248,0.375,89,222,0.401,2000-2001
williaa01,Aaron Williams,PF,NJN,82,2336,650,0,2,0.0,297,648,0.458,2000-2001
willial02,Alvin Williams,SG,TOR,82,2394,767,33,108,0.306,297,659,0.451,2000-2001
willier01,Eric Williams,SF,BOS,81,1745,448,46,139,0.331,116,309,0.375,2000-2001
willija02,Jason Williams,PG,SAC,77,2290,690,98,311,0.315,183,379,0.483,2000-2001
willije01,Jerome Williams,PF,TOT,59,1182,294,0,3,0.0,136,291,0.467,2000-2001
willimo01,Monty Williams,SF,ORL,82,1211,364,1,13,0.077,161,351,0.459,2000-2001
willisc01,Scott Williams,C,MIL,66,1272,361,1,4,0.25,170,357,0.476,2000-2001
willish01,Shammond Williams,PG,SEA,69,1238,368,61,133,0.459,100,235,0.426,2000-2001
williwa02,Walt Williams,SF,HOU,72,1583,513,98,248,0.395,104,265,0.392,2000-2001
willico02,Corliss Williamson,SF,TOT,69,1686,647,0,2,0.0,325,645,0.504,2000-2001
willike02,Kevin Willis,C,TOT,78,1830,690,1,6,0.167,303,684,0.443,2000-2001
wingada01,David Wingate,SG,SEA,1,9,3,0,0,,3,3,1.0,2000-2001
wolkoru01,Rubén Wolkowyski,PF,SEA,34,305,79,0,2,0.0,25,77,0.325,2000-2001
artesro01,Metta World Peace,SF,CHI,76,2363,815,43,148,0.291,284,667,0.426,2000-2001
wrighlo02,Lorenzen Wright,C,ATL,71,1988,811,0,2,0.0,363,809,0.449,2000-2001
zhizhwa01,Wang Zhizhi,C,DAL,5,38,19,0,2,0.0,8,17,0.471,2000-2001
