PlayerID,Player,Pos,Tm,G,MP,FGA,3P,3PA,3P%,2P,2PA,2P%,Season
abdulta01,Tariq Abdul-Wahad,SG,TOT,24,441,147,1,2,0.5,54,145,0.372,2001-2002
abdursh01,Shareef Abdur-Rahim,PF,ATL,77,2980,1297,21,70,0.3,577,1227,0.47,2001-2002
alexaco02,Courtney Alexander,SG,WAS,56,1325,474,5,18,0.278,218,456,0.478,2001-2002
alexavi01,Victor Alexander,C,DET,15,97,51,0,2,0.0,18,49,0.367,2001-2002
allenma01,Malik Allen,PF,MIA,12,161,51,0,1,0.0,22,50,0.44,2001-2002
allenra02,Ray Allen*,SG,MIL,69,2525,1148,229,528,0.434,301,620,0.485,2001-2002
alstora01,Rafer Alston,PG,MIL,50,600,191,27,71,0.38,39,120,0.325,2001-2002
amaecjo01,John Amaechi,PF,UTA,54,586,166,0,0,,54,166,0.325,2001-2002
anderch01,Chris Andersen,C,DEN,24,262,74,0,4,0.0,25,70,0.357,2001-2002
anderde01,Derek Anderson,SG,POR,70,1860,612,85,228,0.373,162,384,0.422,2001-2002
anderke01,Kenny Anderson,PG,BOS,76,2430,716,9,33,0.273,303,683,0.444,2001-2002
anderni01,Nick Anderson,SG,MEM,15,219,76,13,48,0.271,8,28,0.286,2001-2002
andersh01,Shandon Anderson,SG,NYK,82,1596,373,39,141,0.277,110,232,0.474,2001-2002
anthogr01,Greg Anthony,PG,TOT,60,1514,475,48,163,0.294,135,312,0.433,2001-2002
arenagi01,Gilbert Arenas,PG,GSW,47,1155,384,39,113,0.345,135,271,0.498,2001-2002
armstbr01,Brandon Armstrong,SG,NJN,35,196,85,5,17,0.294,22,68,0.324,2001-2002
armstda01,Darrell Armstrong,PG,ORL,82,2730,828,139,398,0.349,208,430,0.484,2001-2002
arroyca01,Carlos Arroyo,PG,TOT,37,371,111,0,2,0.0,49,109,0.45,2001-2002
atkinch01,Chucky Atkins,PG,DET,79,2285,790,138,336,0.411,230,454,0.507,2001-2002
augmost01,Stacey Augmon,SG,CHH,77,1319,328,0,3,0.0,140,325,0.431,2001-2002
austiis01,Isaac Austin,C,MEM,21,307,92,0,3,0.0,36,89,0.404,2001-2002
averywi01,William Avery,PG,MIN,28,258,90,6,35,0.171,20,55,0.364,2001-2002
bagarda01,Dalibor Bagarić,C,CHI,50,638,178,0,1,0.0,72,177,0.407,2001-2002
bakervi01,Vin Baker,C,SEA,55,1710,649,1,8,0.125,314,641,0.49,2001-2002
barkler01,Erick Barkley,PG,POR,19,228,68,1,7,0.143,23,61,0.377,2001-2002
barroda01,Dana Barros,PG,DET,29,582,192,24,71,0.338,50,121,0.413,2001-2002
barrybr01,Brent Barry,SG,SEA,81,3040,790,164,387,0.424,237,403,0.588,2001-2002
barryjo01,Jon Barry,SG,DET,82,1985,522,121,258,0.469,134,264,0.508,2001-2002
bateeme01,Mengke Bateer,C,DEN,27,408,132,4,12,0.333,49,120,0.408,2001-2002
battito01,Tony Battie,C,BOS,74,1819,390,0,2,0.0,211,388,0.544,2001-2002
battish01,Shane Battier,SF,MEM,78,3097,961,103,276,0.373,309,685,0.451,2001-2002
bellch01,Charlie Bell,SG,TOT,7,44,11,0,6,0.0,3,5,0.6,2001-2002
bellra01,Raja Bell,SG,PHI,74,890,240,12,44,0.273,91,196,0.464,2001-2002
bendejo01,Jonathan Bender,SF,IND,78,1647,460,45,125,0.36,153,335,0.457,2001-2002
besttr01,Travis Best,PG,TOT,74,1747,518,21,59,0.356,207,459,0.451,2001-2002
bibbymi01,Mike Bibby,PG,SAC,80,2659,985,51,138,0.37,395,847,0.466,2001-2002
billuch01,Chauncey Billups,PG,MIN,82,2355,823,124,315,0.394,224,508,0.441,2001-2002
blaylmo01,Mookie Blaylock,PG,GSW,35,599,146,15,42,0.357,35,104,0.337,2001-2002
blounco01,Corie Blount,PF,PHI,72,1426,251,0,1,0.0,115,250,0.46,2001-2002
blounma01,Mark Blount,C,BOS,44,415,76,0,0,,32,76,0.421,2001-2002
boothca01,Calvin Booth,C,SEA,15,279,82,0,0,,35,82,0.427,2001-2002
boumtru01,Ruben Boumtje-Boumtje,C,POR,33,245,32,0,0,,13,32,0.406,2001-2002
bowdlca01,Cal Bowdler,PF,ATL,52,585,174,1,5,0.2,60,169,0.355,2001-2002
bowenbr01,Bruce Bowen,SF,SAS,59,1699,398,56,148,0.378,99,250,0.396,2001-2002
bowenry01,Ryan Bowen,SF,DEN,75,1686,307,1,12,0.083,146,295,0.495,2001-2002
bowmair01,Ira Bowman,SG,PHI,3,29,7,0,1,0.0,5,6,0.833,2001-2002
boykiea01,Earl Boykins,PG,LAC,68,761,275,13,42,0.31,97,233,0.416,2001-2002
bradlmi01,Michael Bradley,PF,TOR,26,118,25,0,2,0.0,13,23,0.565,2001-2002
bradlsh01,Shawn Bradley,C,DAL,53,757,163,0,1,0.0,78,162,0.481,2001-2002
brandel01,Elton Brand,PF,LAC,80,3020,1010,0,0,,532,1010,0.527,2001-2002
brandte01,Terrell Brandon,PG,MIN,32,962,365,4,23,0.174,151,342,0.442,2001-2002
breweja01,Jamison Brewer,SG,IND,13,43,5,0,1,0.0,2,4,0.5,2001-2002
brezepr01,Primož Brezec,C,IND,22,160,29,0,0,,14,29,0.483,2001-2002
brownch01,Chucky Brown,SF,SAC,18,92,27,0,0,,10,27,0.37,2001-2002
brownda02,Damone Brown,SF,PHI,17,67,21,0,1,0.0,8,20,0.4,2001-2002
brownde01,Dee Brown,PG,ORL,7,65,20,1,12,0.083,2,8,0.25,2001-2002
browner01,Ernest Brown,C,MIA,3,21,6,0,0,,1,6,0.167,2001-2002
brownke01,Kedrick Brown,SF,BOS,29,245,70,5,27,0.185,18,43,0.419,2001-2002
brownkw01,Kwame Brown,PF,WAS,57,817,243,0,1,0.0,94,242,0.388,2001-2002
brownpj01,P.J. Brown,C,CHH,80,2563,527,0,0,,250,527,0.474,2001-2002
brownra02,Randy Brown,PG,BOS,1,6,1,0,0,,0,1,0.0,2001-2002
brownti01,Tierre Brown,SG,HOU,40,403,115,4,12,0.333,45,103,0.437,2001-2002
brunsri01,Rick Brunson,PG,POR,59,520,113,6,11,0.545,39,102,0.382,2001-2002
bryanko01,Kobe Bryant*,SG,LAL,80,3063,1597,33,132,0.25,716,1465,0.489,2001-2002
bryanma01,Mark Bryant,PF,SAS,30,206,55,0,0,,25,55,0.455,2001-2002
buckngr01,Greg Buckner,SG,DAL,44,885,198,5,16,0.313,99,182,0.544,2001-2002
buechju01,Jud Buechler,SF,TOT,66,684,118,21,60,0.35,23,58,0.397,2001-2002
buforro01,Rodney Buford,SG,MEM,63,1769,593,17,70,0.243,241,523,0.461,2001-2002
bullama01,Matt Bullard,PF,CHH,31,350,115,16,57,0.281,23,58,0.397,2001-2002
butlemi02,Mitchell Butler,SG,POR,11,90,23,1,3,0.333,9,20,0.45,2001-2002
caffeja01,Jason Caffey,PF,MIL,23,283,72,0,1,0.0,36,71,0.507,2001-2002
cambyma01,Marcus Camby,C,NYK,29,1007,290,0,1,0.0,130,289,0.45,2001-2002
campbel01,Elden Campbell,PF,CHH,77,2156,794,0,2,0.0,384,792,0.485,2001-2002
cardibr01,Brian Cardinal,PF,DET,8,43,13,3,7,0.429,3,6,0.5,2001-2002
cartean01,Anthony Carter,PG,MIA,46,1050,260,1,19,0.053,88,241,0.365,2001-2002
cartevi01,Vince Carter,SG,TOR,60,2385,1307,121,313,0.387,438,994,0.441,2001-2002
cassesa01,Sam Cassell,PG,MIL,74,2605,1197,71,204,0.348,483,993,0.486,2001-2002
catoke01,Kelvin Cato,C,HOU,75,1917,326,0,1,0.0,190,325,0.585,2001-2002
chandty01,Tyson Chandler,C,CHI,71,1389,304,0,0,,151,304,0.497,2001-2002
cheanca01,Calbert Cheaney,SG,DEN,68,1631,466,0,4,0.0,224,462,0.485,2001-2002
childch01,Chris Childs,PG,TOR,69,1576,296,33,120,0.275,64,176,0.364,2001-2002
chrisdo01,Doug Christie,SG,SAC,81,2798,735,90,256,0.352,248,479,0.518,2001-2002
clarkke01,Keon Clark,C,TOR,81,2185,775,0,5,0.0,380,770,0.494,2001-2002
claxtsp01,Speedy Claxton,PG,PHI,67,1528,452,4,33,0.121,177,419,0.422,2001-2002
cleavma01,Mateen Cleaves,PG,SAC,32,153,68,2,8,0.25,28,60,0.467,2001-2002
colemde01,Derrick Coleman,PF,PHI,58,2080,735,28,83,0.337,303,652,0.465,2001-2002
colesbi01,Bimbo Coles,PG,CLE,47,693,146,4,20,0.2,52,126,0.413,2001-2002
collija02,Jason Collier,C,HOU,25,365,95,0,1,0.0,41,94,0.436,2001-2002
collija03,Jarron Collins,C,UTA,70,1440,343,0,1,0.0,158,342,0.462,2001-2002
collija04,Jason Collins,C,NJN,77,1407,278,1,2,0.5,116,276,0.42,2001-2002
crawfch01,Chris Crawford,PF,ATL,7,131,45,0,1,0.0,21,44,0.477,2001-2002
crawfja01,Jamal Crawford,PG,CHI,23,481,187,26,58,0.448,63,129,0.488,2001-2002
crispjo01,Joe Crispin,PG,TOT,21,156,68,15,39,0.385,11,29,0.379,2001-2002
croshau01,Austin Croshere,PF,IND,76,1286,448,49,145,0.338,136,303,0.449,2001-2002
crottjo01,John Crotty,PG,UTA,41,802,208,31,69,0.449,67,139,0.482,2001-2002
cummivo01,Vonteego Cummings,PG,PHI,58,501,187,12,46,0.261,66,141,0.468,2001-2002
curryde01,Dell Curry,SG,TOR,56,886,347,45,131,0.344,96,216,0.444,2001-2002
curryed01,Eddy Curry,C,CHI,72,1150,377,0,0,,189,377,0.501,2001-2002
currymi01,Michael Curry,SG,DET,82,1912,276,7,26,0.269,118,250,0.472,2001-2002
dalemsa01,Samuel Dalembert,C,PHI,34,177,50,0,0,,22,50,0.44,2001-2002
dampier01,Erick Dampier,C,GSW,73,1740,480,0,0,,209,480,0.435,2001-2002
daniean01,Antonio Daniels,SG,SAS,82,2175,612,57,196,0.291,212,416,0.51,2001-2002
davisan01,Antonio Davis,PF,TOR,77,2978,963,0,1,0.0,410,962,0.426,2001-2002
davisba01,Baron Davis,PG,CHH,82,3318,1341,170,478,0.356,389,863,0.451,2001-2002
davisda01,Dale Davis,C,POR,78,2447,580,0,0,,296,580,0.51,2001-2002
davisem01,Emanual Davis,PG,ATL,28,774,198,29,85,0.341,41,113,0.363,2001-2002
davishu01,Hubert Davis,SG,WAS,51,1231,326,57,126,0.452,89,200,0.445,2001-2002
davisri01,Ricky Davis,SF,CLE,82,1954,781,11,35,0.314,365,746,0.489,2001-2002
declean01,Andrew DeClercq,C,ORL,61,633,149,0,0,,67,149,0.45,2001-2002
delnevi01,Vinny Del Negro,PG,PHO,2,6,4,0,0,,1,4,0.25,2001-2002
delkto01,Tony Delk,SG,TOT,63,1447,588,67,214,0.313,159,374,0.425,2001-2002
dialde01,Derrick Dial,SG,TOT,32,299,120,1,11,0.091,40,109,0.367,2001-2002
dickemi01,Michael Dickerson,SG,MEM,4,124,48,8,21,0.381,7,27,0.259,2001-2002
diopde01,DeSagana Diop,C,CLE,18,109,29,0,0,,12,29,0.414,2001-2002
divacvl01,Vlade Divac*,C,SAC,80,2420,716,3,13,0.231,335,703,0.477,2001-2002
doleami01,Michael Doleac,C,CLE,42,705,187,0,0,,78,187,0.417,2001-2002
doolike01,Keyon Dooling,PG,LAC,14,155,57,4,14,0.286,18,43,0.419,2001-2002
drewbr01,Bryce Drew,PG,CHH,61,774,182,31,73,0.425,47,109,0.431,2001-2002
drobnpr01,Predrag Drobnjak,C,SEA,64,1174,414,0,2,0.0,191,412,0.464,2001-2002
dudlech02,Chris Dudley,C,POR,43,327,50,0,2,0.0,20,48,0.417,2001-2002
duncati01,Tim Duncan*,PF,SAS,82,3329,1504,1,10,0.1,763,1494,0.511,2001-2002
eisleho01,Howard Eisley,PG,NYK,39,609,175,14,58,0.241,45,117,0.385,2001-2002
ekeziob01,Obinna Ekezie,PF,LAC,29,152,39,0,0,,13,39,0.333,2001-2002
ellisla01,LaPhonso Ellis,SF,MIA,66,1684,452,38,124,0.306,151,328,0.46,2001-2002
eschmev01,Evan Eschmeyer,C,DAL,31,299,50,0,0,,21,50,0.42,2001-2002
evansma01,Maurice Evans,SG,MIN,10,45,19,0,3,0.0,9,16,0.563,2001-2002
ewingpa01,Patrick Ewing*,C,ORL,65,901,333,0,1,0.0,148,332,0.446,2001-2002
ferryda01,Danny Ferry,SF,SAS,50,799,177,43,99,0.434,33,78,0.423,2001-2002
finlemi01,Michael Finley,SF,DAL,69,2754,1228,76,224,0.339,493,1004,0.491,2001-2002
fishede01,Derek Fisher,PG,LAL,70,1974,666,144,349,0.413,130,317,0.41,2001-2002
fizerma01,Marcus Fizer,PF,CHI,76,1963,848,7,41,0.171,364,807,0.451,2001-2002
fontais01,Isaac Fontaine,SG,MEM,6,75,14,1,5,0.2,2,9,0.222,2001-2002
fordal02,Alton Ford,PF,PHO,53,452,118,0,0,,61,118,0.517,2001-2002
fortejo01,Joseph Forte,SG,BOS,8,39,12,0,3,0.0,1,9,0.111,2001-2002
fortsda01,Danny Fortson,PF,GSW,77,2216,722,1,4,0.25,308,718,0.429,2001-2002
fostegr01,Greg Foster,PF,MIL,6,24,9,0,4,0.0,2,5,0.4,2001-2002
fosteje01,Jeff Foster,C,IND,82,1786,394,2,15,0.133,175,379,0.462,2001-2002
fotsian01,Antonis Fotsis,PF,MEM,28,320,104,7,23,0.304,35,81,0.432,2001-2002
fowlktr01,Tremaine Fowlkes,SF,LAC,22,343,64,0,0,,25,64,0.391,2001-2002
foxri01,Rick Fox,SF,LAL,82,2289,605,65,208,0.313,190,397,0.479,2001-2002
foylead01,Adonal Foyle,C,GSW,79,1485,385,0,0,,171,385,0.444,2001-2002
francst01,Steve Francis,PG,HOU,57,2343,1007,68,210,0.324,352,797,0.442,2001-2002
fundela01,Lawrence Funderburke,PF,SAC,56,722,245,0,3,0.0,115,242,0.475,2001-2002
garneke01,Kevin Garnett*,PF,MIN,81,3175,1401,37,116,0.319,622,1285,0.484,2001-2002
garrede01,Dean Garrett,C,TOT,34,183,55,0,0,,18,55,0.327,2001-2002
garripa01,Pat Garrity,PF,ORL,80,2406,767,169,396,0.427,158,371,0.426,2001-2002
gasolpa01,Pau Gasol,PF,MEM,82,3007,1064,1,5,0.2,550,1059,0.519,2001-2002
gatlich01,Chris Gatling,PF,MIA,54,809,293,1,8,0.125,130,285,0.456,2001-2002
geigema01,Matt Geiger,C,PHI,4,36,8,0,0,,1,8,0.125,2001-2002
georgde01,Devean George,SF,LAL,82,1759,523,66,178,0.371,149,345,0.432,2001-2002
gilled01,Eddie Gill,PG,MEM,23,384,92,7,22,0.318,32,70,0.457,2001-2002
gillke01,Kendall Gill,SG,MIA,65,1410,422,6,44,0.136,156,378,0.413,2001-2002
glovedi01,Dion Glover,SG,ATL,55,1156,456,30,91,0.33,162,365,0.444,2001-2002
goodrst01,Steve Goodrich,SF,NJN,9,50,10,0,0,,2,10,0.2,2001-2002
grantbr01,Brian Grant,PF,MIA,72,2256,610,0,2,0.0,286,608,0.47,2001-2002
grantho01,Horace Grant,C,ORL,76,2210,515,0,0,,264,515,0.513,2001-2002
griffad01,Adrian Griffin,SG,DAL,58,1383,359,16,54,0.296,163,305,0.534,2001-2002
griffed01,Eddie Griffin,PF,HOU,73,1896,666,90,273,0.33,154,393,0.392,2001-2002
guglito01,Tom Gugliotta,PF,PHO,44,1129,301,3,9,0.333,124,292,0.425,2001-2002
guytoaj01,A.J. Guyton,PG,CHI,45,607,244,46,123,0.374,42,121,0.347,2001-2002
hamda01,Darvin Ham,SF,MIL,70,1208,211,1,7,0.143,119,204,0.583,2001-2002
hamilri01,Richard Hamilton,SG,WAS,63,2203,1084,16,42,0.381,456,1042,0.438,2001-2002
hamilta01,Tang Hamilton,SF,MIA,9,98,19,0,1,0.0,10,18,0.556,2001-2002
hamilze01,Zendon Hamilton,PF,DEN,54,848,245,0,0,,103,245,0.42,2001-2002
hardaan01,Anfernee Hardaway,SG,PHO,80,2462,931,23,83,0.277,366,848,0.432,2001-2002
hardati01,Tim Hardaway,PG,TOT,68,1601,620,123,354,0.347,103,266,0.387,2001-2002
harprma01,Matt Harpring,SF,PHI,81,2541,838,21,69,0.304,365,769,0.475,2001-2002
harrial01,Al Harrington,PF,IND,44,1313,484,1,3,0.333,229,481,0.476,2001-2002
harriot01,Othella Harrington,PF,NYK,77,1563,450,0,2,0.0,237,448,0.529,2001-2002
harrilu01,Lucious Harris,SG,NJN,74,1553,537,44,118,0.373,205,419,0.489,2001-2002
hartja01,Jason Hart,PG,SAS,10,92,19,0,2,0.0,10,17,0.588,2001-2002
harvean01,Antonio Harvey,PF,SEA,5,47,12,0,0,,4,12,0.333,2001-2002
harvedo01,Donnell Harvey,PF,TOT,47,841,217,0,0,,108,217,0.498,2001-2002
hassetr01,Trenton Hassell,SG,CHI,78,2237,628,60,165,0.364,207,463,0.447,2001-2002
hastoki01,Kirk Haston,PF,CHH,15,77,39,0,3,0.0,11,36,0.306,2001-2002
haywobr01,Brendan Haywood,C,WAS,62,1266,221,0,0,,109,221,0.493,2001-2002
hendeal01,Alan Henderson,PF,ATL,26,422,116,1,1,1.0,58,115,0.504,2001-2002
hendece02,Cedric Henderson,SF,GSW,12,70,31,2,4,0.5,13,27,0.481,2001-2002
hillgr01,Grant Hill*,SF,ORL,14,512,195,0,2,0.0,83,193,0.43,2001-2002
hillty01,Tyrone Hill,PF,CLE,26,810,182,0,1,0.0,71,181,0.392,2001-2002
hoibefr01,Fred Hoiberg,SG,CHI,79,1408,291,24,92,0.261,97,199,0.487,2001-2002
horryro01,Robert Horry,PF,LAL,81,2140,460,76,203,0.374,107,257,0.416,2001-2002
houseed01,Eddie House,PG,MIA,64,1230,524,54,157,0.344,155,367,0.422,2001-2002
houstal01,Allan Houston,SG,NYK,77,2914,1301,136,346,0.393,432,955,0.452,2001-2002
howarju01,Juwan Howard,PF,TOT,81,2635,1005,0,2,0.0,462,1003,0.461,2001-2002
hudsotr01,Troy Hudson,PG,ORL,81,1854,815,66,187,0.353,288,628,0.459,2001-2002
hughela01,Larry Hughes,SG,GSW,73,2049,810,18,93,0.194,325,717,0.453,2001-2002
hunteli01,Lindsey Hunter,PG,LAL,82,1616,490,79,208,0.38,108,282,0.383,2001-2002
huntest01,Steven Hunter,C,ORL,53,516,147,0,0,,67,147,0.456,2001-2002
ilgauzy01,Zydrunas Ilgauskas,C,CLE,62,1329,567,0,5,0.0,241,562,0.429,2001-2002
iversal01,Allen Iverson*,SG,PHI,60,2622,1669,78,268,0.291,587,1401,0.419,2001-2002
jacksbo01,Bobby Jackson,PG,SAC,81,1750,754,79,219,0.361,255,535,0.477,2001-2002
jacksja01,Jaren Jackson,SG,ORL,9,144,37,7,20,0.35,8,17,0.471,2001-2002
jacksje01,Jermaine Jackson,SG,TOR,24,280,42,1,2,0.5,19,40,0.475,2001-2002
jacksji01,Jim Jackson,SF,MIA,55,1825,538,38,81,0.469,200,457,0.438,2001-2002
jacksma02,Marc Jackson,C,TOT,39,495,164,0,1,0.0,60,163,0.368,2001-2002
jacksma01,Mark Jackson,PG,NYK,82,2367,592,79,195,0.405,181,397,0.456,2001-2002
jacksst02,Stephen Jackson,SF,SAS,23,227,91,9,36,0.25,25,55,0.455,2001-2002
jamesje01,Jerome James,C,SEA,56,949,273,0,0,,134,273,0.491,2001-2002
jamesmi01,Mike James,PG,MIA,15,119,43,8,21,0.381,7,22,0.318,2001-2002
jamesti01,Tim James,SF,PHI,9,41,13,0,0,,5,13,0.385,2001-2002
jamisan01,Antawn Jamison,SF,GSW,82,3033,1375,68,210,0.324,546,1165,0.469,2001-2002
jamisha01,Harold Jamison,PF,LAC,25,176,43,0,0,,22,43,0.512,2001-2002
jefferi01,Richard Jefferson,SF,NJN,79,1917,591,13,56,0.232,257,535,0.48,2001-2002
johnsan02,Anthony Johnson,SG,NJN,34,366,90,4,12,0.333,33,78,0.423,2001-2002
johnsav01,Avery Johnson,PG,TOT,68,1352,432,0,5,0.0,207,427,0.485,2001-2002
johnsde03,DerMarr Johnson,SF,ATL,72,1727,540,89,247,0.36,125,293,0.427,2001-2002
johnser02,Ervin Johnson,C,MIL,81,1660,193,0,1,0.0,89,192,0.464,2001-2002
johnsjo02,Joe Johnson,SG,TOT,77,1916,584,38,130,0.292,213,454,0.469,2001-2002
jonesal01,Alvin Jones,C,PHI,23,126,20,0,0,,8,20,0.4,2001-2002
jonesda01,Damon Jones,PG,DET,67,1083,284,69,186,0.371,45,98,0.459,2001-2002
jonesed02,Eddie Jones,SG,MIA,81,3156,1198,149,382,0.39,368,816,0.451,2001-2002
jonesju01,Jumaine Jones,PF,CLE,81,2142,640,52,168,0.31,235,472,0.498,2001-2002
jonespo01,Popeye Jones,PF,WAS,79,1920,508,4,11,0.364,218,497,0.439,2001-2002
jordami01,Michael Jordan*,SF,WAS,60,2093,1324,10,53,0.189,541,1271,0.426,2001-2002
kempsh01,Shawn Kemp,PF,POR,75,1232,407,0,4,0.0,175,403,0.434,2001-2002
kerrst01,Steve Kerr,PG,POR,65,775,217,26,66,0.394,76,151,0.503,2001-2002
kiddja01,Jason Kidd*,PG,NJN,82,3056,1138,117,364,0.321,328,774,0.424,2001-2002
kirilan01,Andrei Kirilenko,SF,UTA,82,2151,633,25,100,0.25,260,533,0.488,2001-2002
kittlke01,Kerry Kittles,SG,NJN,82,2601,940,98,242,0.405,340,698,0.487,2001-2002
knighbr01,Brevin Knight,PG,MEM,53,1151,334,2,8,0.25,139,326,0.426,2001-2002
knightr01,Travis Knight,C,NYK,49,429,113,0,0,,41,113,0.363,2001-2002
kukocto01,Toni Kukoč*,SF,ATL,59,1494,504,53,171,0.31,158,333,0.474,2001-2002
laettch01,Christian Laettner,PF,WAS,57,1441,362,2,10,0.2,166,352,0.472,2001-2002
lafrera01,Raef LaFrentz,C,TOT,78,2455,920,104,268,0.388,317,652,0.486,2001-2002
langdtr01,Trajan Langdon,SG,CLE,44,477,176,27,74,0.365,43,102,0.422,2001-2002
langhda01,Dan Langhi,SF,HOU,34,434,125,1,4,0.25,48,121,0.397,2001-2002
larueru01,Rusty LaRue,PG,UTA,33,542,185,17,50,0.34,56,135,0.415,2001-2002
lenarvo01,Voshon Lenard,SG,DEN,71,1665,769,89,240,0.371,226,529,0.427,2001-2002
lewisqu01,Quincy Lewis,SG,UTA,36,490,143,3,18,0.167,61,125,0.488,2001-2002
lewisra02,Rashard Lewis,SF,SEA,71,2585,972,123,316,0.389,332,656,0.506,2001-2002
livinra01,Randy Livingston,PG,SEA,13,176,54,1,8,0.125,14,46,0.304,2001-2002
longar01,Art Long,PF,SEA,63,989,244,0,0,,120,244,0.492,2001-2002
longgr01,Grant Long,PF,MEM,66,1868,385,3,17,0.176,161,368,0.438,2001-2002
lopezfe01,Felipe López,SG,MIN,67,581,156,14,33,0.424,45,123,0.366,2001-2002
luety01,Tyronn Lue,PG,WAS,71,1458,520,63,141,0.447,159,379,0.42,2001-2002
lynchge01,George Lynch,SF,CHH,45,893,198,1,6,0.167,72,192,0.375,2001-2002
maccuto01,Todd MacCulloch,C,NJN,62,1502,465,0,0,,247,465,0.531,2001-2002
macksa01,Sam Mack,SF,MIA,12,159,49,7,28,0.25,7,21,0.333,2001-2002
madsema01,Mark Madsen,PF,LAL,59,650,146,0,2,0.0,66,144,0.458,2001-2002
maggeco01,Corey Maggette,SG,LAC,63,1615,530,46,139,0.331,189,391,0.483,2001-2002
magloja01,Jamaal Magloire,C,CHH,82,1549,414,0,1,0.0,228,413,0.552,2001-2002
majerda01,Dan Majerle,SG,PHO,65,1180,289,79,235,0.336,20,54,0.37,2001-2002
malonka01,Karl Malone*,PF,UTA,80,3040,1399,9,25,0.36,626,1374,0.456,2001-2002
mannida01,Danny Manning,PF,DAL,41,552,149,1,7,0.143,70,142,0.493,2001-2002
marbust01,Stephon Marbury,PG,PHO,82,3187,1413,71,248,0.286,554,1165,0.476,2001-2002
mariosh01,Shawn Marion,SF,PHO,81,3109,1395,48,122,0.393,606,1273,0.476,2001-2002
marksse01,Sean Marks,C,MIA,21,319,88,0,0,,38,88,0.432,2001-2002
marshdo02,Donny Marshall,SF,NJN,20,118,29,2,4,0.5,6,25,0.24,2001-2002
marshdo01,Donyell Marshall,SF,UTA,58,1750,661,13,42,0.31,330,619,0.533,2001-2002
martida01,Darrick Martin,PG,DAL,3,22,10,0,2,0.0,0,8,0.0,2001-2002
martike01,Kenyon Martin,PF,NJN,73,2504,962,15,67,0.224,430,895,0.48,2001-2002
mashbja01,Jamal Mashburn,SF,CHH,40,1601,744,41,112,0.366,262,632,0.415,2001-2002
masonan01,Anthony Mason,PF,MIL,82,3143,626,1,1,1.0,315,625,0.504,2001-2002
masonde01,Desmond Mason,SF,SEA,75,2420,769,16,59,0.271,341,710,0.48,2001-2002
masseto01,Tony Massenburg,PF,MEM,73,1247,349,1,1,1.0,158,348,0.454,2001-2002
mccarwa01,Walter McCarty,PF,BOS,56,718,180,39,99,0.394,41,81,0.506,2001-2002
mccasam01,Amal McCaskill,C,SAS,27,153,49,0,0,,20,49,0.408,2001-2002
mccloge01,George McCloud,SF,DEN,69,1830,576,60,222,0.27,146,354,0.412,2001-2002
mccoyje01,Jelani McCoy,C,LAL,21,104,21,0,0,,12,21,0.571,2001-2002
mcdyean01,Antonio McDyess,PF,DEN,10,236,75,0,0,,43,75,0.573,2001-2002
mcgratr01,Tracy McGrady*,SG,ORL,76,2912,1586,103,283,0.364,612,1303,0.47,2001-2002
mcinnje01,Jeff McInnis,PG,LAC,81,3030,1121,75,234,0.321,388,887,0.437,2001-2002
mckeyde01,Derrick McKey,SF,PHI,41,784,122,5,12,0.417,47,110,0.427,2001-2002
mckieaa01,Aaron McKie,SG,PHI,48,1471,490,51,128,0.398,169,362,0.467,2001-2002
medvest01,Stanislav Medvedenko,C,LAL,71,729,304,0,4,0.0,145,300,0.483,2001-2002
mercero01,Ron Mercer,SG,TOT,53,1716,784,18,62,0.29,293,722,0.406,2001-2002
mihmch01,Chris Mihm,C,CLE,74,1659,526,3,7,0.429,218,519,0.42,2001-2002
milesda01,Darius Miles,SF,LAC,82,2227,642,3,19,0.158,306,623,0.491,2001-2002
millean02,Andre Miller,PG,CLE,81,3023,1045,22,87,0.253,452,958,0.472,2001-2002
millebr01,Brad Miller,C,TOT,76,2263,733,3,7,0.429,363,726,0.5,2001-2002
millemi01,Mike Miller,SF,ORL,63,2123,802,116,303,0.383,235,499,0.471,2001-2002
millere01,Reggie Miller*,SG,IND,79,2889,913,180,443,0.406,234,470,0.498,2001-2002
millsch01,Chris Mills,SF,GSW,66,1237,427,48,127,0.378,130,300,0.433,2001-2002
mitchsa01,Sam Mitchell,SF,MIN,74,726,227,10,35,0.286,88,192,0.458,2001-2002
moblecu01,Cuttino Mobley,SG,HOU,74,3116,1358,149,377,0.395,446,981,0.455,2001-2002
mohamna01,Nazr Mohammed,C,ATL,82,2168,713,0,1,0.0,329,712,0.462,2001-2002
moisoje01,Jérôme Moïso,C,CHH,15,76,20,0,0,,8,20,0.4,2001-2002
montrer01,Eric Montross,C,TOR,49,655,132,0,1,0.0,53,131,0.405,2001-2002
mooremi01,Mikki Moore,C,DET,30,217,61,1,2,0.5,28,59,0.475,2001-2002
morrite01,Terence Morris,SF,HOU,68,1110,289,15,78,0.192,96,211,0.455,2001-2002
mottoha01,Hanno Möttölä,C,ATL,82,1371,384,1,13,0.077,168,371,0.453,2001-2002
mournal01,Alonzo Mourning*,C,MIA,75,2455,866,1,3,0.333,446,863,0.517,2001-2002
murphtr01,Troy Murphy,PF,GSW,82,1448,423,3,9,0.333,175,414,0.423,2001-2002
murrala01,Lamond Murray,SF,CLE,71,2312,986,101,238,0.424,329,748,0.44,2001-2002
murratr01,Tracy Murray,SF,TOR,40,473,207,40,104,0.385,45,103,0.437,2001-2002
mutomdi01,Dikembe Mutombo*,C,PHI,80,2907,641,0,0,,321,641,0.501,2001-2002
ndiayma02,Mamadou N'Diaye,C,TOR,5,46,10,0,0,,6,10,0.6,2001-2002
nailole01,Lee Nailon,SF,CHH,79,1912,764,1,2,0.5,368,762,0.483,2001-2002
najered01,Eduardo Nájera,PF,DAL,62,1357,300,0,2,0.0,150,298,0.503,2001-2002
nashst01,Steve Nash*,PG,DAL,82,2837,1088,156,343,0.455,369,745,0.495,2001-2002
nesbyty01,Tyrone Nesby,SF,WAS,70,1498,421,13,47,0.277,170,374,0.455,2001-2002
nestera01,Rasho Nesterović,C,MIN,82,2218,657,0,1,0.0,324,656,0.494,2001-2002
newblir01,Ira Newble,SF,ATL,42,1273,263,1,7,0.143,130,256,0.508,2001-2002
newmajo01,Johnny Newman,SF,DAL,47,724,148,22,57,0.386,45,91,0.495,2001-2002
norrimo01,Moochie Norris,PG,HOU,82,2249,631,36,134,0.269,215,497,0.433,2001-2002
nowitdi01,Dirk Nowitzki,C,DAL,76,2891,1258,139,350,0.397,461,908,0.508,2001-2002
onealje01,Jermaine O'Neal,PF,IND,72,2707,1133,1,14,0.071,542,1119,0.484,2001-2002
onealsh01,Shaquille O'Neal*,C,LAL,67,2422,1229,0,1,0.0,712,1228,0.58,2001-2002
oaklech01,Charles Oakley,PF,CHI,57,1383,263,1,6,0.167,96,257,0.374,2001-2002
odomla01,Lamar Odom,SF,LAC,29,999,360,16,84,0.19,135,276,0.489,2001-2002
olajuha01,Hakeem Olajuwon*,C,TOR,61,1378,418,0,2,0.0,194,416,0.466,2001-2002
olivede01,Dean Oliver,PG,GSW,20,139,46,2,13,0.154,15,33,0.455,2001-2002
ollieke01,Kevin Ollie,PG,TOT,81,1723,353,1,2,0.5,136,351,0.387,2001-2002
olowomi01,Michael Olowokandi,C,LAC,80,2568,886,0,0,,384,886,0.433,2001-2002
ostergr01,Greg Ostertag,C,UTA,74,1107,201,0,0,,91,201,0.453,2001-2002
outlabo01,Bo Outlaw,PF,TOT,83,1928,299,1,2,0.5,165,297,0.556,2001-2002
overtdo01,Doug Overton,PG,LAC,18,130,44,7,27,0.259,7,17,0.412,2001-2002
oyedeol01,Olumide Oyedeji,C,SEA,36,221,41,0,0,,22,41,0.537,2001-2002
packro01,Robert Pack,PG,MIN,16,252,68,1,4,0.25,24,64,0.375,2001-2002
padgesc01,Scott Padgett,PF,UTA,75,1295,395,49,113,0.434,139,282,0.493,2001-2002
palacmi01,Milt Palacio,PG,TOT,69,790,214,13,41,0.317,69,173,0.399,2001-2002
parketo01,Tony Parker,PG,SAS,77,2267,639,61,189,0.323,207,450,0.46,2001-2002
parksch02,Cherokee Parks,C,SAS,42,234,83,0,0,,30,83,0.361,2001-2002
patteru01,Ruben Patterson,SF,POR,75,1765,619,9,36,0.25,310,583,0.532,2001-2002
paytoga01,Gary Payton*,PG,SEA,82,3301,1578,74,236,0.314,663,1342,0.494,2001-2002
peelean01,Anthony Peeler,SG,MIN,82,2060,684,111,283,0.392,177,401,0.441,2001-2002
penbemi01,Mike Penberthy,PG,LAL,3,12,2,0,0,,1,2,0.5,2001-2002
perryel01,Elliot Perry,PG,MEM,2,48,10,0,0,,5,10,0.5,2001-2002
persowe01,Wesley Person,SG,CLE,78,2793,944,143,322,0.444,324,622,0.521,2001-2002
petermo01,Morris Peterson,SF,TOR,63,1988,768,84,231,0.364,252,537,0.469,2001-2002
piatker01,Eric Piatkowski,SG,LAC,71,1718,471,111,238,0.466,96,233,0.412,2001-2002
piercpa01,Paul Pierce*,SG,BOS,82,3302,1598,210,520,0.404,497,1078,0.461,2001-2002
pippesc01,Scottie Pippen*,SF,POR,62,1996,599,54,177,0.305,192,422,0.455,2001-2002
pollasc01,Scot Pollard,C,SAC,80,1881,358,0,0,,197,358,0.55,2001-2002
popema01,Mark Pope,PF,MIL,45,426,91,4,25,0.16,32,66,0.485,2001-2002
portete01,Terry Porter,PG,SAS,72,1294,321,59,142,0.415,77,179,0.43,2001-2002
poseyja01,James Posey,SF,DEN,73,2238,736,67,237,0.283,210,499,0.421,2001-2002
postela01,Lavor Postell,SG,NYK,23,179,84,6,26,0.231,22,58,0.379,2001-2002
potapvi01,Vitaly Potapenko,C,BOS,79,1343,301,0,0,,137,301,0.455,2001-2002
pricebr01,Brent Price,PG,SAC,20,89,27,4,15,0.267,5,12,0.417,2001-2002
przybjo01,Joel Przybilla,C,MIL,71,1128,142,0,1,0.0,76,141,0.539,2001-2002
radmavl01,Vladimir Radmanović,PF,SEA,61,1230,354,66,157,0.42,80,197,0.406,2001-2002
randoza01,Zach Randolph,PF,POR,41,238,107,0,0,,48,107,0.449,2001-2002
ratlith01,Theo Ratliff,C,ATL,3,82,20,0,0,,10,20,0.5,2001-2002
rebraze01,Željko Rebrača,C,DET,74,1179,374,0,0,,189,374,0.505,2001-2002
recasel01,Eldridge Recasner,PG,TOT,6,33,6,0,1,0.0,2,5,0.4,2001-2002
reddmi01,Michael Redd,SG,MIL,67,1417,609,88,198,0.444,206,411,0.501,2001-2002
reiddo01,Don Reid,PF,ORL,68,714,190,0,0,,90,190,0.474,2001-2002
ricegl01,Glen Rice,SF,HOU,20,606,167,18,64,0.281,47,103,0.456,2001-2002
richaja01,Jason Richardson,SG,GSW,80,2629,1090,82,246,0.333,382,844,0.453,2001-2002
richano01,Norm Richardson,SG,TOT,11,67,26,4,8,0.5,6,18,0.333,2001-2002
richaqu01,Quentin Richardson,SG,LAC,81,2152,926,133,349,0.381,267,577,0.463,2001-2002
richmmi01,Mitch Richmond*,SG,LAL,64,709,247,18,62,0.29,82,185,0.443,2001-2002
rideris01,Isaiah Rider,SG,DEN,10,173,81,6,15,0.4,31,66,0.47,2001-2002
robincl02,Clifford Robinson,PF,DET,80,2855,1069,115,304,0.378,339,765,0.443,2001-2002
robinda01,David Robinson*,C,SAS,78,2303,672,0,0,,341,672,0.507,2001-2002
robined01,Eddie Robinson,SF,CHI,29,653,247,2,5,0.4,110,242,0.455,2001-2002
robingl01,Glenn Robinson,SF,MIL,66,2346,1147,58,178,0.326,478,969,0.493,2001-2002
robinla01,Larry Robinson,SG,NYK,2,10,4,1,2,0.5,0,2,0.0,2001-2002
rogerca01,Carlos Rogers,C,IND,22,168,43,1,6,0.167,23,37,0.622,2001-2002
rogerro01,Rodney Rogers,SF,TOT,77,1880,756,88,235,0.374,268,521,0.514,2001-2002
rooksse01,Sean Rooks,C,LAC,61,728,194,0,0,,81,194,0.418,2001-2002
roseja01,Jalen Rose,SF,TOT,83,3153,1458,89,246,0.362,574,1212,0.474,2001-2002
rosema01,Malik Rose,PF,SAS,82,1725,633,1,12,0.083,292,621,0.47,2001-2002
ruffimi01,Michael Ruffin,PF,PHI,15,169,26,0,0,,7,26,0.269,2001-2002
russebr01,Bryon Russell,SG,UTA,66,1998,584,77,226,0.341,145,358,0.405,2001-2002
santida01,Daniel Santiago,C,PHO,3,24,8,0,0,,4,8,0.5,2001-2002
sasseje01,Jeryl Sasser,SG,ORL,7,36,14,0,0,,3,14,0.214,2001-2002
satteke01,Kenny Satterfield,PG,DEN,36,560,199,7,27,0.259,66,172,0.384,2001-2002
scalabr01,Brian Scalabrine,PF,NJN,28,290,67,3,10,0.3,20,57,0.351,2001-2002
scottsh01,Shawnelle Scott,C,DEN,21,252,75,0,0,,37,75,0.493,2001-2002
sesayan01,Ansu Sesay,SF,SEA,9,142,44,0,0,,22,44,0.5,2001-2002
shawbr01,Brian Shaw,PG,LAL,58,631,173,29,88,0.33,32,85,0.376,2001-2002
simmobo01,Bobby Simmons,SF,WAS,30,343,95,4,14,0.286,39,81,0.481,2001-2002
simpkdi01,Dickey Simpkins,PF,ATL,1,3,0,0,0,,0,0,,2001-2002
skinnbr01,Brian Skinner,PF,CLE,65,1107,162,0,0,,88,162,0.543,2001-2002
slatere01,Reggie Slater,PF,TOT,8,47,15,0,0,,7,15,0.467,2001-2002
smithch04,Charles Smith,SG,SAS,60,1141,428,35,131,0.267,147,297,0.495,2001-2002
smithja01,Jabari Smith,C,TOT,23,181,63,0,3,0.0,26,60,0.433,2001-2002
smithjo02,Joe Smith,C,MIN,72,1922,581,2,3,0.667,295,578,0.51,2001-2002
smithle01,Leon Smith,C,ATL,14,100,26,0,0,,10,26,0.385,2001-2002
smithst01,Steve Smith,SG,SAS,77,2211,682,116,246,0.472,194,436,0.445,2001-2002
snower01,Eric Snow,PG,PHI,61,2225,624,3,27,0.111,273,597,0.457,2001-2002
solomwi01,Will Solomon,SG,MEM,62,872,331,46,162,0.284,67,169,0.396,2001-2002
spencfe01,Felton Spencer,C,NYK,32,248,26,0,0,,6,26,0.231,2001-2002
sprewla01,Latrell Sprewell,SF,NYK,81,3326,1419,145,403,0.36,428,1016,0.421,2001-2002
stackje01,Jerry Stackhouse,SF,DET,76,2685,1319,86,300,0.287,438,1019,0.43,2001-2002
starkjo01,John Starks,SG,UTA,66,929,310,29,95,0.305,85,215,0.395,2001-2002
stepavl01,Vladimir Stepania,C,MIA,67,884,249,1,2,0.5,116,247,0.47,2001-2002
stevede01,DeShawn Stevenson,SG,UTA,67,1134,371,2,25,0.08,141,346,0.408,2001-2002
stewami01,Michael Stewart,C,TOR,11,93,23,0,0,,8,23,0.348,2001-2002
stithbr01,Bryant Stith,SG,CLE,50,665,188,24,68,0.353,46,120,0.383,2001-2002
stockjo01,John Stockton*,PG,UTA,82,2566,775,25,78,0.321,376,697,0.539,2001-2002
stojape01,Peja Stojaković,SF,SAC,71,2649,1130,129,310,0.416,418,820,0.51,2001-2002
stoudda01,Damon Stoudamire,PG,POR,75,2796,918,104,295,0.353,265,623,0.425,2001-2002
stricer01,Erick Strickland,PG,BOS,79,1643,488,95,247,0.385,95,241,0.394,2001-2002
stricma01,Mark Strickland,SF,ATL,46,654,204,1,4,0.25,90,200,0.45,2001-2002
stricro02,Rod Strickland,PG,MIA,76,2294,714,8,26,0.308,308,688,0.448,2001-2002
sundobr01,Bruno Šundov,C,IND,22,88,40,0,1,0.0,16,39,0.41,2001-2002
surabo01,Bob Sura,PG,GSW,78,1780,590,42,133,0.316,208,457,0.455,2001-2002
swiftst01,Stromile Swift,PF,MEM,68,1805,611,0,3,0.0,293,608,0.482,2001-2002
szczewa02,Wally Szczerbiak,SF,MIN,82,3117,1200,87,191,0.455,522,1009,0.517,2001-2002
terryja01,Jason Terry,SG,ATL,78,2967,1219,172,444,0.387,352,775,0.454,2001-2002
thomaet01,Etan Thomas,C,WAS,47,618,151,0,0,,81,151,0.536,2001-2002
thomake01,Kenny Thomas,PF,HOU,72,2484,829,0,16,0.0,396,813,0.487,2001-2002
thomaku01,Kurt Thomas,C,NYK,82,2771,938,1,6,0.167,462,932,0.496,2001-2002
thomati01,Tim Thomas,SF,MIL,74,1987,753,95,291,0.326,221,462,0.478,2001-2002
tinslja01,Jamaal Tinsley,PG,IND,80,2442,760,42,175,0.24,247,585,0.422,2001-2002
torreos01,Óscar Torres,SG,HOU,65,1075,341,37,126,0.294,98,215,0.456,2001-2002
traylro01,Robert Traylor,PF,CHH,61,678,204,1,1,1.0,86,203,0.424,2001-2002
trentga01,Gary Trent,PF,MIN,64,1140,381,0,2,0.0,193,379,0.509,2001-2002
trepaje01,Jeff Trepagnier,SG,CLE,12,77,23,0,1,0.0,7,22,0.318,2001-2002
tsakaja01,Jake Tsakalidis,C,PHO,67,1582,400,0,1,0.0,190,399,0.476,2001-2002
turkohe01,Hedo Türkoğlu,SF,SAC,80,1970,687,63,171,0.368,227,516,0.44,2001-2002
vanexni01,Nick Van Exel,PG,TOT,72,2496,1226,119,350,0.34,382,876,0.436,2001-2002
vanhoke01,Keith Van Horn,SF,NJN,81,2465,1089,101,293,0.345,370,796,0.465,2001-2002
vardara01,Ratko Varda,C,DET,1,6,3,0,0,,2,3,0.667,2001-2002
vaughja01,Jacque Vaughn,PG,ATL,82,1856,438,24,54,0.444,182,384,0.474,2001-2002
voskuja01,Jake Voskuhl,C,PHO,59,900,193,0,0,,107,193,0.554,2001-2002
walkean02,Antoine Walker,PF,BOS,81,3406,1689,222,645,0.344,444,1044,0.425,2001-2002
walkesa01,Samaki Walker,PF,LAL,69,1655,365,0,0,,187,365,0.512,2001-2002
wallabe01,Ben Wallace*,C,DET,80,2921,480,0,3,0.0,255,477,0.535,2001-2002
wallage01,Gerald Wallace,SF,SAC,54,430,175,0,7,0.0,75,168,0.446,2001-2002
wallajo01,John Wallace,SF,PHO,46,490,214,5,13,0.385,88,201,0.438,2001-2002
wallara01,Rasheed Wallace,PF,POR,79,2963,1287,114,317,0.36,489,970,0.504,2001-2002
wardch01,Charlie Ward,PG,NYK,63,1058,303,53,164,0.323,60,139,0.432,2001-2002
watsoea01,Earl Watson,PG,SEA,64,964,212,16,44,0.364,80,168,0.476,2001-2002
weathcl01,Clarence Weatherspoon,PF,NYK,56,1728,452,0,0,,189,452,0.418,2001-2002
webbech01,Chris Webber*,PF,SAC,54,2071,1075,5,19,0.263,527,1056,0.499,2001-2002
wellsbo01,Bonzi Wells,SG,POR,74,2348,1039,66,172,0.384,421,867,0.486,2001-2002
wesleda01,David Wesley,SG,CHH,67,2487,910,85,256,0.332,279,654,0.427,2001-2002
whiteja01,Jahidi White,C,WAS,71,1346,279,0,0,,150,279,0.538,2001-2002
whitero02,Rodney White,SF,DET,16,129,60,2,9,0.222,19,51,0.373,2001-2002
whitnch01,Chris Whitney,PG,WAS,82,2171,656,131,323,0.406,143,333,0.429,2001-2002
williaa01,Aaron Williams,PF,NJN,82,1546,439,0,2,0.0,231,437,0.529,2001-2002
willial02,Alvin Williams,PG,TOR,82,2927,971,62,193,0.321,341,778,0.438,2001-2002
willier01,Eric Williams,SF,BOS,74,1747,385,24,86,0.279,120,299,0.401,2001-2002
willija02,Jason Williams,PG,MEM,65,2236,985,127,430,0.295,249,555,0.449,2001-2002
willije01,Jerome Williams,PF,TOR,68,1641,388,0,0,,190,388,0.49,2001-2002
willimo01,Monty Williams,SF,ORL,68,1284,362,0,4,0.0,198,358,0.553,2001-2002
willisc01,Scott Williams,PF,DEN,41,737,217,0,2,0.0,86,215,0.4,2001-2002
willish01,Shammond Williams,SG,SEA,50,603,193,28,75,0.373,53,118,0.449,2001-2002
williwa02,Walt Williams,SF,HOU,48,1117,396,78,183,0.426,88,213,0.413,2001-2002
willico02,Corliss Williamson,SF,DET,78,1701,806,1,5,0.2,410,801,0.512,2001-2002
willike02,Kevin Willis,PF,HOU,52,865,284,0,1,0.0,125,283,0.442,2001-2002
woodslo01,Loren Woods,C,MIN,60,516,96,0,2,0.0,33,94,0.351,2001-2002
artesro01,Metta World Peace,SF,TOT,55,1642,636,53,170,0.312,216,466,0.464,2001-2002
wrighlo02,Lorenzen Wright,C,MEM,43,1251,486,0,2,0.0,223,484,0.461,2001-2002
zhizhwa01,Wang Zhizhi,C,DAL,55,600,248,48,116,0.414,61,132,0.462,2001-2002
