PlayerID,Player,Pos,Tm,G,MP,FGA,3P,3PA,3P%,2P,2PA,2P%,Season
abdursh01,Shareef Abdur-Rahim,PF,SAC,72,1961,632,5,22,0.227,327,610,0.536,2005-2006
ackeral01,Alex Acker,SG,DET,5,35,16,1,5,0.2,3,11,0.273,2005-2006
allenma01,Malik Allen,PF,CHI,54,701,247,1,1,1.0,120,246,0.488,2005-2006
allenra02,Ray Allen*,SG,SEA,78,3022,1500,269,653,0.412,412,847,0.486,2005-2006
allento01,Tony Allen,PG,BOS,51,978,274,11,34,0.324,118,240,0.492,2005-2006
alstora01,Rafer Alston,PG,HOU,63,2431,738,102,312,0.327,178,426,0.418,2005-2006
anderch01,Chris Andersen,C,NOK,32,570,98,0,0,,56,98,0.571,2005-2006
anderal01,Alan Anderson,SF,CHA,36,564,181,24,58,0.414,51,123,0.415,2005-2006
anderde01,Derek Anderson,SG,TOT,43,1047,303,40,134,0.299,68,169,0.402,2005-2006
andersh01,Shandon Anderson,SF,MIA,48,638,126,5,19,0.263,49,107,0.458,2005-2006
andrima01,Martynas Andriuškevičius,C,CLE,6,9,1,0,0,,0,1,0.0,2005-2006
anthoca01,Carmelo Anthony,SF,DEN,80,2941,1572,37,152,0.243,719,1420,0.506,2005-2006
araujra01,Rafael Araújo,C,TOR,52,601,145,0,1,0.0,53,144,0.368,2005-2006
arenagi01,Gilbert Arenas,PG,WAS,80,3384,1668,199,540,0.369,547,1128,0.485,2005-2006
arizatr01,Trevor Ariza,SF,TOT,57,999,226,1,5,0.2,92,221,0.416,2005-2006
armstda01,Darrell Armstrong,PG,DAL,62,622,128,11,48,0.229,32,80,0.4,2005-2006
arroyca01,Carlos Arroyo,PG,TOT,77,1194,378,7,20,0.35,161,358,0.45,2005-2006
atkinch01,Chucky Atkins,PG,TOT,71,1713,573,97,274,0.354,129,299,0.431,2005-2006
augmost01,Stacey Augmon,SF,ORL,36,385,73,0,0,,25,73,0.342,2005-2006
bakervi01,Vin Baker,C,LAC,8,85,15,0,0,,7,15,0.467,2005-2006
banksma01,Marcus Banks,PG,TOT,58,1497,468,22,63,0.349,197,405,0.486,2005-2006
barbole01,Leandro Barbosa,SG,PHO,57,1592,567,87,196,0.444,186,371,0.501,2005-2006
barnema02,Matt Barnes,PF,TOT,56,631,140,3,15,0.2,67,125,0.536,2005-2006
barrean01,Andre Barrett,PG,TOT,19,282,104,2,14,0.143,36,90,0.4,2005-2006
barroea01,Earl Barron,C,MIA,8,45,16,0,0,,5,16,0.313,2005-2006
barrybr01,Brent Barry,SG,SAS,74,1259,345,80,202,0.396,76,143,0.531,2005-2006
barryjo01,Jon Barry,SG,HOU,20,342,65,12,32,0.375,13,33,0.394,2005-2006
basdeed01,Eddie Basden,SF,CHI,19,141,37,1,7,0.143,14,30,0.467,2005-2006
bassbr01,Brandon Bass,PF,NOK,29,268,70,0,0,,28,70,0.4,2005-2006
batises01,Esteban Batista,PF,ATL,57,495,80,0,1,0.0,34,79,0.43,2005-2006
battito01,Tony Battie,C,ORL,82,2215,552,0,6,0.0,280,546,0.513,2005-2006
battish01,Shane Battier,SF,MEM,81,2839,621,65,165,0.394,238,456,0.522,2005-2006
baxtelo01,Lonny Baxter,C,TOT,41,400,104,0,0,,45,104,0.433,2005-2006
bellch01,Charlie Bell,SG,MIL,59,1283,410,71,168,0.423,109,242,0.45,2005-2006
bellra01,Raja Bell,SG,PHO,79,2959,930,197,446,0.442,228,484,0.471,2005-2006
bendejo01,Jonathan Bender,SF,IND,2,21,5,0,0,,4,5,0.8,2005-2006
bibbymi01,Mike Bibby,PG,SAC,82,3167,1382,192,497,0.386,405,885,0.458,2005-2006
biedran01,Andris Biedriņš,C,GSW,68,1000,185,0,0,,118,185,0.638,2005-2006
billuch01,Chauncey Billups,PG,DET,81,2925,1012,184,425,0.433,239,587,0.407,2005-2006
blakest01,Steve Blake,PG,POR,68,1781,470,76,184,0.413,130,286,0.455,2005-2006
blatcan01,Andray Blatche,PF,WAS,29,175,67,3,13,0.231,23,54,0.426,2005-2006
blounma01,Mark Blount,C,TOT,81,2240,734,0,0,,373,734,0.508,2005-2006
boganke01,Keith Bogans,SG,TOT,72,1912,544,65,200,0.325,150,344,0.436,2005-2006
bogutan01,Andrew Bogut,PF,MIL,82,2348,606,0,3,0.0,323,603,0.536,2005-2006
bonnema01,Matt Bonner,PF,TOR,78,1710,467,102,243,0.42,107,224,0.478,2005-2006
boothca01,Calvin Booth,C,WAS,33,250,47,1,2,0.5,19,45,0.422,2005-2006
boozeca01,Carlos Boozer,PF,UTA,33,1025,399,0,0,,219,399,0.549,2005-2006
boshch01,Chris Bosh*,C,TOR,70,2751,1087,0,13,0.0,549,1074,0.511,2005-2006
bowenbr01,Bruce Bowen,SF,SAS,82,2755,536,104,245,0.424,128,291,0.44,2005-2006
bowenry01,Ryan Bowen,SF,HOU,68,652,124,3,22,0.136,34,102,0.333,2005-2006
boykiea01,Earl Boykins,PG,DEN,60,1542,661,62,179,0.346,209,482,0.434,2005-2006
bradlmi01,Michael Bradley,PF,PHI,46,367,79,1,5,0.2,31,74,0.419,2005-2006
brandel01,Elton Brand,PF,LAC,79,3099,1435,1,3,0.333,755,1432,0.527,2005-2006
brezepr01,Primož Brezec,C,CHA,79,2165,791,0,2,0.0,409,789,0.518,2005-2006
brownde02,Devin Brown,SG,UTA,81,1711,527,39,118,0.331,168,409,0.411,2005-2006
brownkw01,Kwame Brown,C,LAL,72,1978,388,0,1,0.0,204,387,0.527,2005-2006
brownpj01,P.J. Brown,C,NOK,75,2380,583,0,0,,269,583,0.461,2005-2006
brunsri01,Rick Brunson,PG,TOT,27,246,54,5,13,0.385,16,41,0.39,2005-2006
bryanko01,Kobe Bryant*,SG,LAL,80,3277,2173,180,518,0.347,798,1655,0.482,2005-2006
buckngr01,Greg Buckner,SG,DEN,73,1758,417,86,243,0.354,95,174,0.546,2005-2006
burkepa01,Pat Burke,C,PHO,42,346,127,2,7,0.286,61,120,0.508,2005-2006
burksan01,Antonio Burks,PG,MEM,57,570,144,1,6,0.167,50,138,0.362,2005-2006
burleke01,Kevin Burleson,PG,CHA,39,340,88,10,54,0.185,12,34,0.353,2005-2006
butleca01,Caron Butler,SF,WAS,75,2708,1086,41,120,0.342,453,966,0.469,2005-2006
butleja01,Jackie Butler,C,NYK,55,740,215,0,0,,117,215,0.544,2005-2006
butlera01,Rasual Butler,SF,NOK,79,1875,633,92,242,0.38,165,391,0.422,2005-2006
bynuman01,Andrew Bynum,C,LAL,46,338,82,0,0,,33,82,0.402,2005-2006
bynumwi01,Will Bynum,PG,GSW,15,162,52,2,9,0.222,19,43,0.442,2005-2006
cabarza01,Žarko Čabarkapa,PF,GSW,61,505,174,5,20,0.25,62,154,0.403,2005-2006
caldejo01,José Calderón,SG,TOR,64,1487,312,7,43,0.163,125,269,0.465,2005-2006
cambyma01,Marcus Camby,C,DEN,56,1857,649,1,11,0.091,301,638,0.472,2005-2006
cardibr01,Brian Cardinal,PF,MEM,36,402,111,13,29,0.448,33,82,0.402,2005-2006
carroma01,Matt Carroll,SG,CHA,78,1275,476,72,185,0.389,120,291,0.412,2005-2006
cartean01,Anthony Carter,PG,MIN,45,589,137,4,15,0.267,49,122,0.402,2005-2006
cartevi01,Vince Carter,SG,NJN,79,2906,1518,125,367,0.341,528,1151,0.459,2005-2006
cassesa01,Sam Cassell,PG,LAC,78,2653,1112,70,190,0.368,423,922,0.459,2005-2006
catoke01,Kelvin Cato,C,TOT,27,333,84,0,0,,36,84,0.429,2005-2006
chandty01,Tyson Chandler,C,CHI,79,2121,283,0,1,0.0,160,282,0.567,2005-2006
cheanca01,Calbert Cheaney,SF,GSW,42,448,108,0,8,0.0,42,100,0.42,2005-2006
childjo01,Josh Childress,SF,ATL,74,2249,504,32,65,0.492,246,439,0.56,2005-2006
chrisdo01,Doug Christie,SG,DAL,7,185,26,0,1,0.0,9,25,0.36,2005-2006
claxtsp01,Speedy Claxton,PG,NOK,71,2019,736,17,63,0.27,287,673,0.426,2005-2006
cleavma01,Mateen Cleaves,PG,SEA,27,230,71,4,16,0.25,21,55,0.382,2005-2006
collija03,Jarron Collins,C,UTA,79,1730,280,0,0,,129,280,0.461,2005-2006
collija04,Jason Collins,C,NJN,71,1895,262,3,12,0.25,101,250,0.404,2005-2006
collini01,Nick Collison,PF,SEA,66,1448,394,0,3,0.0,207,391,0.529,2005-2006
cookbr01,Brian Cook,PF,LAL,81,1535,511,36,84,0.429,225,427,0.527,2005-2006
crawfja01,Jamal Crawford,SG,NYK,79,2555,879,101,293,0.345,265,586,0.452,2005-2006
croshau01,Austin Croshere,PF,IND,50,1148,285,54,140,0.386,78,145,0.538,2005-2006
curryed01,Eddy Curry,C,NYK,72,1865,597,0,0,,336,597,0.563,2005-2006
dalemsa01,Samuel Dalembert,C,PHI,66,1761,369,0,1,0.0,196,368,0.533,2005-2006
dampier01,Erick Dampier,C,DAL,82,1934,347,0,0,,171,347,0.493,2005-2006
daniean01,Antonio Daniels,SG,WAS,80,2283,550,23,101,0.228,207,449,0.461,2005-2006
daniema01,Marquis Daniels,SG,DAL,62,1766,512,4,19,0.211,242,493,0.491,2005-2006
davisan01,Antonio Davis,PF,TOT,44,940,190,0,1,0.0,82,189,0.434,2005-2006
davisba01,Baron Davis,PG,GSW,54,1971,861,102,324,0.315,233,537,0.434,2005-2006
davisda01,Dale Davis,C,DET,28,178,24,0,1,0.0,9,23,0.391,2005-2006
davisjo02,Josh Davis,PF,TOT,6,17,7,0,2,0.0,2,5,0.4,2005-2006
davisri01,Ricky Davis,SG,TOT,78,3207,1304,73,242,0.302,511,1062,0.481,2005-2006
delfica01,Carlos Delfino,SG,DET,68,726,226,20,60,0.333,71,166,0.428,2005-2006
delkto01,Tony Delk,PG,TOT,24,385,161,20,47,0.426,51,114,0.447,2005-2006
denglu01,Luol Deng,SF,CHI,78,2604,954,21,78,0.269,421,876,0.481,2005-2006
diawbo01,Boris Diaw,PF,PHO,81,2874,853,8,30,0.267,441,823,0.536,2005-2006
dickada01,Dan Dickau,PG,BOS,19,234,46,10,20,0.5,7,26,0.269,2005-2006
dienetr01,Travis Diener,PG,ORL,23,246,69,25,57,0.439,4,12,0.333,2005-2006
dioguik01,Ike Diogu,PF,GSW,69,1031,334,0,0,,175,334,0.524,2005-2006
diopde01,DeSagana Diop,C,DAL,81,1510,154,1,2,0.5,74,152,0.487,2005-2006
dixonju01,Juan Dixon,SG,POR,76,1920,821,65,170,0.382,292,651,0.449,2005-2006
doleami01,Michael Doleac,C,MIA,31,371,88,0,0,,37,88,0.42,2005-2006
doolike01,Keyon Dooling,PG,ORL,50,1137,405,13,43,0.302,165,362,0.456,2005-2006
duhonch01,Chris Duhon,PG,CHI,74,2155,538,100,278,0.36,115,260,0.442,2005-2006
duncati01,Tim Duncan*,PF,SAS,80,2784,1185,2,5,0.4,572,1180,0.485,2005-2006
dunlemi02,Mike Dunleavy,SF,GSW,81,2578,816,74,260,0.285,257,556,0.462,2005-2006
duprero01,Ronald Dupree,SF,MIN,36,265,63,0,1,0.0,33,62,0.532,2005-2006
edwarjo01,John Edwards,C,ATL,40,296,64,0,0,,31,64,0.484,2005-2006
eisleho01,Howard Eisley,PG,TOT,32,394,103,13,42,0.31,21,61,0.344,2005-2006
ellismo01,Monta Ellis,SG,GSW,49,886,318,28,82,0.341,104,236,0.441,2005-2006
elsonfr01,Francisco Elson,C,DEN,72,1579,284,1,5,0.2,150,279,0.538,2005-2006
elyme01,Melvin Ely,PF,CHA,57,1348,425,0,2,0.0,216,423,0.511,2005-2006
evansma01,Maurice Evans,SG,DET,80,1139,341,43,116,0.371,111,225,0.493,2005-2006
evansre01,Reggie Evans,PF,TOT,67,1393,268,0,1,0.0,131,267,0.491,2005-2006
ewingda01,Daniel Ewing,SG,LAC,66,971,255,22,78,0.282,75,177,0.424,2005-2006
felixno01,Noel Felix,SF,SEA,12,82,25,1,3,0.333,5,22,0.227,2005-2006
feltora01,Raymond Felton,PG,CHA,80,2406,883,97,271,0.358,248,612,0.405,2005-2006
finlemi01,Michael Finley,SG,SAS,77,2038,695,110,279,0.394,176,416,0.423,2005-2006
fishede01,Derek Fisher,PG,GSW,82,2589,887,117,295,0.397,247,592,0.417,2005-2006
fitchge01,Gerald Fitch,PG,MIA,18,239,89,7,26,0.269,23,63,0.365,2005-2006
fizerma01,Marcus Fizer,PF,NOK,3,39,17,1,1,1.0,8,16,0.5,2005-2006
fordsh02,Sharrod Ford,PF,PHO,3,13,3,0,0,,2,3,0.667,2005-2006
fordtj01,T.J. Ford,PG,MIL,72,2557,789,35,104,0.337,293,685,0.428,2005-2006
fortsda01,Danny Fortson,C,SEA,23,276,51,0,0,,27,51,0.529,2005-2006
fosteje01,Jeff Foster,C,IND,63,1581,250,0,4,0.0,138,246,0.561,2005-2006
foylead01,Adonal Foyle,C,GSW,77,1824,300,0,0,,152,300,0.507,2005-2006
frahmri01,Richie Frahm,SG,TOT,33,342,100,23,70,0.329,16,30,0.533,2005-2006
francst01,Steve Francis,PG,TOT,70,2393,765,25,83,0.301,308,682,0.452,2005-2006
fryech01,Channing Frye,C,NYK,65,1572,640,3,9,0.333,302,631,0.479,2005-2006
gadzuda01,Dan Gadzuric,C,MIL,74,885,309,0,1,0.0,171,308,0.555,2005-2006
gaide01,Deng Gai,C,PHI,2,5,0,0,0,,0,0,,2005-2006
gainere01,Reece Gaines,PG,MIL,12,54,12,0,2,0.0,6,10,0.6,2005-2006
garcifr01,Francisco García,SF,SAC,67,1301,325,39,137,0.285,91,188,0.484,2005-2006
garneke01,Kevin Garnett*,PF,MIN,76,2957,1191,8,30,0.267,618,1161,0.532,2005-2006
garripa01,Pat Garrity,PF,ORL,57,938,242,50,129,0.388,51,113,0.451,2005-2006
gasolpa01,Pau Gasol,PF,MEM,80,3135,1194,3,12,0.25,597,1182,0.505,2005-2006
georgde01,Devean George,SF,LAL,71,1542,425,50,160,0.313,120,265,0.453,2005-2006
gilled01,Eddie Gill,PG,IND,41,122,45,7,23,0.304,3,22,0.136,2005-2006
ginobma01,Manu Ginóbili,SG,SAS,65,1813,669,83,217,0.382,226,452,0.5,2005-2006
giricgo01,Gordan Giriček,SG,UTA,37,956,383,18,59,0.305,148,324,0.457,2005-2006
goldwan01,Anthony Goldwire,PG,LAC,3,22,7,0,2,0.0,1,5,0.2,2005-2006
gomesry01,Ryan Gomes,PF,BOS,61,1376,355,3,9,0.333,170,346,0.491,2005-2006
goodedr01,Drew Gooden,PF,CLE,79,2174,652,1,3,0.333,333,649,0.513,2005-2006
gordobe01,Ben Gordon,SG,CHI,80,2482,1152,166,382,0.435,320,770,0.416,2005-2006
grahajo01,Joey Graham,SF,TOR,80,1581,414,29,87,0.333,169,327,0.517,2005-2006
grahast01,Stephen Graham,SG,TOT,22,175,54,2,10,0.2,19,44,0.432,2005-2006
grangda01,Danny Granger,SF,IND,78,1765,478,30,93,0.323,191,385,0.496,2005-2006
grantbr01,Brian Grant,C,PHO,21,248,65,0,0,,27,65,0.415,2005-2006
greende01,Devin Green,SG,LAL,27,135,28,0,2,0.0,6,26,0.231,2005-2006
greenge01,Gerald Green,SG,BOS,32,374,138,6,20,0.3,60,118,0.508,2005-2006
greenwi01,Willie Green,SG,PHI,10,153,66,10,19,0.526,18,47,0.383,2005-2006
greenor01,Orien Greene,PG,BOS,80,1235,253,9,40,0.225,91,213,0.427,2005-2006
griffad01,Adrian Griffin,SG,DAL,52,1245,204,0,2,0.0,98,202,0.485,2005-2006
griffed01,Eddie Griffin,C,MIN,70,1359,370,16,82,0.195,114,288,0.396,2005-2006
grundan01,Anthony Grundy,SG,ATL,12,108,38,5,15,0.333,14,23,0.609,2005-2006
hamilri01,Richard Hamilton,SG,DET,80,2825,1322,55,120,0.458,594,1202,0.494,2005-2006
hamilze01,Zendon Hamilton,C,TOT,12,49,14,0,0,,7,14,0.5,2005-2006
hardaan01,Anfernee Hardaway,SF,NYK,4,72,14,0,1,0.0,4,13,0.308,2005-2006
harprma01,Matt Harpring,SF,UTA,71,1944,678,14,39,0.359,308,639,0.482,2005-2006
harrial01,Al Harrington,PF,ATL,76,2782,1220,66,191,0.346,485,1029,0.471,2005-2006
harriot01,Othella Harrington,C,CHI,72,824,273,0,0,,135,273,0.495,2005-2006
harride01,Devin Harris,PG,DAL,56,1275,405,5,21,0.238,185,384,0.482,2005-2006
harrida01,David Harrison,C,IND,67,1034,294,0,0,,148,294,0.503,2005-2006
hartja01,Jason Hart,PG,SAC,66,818,221,9,31,0.29,77,190,0.405,2005-2006
hasleud01,Udonis Haslem,PF,MIA,81,2491,591,0,2,0.0,300,589,0.509,2005-2006
hassetr01,Trenton Hassell,SG,MIN,77,2514,616,7,23,0.304,279,593,0.47,2005-2006
hayesch01,Chuck Hayes,PF,HOU,40,535,105,0,1,0.0,59,104,0.567,2005-2006
hayesja01,Jarvis Hayes,SG,WAS,21,516,183,17,47,0.362,60,136,0.441,2005-2006
haywobr01,Brendan Haywood,C,WAS,79,1879,432,0,0,,222,432,0.514,2005-2006
headlu01,Luther Head,SG,HOU,80,2310,630,113,313,0.361,141,317,0.445,2005-2006
hendeal01,Alan Henderson,C,CLE,51,531,91,0,0,,47,91,0.516,2005-2006
hilarne01,Nenê,PF,DEN,1,3,1,0,0,,0,1,0.0,2005-2006
hillgr01,Grant Hill*,SF,ORL,21,613,243,2,8,0.25,117,235,0.498,2005-2006
hinriki01,Kirk Hinrich,PG,CHI,81,2955,1078,126,341,0.37,325,737,0.441,2005-2006
hodgeju01,Julius Hodge,SG,DEN,14,33,13,0,0,,5,13,0.385,2005-2006
holcora01,Randy Holcomb,SF,CHI,4,11,1,0,0,,1,1,1.0,2005-2006
horryro01,Robert Horry,PF,SAS,63,1182,292,53,144,0.368,59,148,0.399,2005-2006
houseed01,Eddie House,PG,PHO,81,1421,759,123,316,0.389,197,443,0.445,2005-2006
howardw01,Dwight Howard,PF,ORL,82,3021,881,0,2,0.0,468,879,0.532,2005-2006
howarjo01,Josh Howard,SF,DAL,59,1915,743,27,63,0.429,323,680,0.475,2005-2006
howarju01,Juwan Howard,PF,HOU,80,2537,859,0,4,0.0,394,855,0.461,2005-2006
hudsotr01,Troy Hudson,PG,MIN,36,800,333,40,101,0.396,87,232,0.375,2005-2006
hughela01,Larry Hughes,SG,CLE,36,1281,469,28,76,0.368,164,393,0.417,2005-2006
humphkr01,Kris Humphries,PF,UTA,62,619,203,0,5,0.0,77,198,0.389,2005-2006
hunteli01,Lindsey Hunter,PG,DET,30,353,100,11,43,0.256,26,57,0.456,2005-2006
huntest01,Steven Hunter,C,PHI,69,1312,291,0,0,,175,291,0.601,2005-2006
iguodan01,Andre Iguodala,SF,PHI,82,3086,688,56,158,0.354,288,530,0.543,2005-2006
ilgauzy01,Zydrunas Ilgauskas,C,CLE,78,2283,889,0,5,0.0,450,884,0.509,2005-2006
mbengdj01,D.J. Mbenga,C,DAL,43,237,60,0,1,0.0,32,59,0.542,2005-2006
iversal01,Allen Iverson*,PG,PHI,72,3103,1822,72,223,0.323,743,1599,0.465,2005-2006
iveyro01,Royal Ivey,PG,ATL,73,978,264,4,10,0.4,112,254,0.441,2005-2006
jackja01,Jarrett Jack,SG,POR,79,1599,428,20,76,0.263,169,352,0.48,2005-2006
jacksbo01,Bobby Jackson,PG,MEM,71,1775,748,129,332,0.389,157,416,0.377,2005-2006
jacksje01,Jermaine Jackson,PG,MIL,30,202,26,1,4,0.25,10,22,0.455,2005-2006
jacksji01,Jim Jackson,SF,TOT,40,512,160,18,74,0.243,29,86,0.337,2005-2006
jackslu02,Luke Jackson,SF,CLE,36,315,85,12,36,0.333,17,49,0.347,2005-2006
jacksma02,Marc Jackson,C,TOT,64,1027,369,1,2,0.5,173,367,0.471,2005-2006
jacksst02,Stephen Jackson,SG,IND,81,2910,1148,117,339,0.345,355,809,0.439,2005-2006
jamesje01,Jerome James,C,NYK,45,406,121,0,0,,56,121,0.463,2005-2006
jamesle01,LeBron James,SF,CLE,79,3361,1823,127,379,0.335,748,1444,0.518,2005-2006
jamesmi01,Mike James,PG,TOR,79,2925,1228,169,382,0.442,407,846,0.481,2005-2006
jamisan01,Antawn Jamison,SF,WAS,82,3288,1494,147,373,0.394,513,1121,0.458,2005-2006
jaricma01,Marko Jarić,PG,MIN,75,2102,566,40,133,0.301,186,433,0.43,2005-2006
jasiksa01,Šarūnas Jasikevičius,PG,IND,75,1557,429,86,236,0.364,84,193,0.435,2005-2006
jeffeal01,Al Jefferson,PF,BOS,59,1062,379,0,4,0.0,189,375,0.504,2005-2006
jefferi01,Richard Jefferson,SF,NJN,78,3059,1005,60,188,0.319,435,817,0.532,2005-2006
jeffrja01,Jared Jeffries,PF,WAS,77,1951,415,16,50,0.32,171,365,0.468,2005-2006
johnsam01,Amir Johnson,SF,DET,3,39,10,2,3,0.667,5,7,0.714,2005-2006
johnsan02,Anthony Johnson,PG,IND,75,1981,603,51,155,0.329,216,448,0.482,2005-2006
johnsde03,DerMarr Johnson,SG,DEN,58,924,306,56,160,0.35,76,146,0.521,2005-2006
johnser02,Ervin Johnson,C,MIL,18,81,17,0,0,,7,17,0.412,2005-2006
johnsjo02,Joe Johnson,SG,ATL,82,3340,1395,128,360,0.356,504,1035,0.487,2005-2006
johnsli01,Linton Johnson,SF,TOT,36,524,149,13,36,0.361,48,113,0.425,2005-2006
jonesda02,Dahntay Jones,SF,MEM,71,967,263,3,21,0.143,106,242,0.438,2005-2006
jonesda01,Damon Jones,PG,CLE,82,2089,491,140,371,0.377,50,120,0.417,2005-2006
jonesdw02,Dwayne Jones,PF,BOS,14,87,10,0,0,,4,10,0.4,2005-2006
jonesed02,Eddie Jones,SG,MEM,75,2437,722,133,374,0.356,159,348,0.457,2005-2006
jonesfr01,Fred Jones,SG,IND,68,1837,559,63,187,0.337,170,372,0.457,2005-2006
jonesja02,James Jones,SF,PHO,75,1772,581,110,285,0.386,133,296,0.449,2005-2006
jonesju01,Jumaine Jones,PF,CHA,76,2089,736,115,335,0.343,183,401,0.456,2005-2006
kamanch01,Chris Kaman,C,LAC,78,2560,706,0,2,0.0,369,704,0.524,2005-2006
kaponja01,Jason Kapono,SF,MIA,51,665,177,21,53,0.396,58,124,0.468,2005-2006
kasunma01,Mario Kasun,C,ORL,28,213,69,0,0,,31,69,0.449,2005-2006
khryavi01,Viktor Khryapa,SF,POR,69,1492,342,10,30,0.333,148,312,0.474,2005-2006
kiddja01,Jason Kidd*,PG,NJN,80,2975,905,139,395,0.352,227,510,0.445,2005-2006
kirilan01,Andrei Kirilenko,SF,UTA,69,2604,730,36,117,0.308,300,613,0.489,2005-2006
kleizli01,Linas Kleiza,PF,DEN,61,519,173,2,13,0.154,75,160,0.469,2005-2006
knighbr01,Brevin Knight,PG,CHA,69,2351,772,3,13,0.231,305,759,0.402,2005-2006
korolya01,Yaroslav Korolev,SF,LAC,24,127,30,2,7,0.286,7,23,0.304,2005-2006
korveky01,Kyle Korver,SF,PHI,82,2563,761,184,438,0.42,143,323,0.443,2005-2006
krstine01,Nenad Krstić,PF,NJN,80,2469,881,1,4,0.25,446,877,0.509,2005-2006
kukocto01,Toni Kukoč*,PF,MIL,65,1018,298,45,147,0.306,71,151,0.47,2005-2006
lafrera01,Raef LaFrentz,PF,BOS,82,2033,552,112,286,0.392,126,266,0.474,2005-2006
lampema01,Maciej Lampe,C,TOT,6,28,11,0,0,,2,11,0.182,2005-2006
leeda02,David Lee,SF,NYK,67,1129,230,0,0,,137,230,0.596,2005-2006
lenarvo01,Voshon Lenard,SG,TOT,26,458,191,25,78,0.321,50,113,0.442,2005-2006
lewisra02,Rashard Lewis,SF,SEA,78,2876,1151,142,370,0.384,396,781,0.507,2005-2006
livinra01,Randy Livingston,PG,CHI,5,22,2,0,0,,0,2,0.0,2005-2006
livinsh01,Shaun Livingston,PG,LAC,61,1525,349,1,8,0.125,148,341,0.434,2005-2006
lucasjo02,John Lucas III,PG,HOU,13,107,36,2,9,0.222,12,27,0.444,2005-2006
luety01,Tyronn Lue,PG,ATL,51,1234,418,58,127,0.457,134,291,0.46,2005-2006
macijar01,Arvydas Macijauskas,SG,NOK,19,135,41,3,12,0.25,11,29,0.379,2005-2006
madsema01,Mark Madsen,C,MIN,62,676,66,0,7,0.0,27,59,0.458,2005-2006
maggeco01,Corey Maggette,SF,LAC,32,943,375,24,71,0.338,143,304,0.47,2005-2006
magloja01,Jamaal Magloire,C,MIL,82,2465,615,0,0,,287,615,0.467,2005-2006
marbust01,Stephon Marbury,PG,NYK,60,2193,774,33,104,0.317,316,670,0.472,2005-2006
mariosh01,Shawn Marion,PF,PHO,81,3263,1365,96,290,0.331,620,1075,0.577,2005-2006
marksse01,Sean Marks,PF,SAS,25,181,71,0,3,0.0,37,68,0.544,2005-2006
marshdo01,Donyell Marshall,PF,CLE,81,2077,671,128,395,0.324,137,276,0.496,2005-2006
marshra01,Rawle Marshall,SF,DAL,23,241,60,1,3,0.333,23,57,0.404,2005-2006
martida01,Darrick Martin,PG,TOR,40,339,97,16,40,0.4,18,57,0.316,2005-2006
martike01,Kenyon Martin,PF,DEN,56,1546,600,5,22,0.227,292,578,0.505,2005-2006
martike02,Kevin Martin,SG,SAC,72,1913,546,66,179,0.369,196,367,0.534,2005-2006
masonde01,Desmond Mason,SF,NOK,70,2102,690,1,6,0.167,274,684,0.401,2005-2006
maxieja01,Jason Maxiell,PF,DET,26,159,54,0,0,,23,54,0.426,2005-2006
mayse01,Sean May,PF,CHA,23,398,171,0,5,0.0,70,166,0.422,2005-2006
mccanra01,Rashad McCants,SG,MIN,79,1362,535,67,180,0.372,174,355,0.49,2005-2006
mccarwa01,Walter McCarty,SF,LAC,36,353,99,10,45,0.222,23,54,0.426,2005-2006
mcdyean01,Antonio McDyess,PF,DET,82,1733,560,0,2,0.0,285,558,0.511,2005-2006
mcgratr01,Tracy McGrady*,SF,HOU,47,1745,1011,73,234,0.312,337,777,0.434,2005-2006
mcinnje01,Jeff McInnis,SG,NJN,28,486,143,3,16,0.188,60,127,0.472,2005-2006
mckieaa01,Aaron McKie,PG,LAL,14,121,12,0,2,0.0,3,10,0.3,2005-2006
mcleoke01,Keith McLeod,PG,UTA,66,1232,340,24,82,0.293,96,258,0.372,2005-2006
medvest01,Stanislav Medvedenko,PF,LAL,2,6,2,0,0,,1,2,0.5,2005-2006
mihmch01,Chris Mihm,C,LAL,59,1541,459,0,0,,230,459,0.501,2005-2006
milesaa01,Aaron Miles,PG,GSW,19,118,18,0,0,,6,18,0.333,2005-2006
milescj01,C.J. Miles,PG,UTA,23,203,76,5,20,0.25,23,56,0.411,2005-2006
milesda01,Darius Miles,SF,POR,40,1286,510,2,10,0.2,233,500,0.466,2005-2006
milicda01,Darko Miličić,C,TOT,55,767,234,0,2,0.0,119,232,0.513,2005-2006
millean02,Andre Miller,PG,DEN,82,2937,872,5,27,0.185,399,845,0.472,2005-2006
millebr01,Brad Miller,C,SAC,79,2923,877,34,88,0.386,400,789,0.507,2005-2006
millemi01,Mike Miller,SG,MEM,74,2268,760,138,339,0.407,216,421,0.513,2005-2006
mingya01,Yao Ming*,C,HOU,57,1949,900,0,1,0.0,467,899,0.519,2005-2006
moblecu01,Cuttino Mobley,SG,LAC,79,2979,1008,83,245,0.339,346,763,0.453,2005-2006
mohamna01,Nazr Mohammed,C,SAS,80,1389,377,0,0,,190,377,0.504,2005-2006
moniase01,Sergei Monia,SF,TOT,26,343,87,9,34,0.265,20,53,0.377,2005-2006
mooremi01,Mikki Moore,C,SEA,47,583,124,0,2,0.0,54,122,0.443,2005-2006
morrite01,Terence Morris,SF,ORL,22,192,49,0,2,0.0,16,47,0.34,2005-2006
mournal01,Alonzo Mourning*,C,MIA,65,1302,315,0,1,0.0,188,314,0.599,2005-2006
murphtr01,Troy Murphy,PF,GSW,74,2516,838,58,181,0.32,305,657,0.464,2005-2006
murrala01,Lamond Murray,SF,NJN,57,576,181,27,78,0.346,45,103,0.437,2005-2006
murraro01,Ronald Murray,SG,TOT,76,2112,768,37,141,0.262,284,627,0.453,2005-2006
mutomdi01,Dikembe Mutombo*,C,HOU,64,955,95,0,0,,50,95,0.526,2005-2006
ndongbo01,Boniface N'Dong,C,LAC,23,152,53,0,1,0.0,22,52,0.423,2005-2006
nachbbo01,Boštjan Nachbar,PF,TOT,36,502,156,19,71,0.268,35,85,0.412,2005-2006
nailole01,Lee Nailon,PF,PHI,22,237,80,0,0,,40,80,0.5,2005-2006
najered01,Eduardo Nájera,PF,DEN,64,1449,301,4,12,0.333,123,289,0.426,2005-2006
nashst01,Steve Nash*,PG,PHO,79,2796,1056,150,342,0.439,391,714,0.548,2005-2006
nelsoja01,Jameer Nelson,PG,ORL,62,1784,719,70,165,0.424,277,554,0.5,2005-2006
nestera01,Rasho Nesterović,C,SAS,80,1515,334,0,2,0.0,172,332,0.518,2005-2006
newblir01,Ira Newble,SG,CLE,36,353,57,3,13,0.231,14,44,0.318,2005-2006
nocioan01,Andrés Nocioni,PF,CHI,82,2239,831,93,238,0.391,290,593,0.489,2005-2006
norrimo01,Moochie Norris,PG,TOT,45,424,112,4,14,0.286,42,98,0.429,2005-2006
nowitdi01,Dirk Nowitzki,PF,DAL,81,3089,1564,110,271,0.406,641,1293,0.496,2005-2006
onealje01,Jermaine O'Neal,PF,IND,51,1802,805,3,10,0.3,377,795,0.474,2005-2006
onealsh01,Shaquille O'Neal*,C,MIA,59,1806,800,0,0,,480,800,0.6,2005-2006
obertfa01,Fabricio Oberto,C,SAS,59,490,93,0,2,0.0,44,91,0.484,2005-2006
odomla01,Lamar Odom,PF,LAL,80,3221,925,80,215,0.372,365,710,0.514,2005-2006
okafoem01,Emeka Okafor,PF,CHA,26,874,316,0,0,,131,316,0.415,2005-2006
okurme01,Mehmet Okur,PF,UTA,82,2945,1128,80,234,0.342,439,894,0.491,2005-2006
ollieke01,Kevin Ollie,SG,PHI,70,1069,174,1,3,0.333,74,171,0.433,2005-2006
olowomi01,Michael Olowokandi,C,TOT,48,919,240,0,0,,107,240,0.446,2005-2006
ostergr01,Greg Ostertag,C,UTA,60,807,124,0,0,,61,124,0.492,2005-2006
outlabo01,Bo Outlaw,PF,ORL,32,355,58,0,0,,35,58,0.603,2005-2006
outlatr01,Travis Outlaw,PF,POR,69,1153,368,14,53,0.264,148,315,0.47,2005-2006
owensan01,Andre Owens,PG,UTA,23,210,74,3,16,0.188,24,58,0.414,2005-2006
pachuza01,Zaza Pachulia,C,ATL,78,2452,681,0,2,0.0,307,679,0.452,2005-2006
padgesc01,Scott Padgett,PF,NJN,62,718,201,42,121,0.347,29,80,0.363,2005-2006
palacmi01,Milt Palacio,PG,UTA,71,1376,403,1,16,0.063,170,387,0.439,2005-2006
pargoja01,Jannero Pargo,PG,CHI,57,646,292,39,103,0.379,70,189,0.37,2005-2006
parkesm01,Smush Parker,PG,LAL,82,2773,779,120,328,0.366,228,451,0.506,2005-2006
parketo01,Tony Parker,PG,SAS,80,2715,1136,11,36,0.306,612,1100,0.556,2005-2006
patteru01,Ruben Patterson,SF,TOT,71,1792,635,1,13,0.077,326,622,0.524,2005-2006
paulch01,Chris Paul,PG,NOK,78,2808,947,50,177,0.282,357,770,0.464,2005-2006
pavloal01,Sasha Pavlović,SG,CLE,53,813,212,35,96,0.365,52,116,0.448,2005-2006
paytoga01,Gary Payton*,PG,MIA,81,2305,547,66,230,0.287,164,317,0.517,2005-2006
perkike01,Kendrick Perkins,C,BOS,68,1332,266,0,2,0.0,137,264,0.519,2005-2006
petermo01,Morris Peterson,SG,TOR,82,3140,1096,177,448,0.395,301,648,0.465,2005-2006
petrojo01,Johan Petro,C,SEA,68,1282,300,0,0,,153,300,0.51,2005-2006
piatker01,Eric Piatkowski,SG,CHI,29,228,61,9,33,0.273,15,28,0.536,2005-2006
piercpa01,Paul Pierce*,SF,BOS,79,3084,1462,111,314,0.354,578,1148,0.503,2005-2006
pietrmi01,Mickaël Piétrus,SF,GSW,52,1179,418,56,176,0.318,113,242,0.467,2005-2006
planizo01,Zoran Planinić,PG,NJN,56,596,183,13,56,0.232,53,127,0.417,2005-2006
podkopa01,Pavel Podkolzin,C,DAL,1,18,2,0,0,,0,2,0.0,2005-2006
pollasc01,Scot Pollard,C,IND,45,771,154,0,0,,70,154,0.455,2005-2006
poseyja01,James Posey,SF,MIA,67,1914,395,117,290,0.403,42,105,0.4,2005-2006
potapvi01,Vitaly Potapenko,C,TOT,33,353,71,0,0,,37,71,0.521,2005-2006
poweljo01,Josh Powell,PF,DAL,37,429,81,0,0,,37,81,0.457,2005-2006
pricero01,Ronnie Price,PG,SAC,29,150,58,6,27,0.222,15,31,0.484,2005-2006
princta01,Tayshaun Prince,SF,DET,82,2898,999,64,183,0.35,391,816,0.479,2005-2006
profila01,Laron Profit,SG,LAL,25,279,84,3,18,0.167,37,66,0.561,2005-2006
przybjo01,Joel Przybilla,C,POR,56,1395,239,0,0,,131,239,0.548,2005-2006
radmavl01,Vladimir Radmanović,PF,TOT,77,1974,643,138,354,0.39,124,289,0.429,2005-2006
randosh01,Shavlik Randolph,PF,PHI,57,487,97,0,0,,44,97,0.454,2005-2006
randoza01,Zach Randolph,PF,POR,74,2545,1229,16,55,0.291,520,1174,0.443,2005-2006
ratlith01,Theo Ratliff,C,POR,55,1301,189,0,0,,108,189,0.571,2005-2006
rebraze01,Željko Rebrača,C,LAC,29,412,96,0,0,,52,96,0.542,2005-2006
reddmi01,Michael Redd,SG,MIL,80,3130,1516,163,413,0.395,519,1103,0.471,2005-2006
reedju01,Justin Reed,SF,TOT,72,997,295,0,1,0.0,119,294,0.405,2005-2006
richaja01,Jason Richardson,SG,GSW,75,2877,1438,183,477,0.384,458,961,0.477,2005-2006
richaqu01,Quentin Richardson,SF,NYK,55,1442,459,64,188,0.34,99,271,0.365,2005-2006
ridnolu01,Luke Ridnour,PG,SEA,79,2625,799,43,149,0.289,291,650,0.448,2005-2006
roberan02,Anthony Roberson,PG,MEM,16,88,31,5,10,0.5,9,21,0.429,2005-2006
roberla01,Lawrence Roberts,C,MEM,33,181,44,0,2,0.0,20,42,0.476,2005-2006
robinbe01,Bernard Robinson,SF,CHA,66,1303,365,2,21,0.095,155,344,0.451,2005-2006
robincl02,Clifford Robinson,PF,NJN,80,1863,513,60,175,0.343,159,338,0.47,2005-2006
robinna01,Nate Robinson,PG,NYK,72,1544,565,58,146,0.397,172,419,0.411,2005-2006
roseja01,Jalen Rose,SF,TOT,72,1983,685,59,172,0.343,231,513,0.45,2005-2006
rosema01,Malik Rose,PF,NYK,72,1119,281,1,1,1.0,104,280,0.371,2005-2006
rossqu01,Quinton Ross,SF,LAC,67,1515,308,0,7,0.0,130,301,0.432,2005-2006
ruffimi01,Michael Ruffin,C,WAS,76,1010,77,0,2,0.0,34,75,0.453,2005-2006
rushka01,Kareem Rush,SG,CHA,47,1111,469,57,164,0.348,124,305,0.407,2005-2006
russebr01,Bryon Russell,SF,DEN,1,3,0,0,0,,0,0,,2005-2006
salmojo01,John Salmons,SG,PHI,82,2059,521,26,87,0.299,193,434,0.445,2005-2006
sampsja01,Jamal Sampson,PF,SAC,12,39,7,0,0,,5,7,0.714,2005-2006
sandeme01,Melvin Sanders,SG,SAS,16,113,33,2,3,0.667,14,30,0.467,2005-2006
scalabr01,Brian Scalabrine,PF,BOS,71,938,193,31,87,0.356,43,106,0.406,2005-2006
scaleal01,Alex Scales,SG,SAS,1,0,0,0,0,,0,0,,2005-2006
schenlu01,Luke Schenscher,C,CHI,20,149,26,0,0,,16,26,0.615,2005-2006
seungha01,Ha Seung-Jin,C,POR,27,212,31,0,0,,18,31,0.581,2005-2006
simiewa01,Wayne Simien,PF,MIA,43,414,120,0,0,,58,120,0.483,2005-2006
simmobo01,Bobby Simmons,SF,MIL,75,2538,808,105,250,0.42,261,558,0.468,2005-2006
singlja01,James Singleton,SF,LAC,59,753,151,10,20,0.5,67,131,0.511,2005-2006
skinnbr01,Brian Skinner,PF,TOT,65,944,160,0,0,,82,160,0.513,2005-2006
smithch04,Charles Smith,SG,TOT,22,210,72,15,38,0.395,15,34,0.441,2005-2006
smithdo04,Donta Smith,SG,ATL,23,127,27,2,4,0.5,13,23,0.565,2005-2006
smithjr01,J.R. Smith,SG,NOK,55,989,366,52,140,0.371,92,226,0.407,2005-2006
smithjo02,Joe Smith,PF,MIL,44,887,305,0,2,0.0,145,303,0.479,2005-2006
smithjo03,Josh Smith,SF,ATL,80,2559,774,34,110,0.309,295,664,0.444,2005-2006
snower01,Eric Snow,PG,CLE,82,2351,399,1,10,0.1,162,389,0.416,2005-2006
snydeki01,Kirk Snyder,SG,NOK,68,1310,453,46,129,0.357,159,324,0.491,2005-2006
songada01,Darius Songaila,PF,CHI,62,1329,491,2,5,0.4,234,486,0.481,2005-2006
sowpa01,Pape Sow,C,TOR,42,590,123,0,0,,53,123,0.431,2005-2006
stackje01,Jerry Stackhouse,SG,DAL,55,1525,603,36,130,0.277,206,473,0.436,2005-2006
stevede01,DeShawn Stevenson,SG,ORL,82,2648,781,2,15,0.133,357,766,0.466,2005-2006
stojape01,Peja Stojaković,SF,TOT,71,2601,1018,162,404,0.401,283,614,0.461,2005-2006
storeaw01,Awvee Storey,SF,WAS,25,116,41,3,7,0.429,13,34,0.382,2005-2006
stoudda01,Damon Stoudamire,PG,MEM,27,862,287,36,104,0.346,78,183,0.426,2005-2006
stoudsa01,Salim Stoudamire,SG,ATL,61,1236,492,82,216,0.38,122,276,0.442,2005-2006
stoudam01,Amar'e Stoudemire,C,PHO,3,50,27,0,1,0.0,9,26,0.346,2005-2006
sweetmi01,Mike Sweetney,C,CHI,66,1222,444,0,0,,200,444,0.45,2005-2006
swiftro01,Robert Swift,C,SEA,47,987,241,0,0,,124,241,0.515,2005-2006
swiftst01,Stromile Swift,C,HOU,66,1344,458,0,2,0.0,225,456,0.493,2005-2006
szczewa02,Wally Szczerbiak,SF,TOT,72,2729,1012,102,255,0.4,391,757,0.517,2005-2006
taftch01,Chris Taft,C,GSW,17,144,38,0,0,,23,38,0.605,2005-2006
taylodo01,Donell Taylor,SG,WAS,51,465,136,4,17,0.235,49,119,0.412,2005-2006
tayloma01,Maurice Taylor,PF,NYK,67,1210,389,0,1,0.0,182,388,0.469,2005-2006
telfase01,Sebastian Telfair,PG,POR,68,1641,578,57,162,0.352,171,416,0.411,2005-2006
terryja01,Jason Terry,PG,DAL,80,2798,1099,171,416,0.411,345,683,0.505,2005-2006
thomabi01,Billy Thomas,SG,WAS,17,131,40,10,30,0.333,3,10,0.3,2005-2006
thomaet01,Etan Thomas,C,WAS,71,1121,246,0,0,,131,246,0.533,2005-2006
thomaja02,James Thomas,PF,TOT,22,150,19,0,0,,10,19,0.526,2005-2006
thomajo02,John Thomas,C,TOT,16,127,15,0,0,,6,15,0.4,2005-2006
thomake01,Kenny Thomas,PF,SAC,82,2293,604,0,1,0.0,305,603,0.506,2005-2006
thomaku01,Kurt Thomas,C,PHO,53,1411,391,0,0,,190,391,0.486,2005-2006
thomati01,Tim Thomas,PF,TOT,29,666,262,46,111,0.414,67,151,0.444,2005-2006
thompdi01,Dijon Thompson,SG,PHO,10,43,25,4,11,0.364,7,14,0.5,2005-2006
tinslja01,Jamaal Tinsley,PG,IND,42,1122,386,16,70,0.229,142,316,0.449,2005-2006
tsakaja01,Jake Tsakalidis,C,MEM,51,732,165,0,0,,100,165,0.606,2005-2006
tskitni01,Nikoloz Tskitishvili,SF,TOT,17,99,37,1,3,0.333,12,34,0.353,2005-2006
turiaro01,Ronny Turiaf,C,LAL,23,161,30,0,0,,15,30,0.5,2005-2006
turkohe01,Hedo Türkoğlu,SF,ORL,78,2615,877,114,283,0.403,284,594,0.478,2005-2006
udokaim01,Ime Udoka,SF,NYK,8,114,24,1,3,0.333,8,21,0.381,2005-2006
udrihbe01,Beno Udrih,PG,SAS,54,586,233,24,70,0.343,82,163,0.503,2005-2006
vanexni01,Nick Van Exel,PG,SAS,65,986,343,55,154,0.357,81,189,0.429,2005-2006
vanhoke01,Keith Van Horn,SF,DAL,53,1090,387,50,136,0.368,114,251,0.454,2005-2006
varejan01,Anderson Varejão,C,CLE,48,760,150,0,1,0.0,79,149,0.53,2005-2006
vaughja01,Jacque Vaughn,SG,NJN,80,1234,245,1,6,0.167,106,239,0.444,2005-2006
villach01,Charlie Villanueva,PF,TOR,81,2361,940,70,214,0.327,365,726,0.503,2005-2006
voskuja01,Jake Voskuhl,C,CHA,51,818,261,1,3,0.333,113,258,0.438,2005-2006
vromaja01,Jackson Vroman,PF,NOK,41,406,66,0,0,,26,66,0.394,2005-2006
vujacsa01,Sasha Vujačić,PG,LAL,82,1449,312,59,172,0.343,49,140,0.35,2005-2006
wadedw01,Dwyane Wade,SG,MIA,75,2892,1413,13,76,0.171,686,1337,0.513,2005-2006
wafervo01,Von Wafer,SG,LAL,16,73,38,2,17,0.118,4,21,0.19,2005-2006
walkean02,Antoine Walker,PF,MIA,82,2199,898,137,383,0.358,254,515,0.493,2005-2006
walkesa01,Samaki Walker,PF,IND,7,22,2,0,0,,0,2,0.0,2005-2006
wallabe01,Ben Wallace*,C,DET,82,2890,465,0,4,0.0,237,461,0.514,2005-2006
wallage01,Gerald Wallace,SF,CHA,55,1895,589,14,50,0.28,303,539,0.562,2005-2006
wallara01,Rasheed Wallace,PF,DET,80,2780,1067,155,434,0.357,304,633,0.48,2005-2006
walshma01,Matt Walsh,SG,MIA,2,3,1,0,0,,1,1,1.0,2005-2006
waltolu01,Luke Walton,SF,LAL,69,1333,328,18,55,0.327,117,273,0.429,2005-2006
warriha01,Hakim Warrick,PF,MEM,68,724,228,0,0,,101,228,0.443,2005-2006
watsoea01,Earl Watson,PG,TOT,70,1578,509,110,272,0.404,109,237,0.46,2005-2006
webbech01,Chris Webber*,PF,PHI,75,2893,1422,21,77,0.273,596,1345,0.443,2005-2006
webstma02,Martell Webster,SF,POR,61,1070,348,65,182,0.357,74,166,0.446,2005-2006
wellsbo01,Bonzi Wells,SG,SAC,52,1684,613,10,45,0.222,274,568,0.482,2005-2006
welscji01,Jiří Welsch,SF,MIL,58,866,222,14,49,0.286,72,173,0.416,2005-2006
wesleda01,David Wesley,SG,HOU,71,2372,561,99,271,0.365,127,290,0.438,2005-2006
westda01,David West,PF,NOK,74,2526,1036,3,11,0.273,527,1025,0.514,2005-2006
westde01,Delonte West,PG,BOS,71,2418,684,84,218,0.385,249,466,0.534,2005-2006
whalero01,Robert Whaley,C,UTA,23,212,57,0,0,,23,57,0.404,2005-2006
wilcoch01,Chris Wilcox,C,TOT,77,1529,450,0,2,0.0,257,448,0.574,2005-2006
wilkida02,Damien Wilkins,SF,SEA,82,1525,435,14,56,0.25,179,379,0.472,2005-2006
wilksmi01,Mike Wilks,PG,TOT,47,348,90,3,19,0.158,26,71,0.366,2005-2006
williaa01,Aaron Williams,C,TOT,48,791,176,0,0,,91,176,0.517,2005-2006
willial02,Alvin Williams,PG,TOR,1,10,3,0,2,0.0,0,1,0.0,2005-2006
willide01,Deron Williams,PG,UTA,80,2307,805,91,219,0.416,248,586,0.423,2005-2006
willier01,Eric Williams,SF,TOR,28,352,75,5,18,0.278,24,57,0.421,2005-2006
willija02,Jason Williams,PG,MIA,59,1874,606,107,288,0.372,161,318,0.506,2005-2006
willilo02,Lou Williams,PG,PHI,30,145,52,2,9,0.222,21,43,0.488,2005-2006
willima02,Marvin Williams,PF,ATL,79,1952,531,13,53,0.245,222,478,0.464,2005-2006
willima01,Mo Williams,PG,MIL,58,1531,629,73,191,0.382,194,438,0.443,2005-2006
willico02,Corliss Williamson,SF,SAC,37,362,103,2,2,1.0,41,101,0.406,2005-2006
woodslo01,Loren Woods,C,TOR,27,324,59,0,1,0.0,28,58,0.483,2005-2006
woodsqy01,Qyntel Woods,SF,NYK,49,1013,254,22,60,0.367,107,194,0.552,2005-2006
artesro01,Metta World Peace,SF,TOT,56,2207,867,78,253,0.308,272,614,0.443,2005-2006
wrighan01,Antoine Wright,SG,NJN,39,370,81,1,15,0.067,28,66,0.424,2005-2006
wrighbr02,Bracey Wright,SG,MIN,7,135,51,6,17,0.353,15,34,0.441,2005-2006
wrighdo01,Dorell Wright,SF,MIA,20,132,43,3,6,0.5,17,37,0.459,2005-2006
wrighlo02,Lorenzen Wright,C,MEM,78,1689,406,0,2,0.0,194,404,0.48,2005-2006
zimmede01,Derrick Zimmerman,PG,NJN,2,32,3,0,0,,2,3,0.667,2005-2006
