PlayerID,Player,Pos,Tm,G,MP,FGA,3P,3PA,3P%,2P,2PA,2P%,Season
afflaar01,Arron Afflalo,SG,DEN,82,2221,585,108,249,0.434,164,336,0.488,2009-2010
ajincal01,Alexis Ajinça,C,CHA,6,30,10,0,0,,5,10,0.5,2009-2010
aldrila01,LaMarcus Aldridge,PF,POR,78,2922,1169,5,16,0.313,574,1153,0.498,2009-2010
alexajo01,Joe Alexander,SF,CHI,8,29,6,0,1,0.0,1,5,0.2,2009-2010
allenma01,Malik Allen,PF,DEN,51,456,116,1,6,0.167,45,110,0.409,2009-2010
allenra02,Ray Allen*,SG,BOS,80,2819,973,145,399,0.363,319,574,0.556,2009-2010
allento01,Tony Allen,SG,BOS,54,889,253,0,5,0.0,129,248,0.52,2009-2010
alstora01,Rafer Alston,PG,TOT,52,1421,446,58,168,0.345,97,278,0.349,2009-2010
amundlo01,Lou Amundson,PF,PHO,79,1168,276,0,1,0.0,152,275,0.553,2009-2010
anderch01,Chris Andersen,PF,DEN,76,1695,251,0,3,0.0,142,248,0.573,2009-2010
anderda03,David Andersen,C,HOU,63,891,340,27,78,0.346,120,262,0.458,2009-2010
anderan02,Antonio Anderson,SF,OKC,1,15,3,0,0,,1,3,0.333,2009-2010
anderry01,Ryan Anderson,PF,ORL,63,911,388,78,211,0.37,91,177,0.514,2009-2010
anthoca01,Carmelo Anthony,SF,DEN,69,2634,1502,59,187,0.316,629,1315,0.478,2009-2010
anthojo01,Joel Anthony,C,MIA,80,1322,159,0,0,,76,159,0.478,2009-2010
arenagi01,Gilbert Arenas,PG,WAS,32,1169,616,63,181,0.348,190,435,0.437,2009-2010
arizatr01,Trevor Ariza,SF,HOU,72,2629,999,136,407,0.334,258,592,0.436,2009-2010
armsthi01,Hilton Armstrong,PF,TOT,33,335,79,0,1,0.0,28,78,0.359,2009-2010
arroyca01,Carlos Arroyo,PG,MIA,72,1585,375,7,25,0.28,171,350,0.489,2009-2010
arthuda01,Darrell Arthur,PF,MEM,32,457,146,0,1,0.0,63,145,0.434,2009-2010
atkinch01,Chucky Atkins,PG,DET,40,644,157,22,73,0.301,35,84,0.417,2009-2010
augusdj01,D.J. Augustin,PG,CHA,80,1472,435,70,178,0.393,98,257,0.381,2009-2010
pendeje02,Jeff Ayres,C,POR,39,405,65,0,0,,43,65,0.662,2009-2010
azubuke01,Kelenna Azubuike,SF,GSW,9,231,88,10,27,0.37,38,61,0.623,2009-2010
balkmre01,Renaldo Balkman,SF,DEN,13,91,18,0,7,0.0,6,11,0.545,2009-2010
banksma01,Marcus Banks,PG,TOR,22,244,73,7,24,0.292,32,49,0.653,2009-2010
barbole01,Leandro Barbosa,PG,PHO,44,786,365,44,136,0.324,111,229,0.485,2009-2010
bareajo01,J.J. Barea,PG,DAL,78,1546,527,56,157,0.357,176,370,0.476,2009-2010
bargnan01,Andrea Bargnani,PF,TOR,80,2799,1143,121,325,0.372,416,818,0.509,2009-2010
barnema02,Matt Barnes,SF,ORL,81,2097,557,66,207,0.319,205,350,0.586,2009-2010
barroea01,Earl Barron,C,NYK,7,232,68,0,0,,30,68,0.441,2009-2010
bassbr01,Brandon Bass,PF,ORL,50,648,233,0,0,,119,233,0.511,2009-2010
battito01,Tony Battie,C,NJN,15,134,40,1,4,0.25,13,36,0.361,2009-2010
battish01,Shane Battier,SG,HOU,67,2168,447,101,279,0.362,77,168,0.458,2009-2010
batumni01,Nicolas Batum,SF,POR,37,918,268,54,132,0.409,85,136,0.625,2009-2010
bayleje01,Jerryd Bayless,SG,POR,74,1304,483,29,92,0.315,171,391,0.437,2009-2010
beaslmi01,Michael Beasley,PF,MIA,78,2328,1040,28,102,0.275,440,938,0.469,2009-2010
beaubro01,Rodrigue Beaubois,PG,DAL,56,700,299,45,110,0.409,110,189,0.582,2009-2010
belinma01,Marco Belinelli,SG,TOR,66,1121,379,60,158,0.38,94,221,0.425,2009-2010
bellch01,Charlie Bell,SG,MIL,71,1611,443,73,200,0.365,96,243,0.395,2009-2010
bellra01,Raja Bell,SG,TOT,6,180,61,12,27,0.444,16,34,0.471,2009-2010
bendejo01,Jonathan Bender,SF,NYK,25,292,100,14,39,0.359,26,61,0.426,2009-2010
bibbymi01,Mike Bibby,PG,ATL,80,2195,644,126,324,0.389,142,320,0.444,2009-2010
biedran01,Andris Biedriņš,C,GSW,33,763,137,0,0,,81,137,0.591,2009-2010
billuch01,Chauncey Billups,PG,DEN,73,2490,962,157,407,0.386,245,555,0.441,2009-2010
blairde01,DeJuan Blair,PF,SAS,82,1494,495,0,2,0.0,275,493,0.558,2009-2010
blakest01,Steve Blake,PG,TOT,80,2159,522,116,294,0.395,101,228,0.443,2009-2010
blatcan01,Andray Blatche,PF,WAS,81,2256,999,13,44,0.295,465,955,0.487,2009-2010
boganke01,Keith Bogans,SF,SAS,79,1559,298,70,196,0.357,50,102,0.49,2009-2010
bogutan01,Andrew Bogut,C,MIL,69,2229,910,0,2,0.0,473,908,0.521,2009-2010
bonnema01,Matt Bonner,PF,SAS,65,1161,372,90,231,0.39,76,141,0.539,2009-2010
boonejo01,Josh Boone,PF,NJN,63,1045,223,0,0,,117,223,0.525,2009-2010
boozeca01,Carlos Boozer,PF,UTA,78,2673,1098,0,0,,617,1098,0.562,2009-2010
boshch01,Chris Bosh*,C,TOR,70,2526,1158,8,22,0.364,592,1136,0.521,2009-2010
bowenry01,Ryan Bowen,SF,OKC,1,8,1,0,0,,1,1,1.0,2009-2010
boykiea01,Earl Boykins,PG,WAS,67,1117,403,19,60,0.317,153,343,0.446,2009-2010
brandel01,Elton Brand,PF,PHI,76,2297,858,0,1,0.0,412,857,0.481,2009-2010
breweco01,Corey Brewer,SG,MIN,82,2482,949,82,237,0.346,327,712,0.459,2009-2010
brewero02,Ronnie Brewer,SG,TOT,58,1742,429,8,31,0.258,201,398,0.505,2009-2010
brezepr01,Primož Brezec,C,TOT,21,95,26,0,0,,9,26,0.346,2009-2010
brockjo01,Jon Brockman,PF,SAC,52,654,103,0,0,,55,103,0.534,2009-2010
brookaa01,Aaron Brooks,PG,HOU,82,2919,1331,209,525,0.398,366,806,0.454,2009-2010
brownbo02,Bobby Brown,PG,TOT,45,519,237,26,98,0.265,62,139,0.446,2009-2010
brownde04,Derrick Brown,SF,CHA,57,535,147,2,7,0.286,66,140,0.471,2009-2010
brownde02,Devin Brown,SG,TOT,50,1060,361,58,164,0.354,78,197,0.396,2009-2010
brownkw01,Kwame Brown,C,DET,48,660,124,0,1,0.0,62,123,0.504,2009-2010
brownsh01,Shannon Brown,SG,LAL,82,1700,592,62,189,0.328,191,403,0.474,2009-2010
bryanko01,Kobe Bryant*,SG,LAL,73,2835,1569,99,301,0.329,617,1268,0.487,2009-2010
budinch01,Chase Budinger,SF,HOU,74,1488,565,92,249,0.369,157,316,0.497,2009-2010
butleca01,Caron Butler,SF,TOT,74,2783,1051,42,145,0.29,408,906,0.45,2009-2010
butlera01,Rasual Butler,SF,LAC,82,2702,870,145,432,0.336,211,438,0.482,2009-2010
bynuman01,Andrew Bynum,C,LAL,65,1977,688,0,1,0.0,392,687,0.571,2009-2010
bynumwi01,Will Bynum,PG,DET,63,1667,534,12,55,0.218,225,479,0.47,2009-2010
caldejo01,José Calderón,PG,TOR,68,1817,568,68,171,0.398,206,397,0.519,2009-2010
cambyma01,Marcus Camby,PF,TOT,74,2314,501,2,7,0.286,236,494,0.478,2009-2010
cardibr01,Brian Cardinal,PF,MIN,29,267,36,3,9,0.333,11,27,0.407,2009-2010
carnero01,Rodney Carney,SG,PHI,68,857,282,41,135,0.304,72,147,0.49,2009-2010
carrode01,DeMarre Carroll,SF,MEM,71,795,222,0,6,0.0,88,216,0.407,2009-2010
carroma01,Matt Carroll,SG,DAL,25,121,50,4,19,0.211,14,31,0.452,2009-2010
cartean01,Anthony Carter,PG,DEN,54,859,181,17,63,0.27,59,118,0.5,2009-2010
cartevi01,Vince Carter,SG,ORL,75,2310,1015,119,324,0.367,315,691,0.456,2009-2010
casspom01,Omri Casspi,SF,SAC,77,1931,672,75,203,0.369,225,469,0.48,2009-2010
chalmma01,Mario Chalmers,PG,MIA,73,1807,454,75,236,0.318,107,218,0.491,2009-2010
chandty01,Tyson Chandler,C,CHA,51,1163,190,0,0,,109,190,0.574,2009-2010
chandwi01,Wilson Chandler,SG,NYK,65,2320,860,40,150,0.267,372,710,0.524,2009-2010
clarkea01,Earl Clark,PF,PHO,51,383,151,2,5,0.4,54,146,0.37,2009-2010
collija03,Jarron Collins,C,PHO,34,261,31,0,0,,12,31,0.387,2009-2010
collija04,Jason Collins,C,ATL,24,115,23,0,1,0.0,8,22,0.364,2009-2010
collima01,Mardy Collins,SG,LAC,43,470,128,4,17,0.235,43,111,0.387,2009-2010
collida01,Darren Collison,PG,NOH,76,2109,789,46,115,0.4,330,674,0.49,2009-2010
collini01,Nick Collison,C,OKC,75,1557,309,1,4,0.25,181,305,0.593,2009-2010
conlemi01,Mike Conley,PG,MEM,80,2569,830,82,212,0.387,287,618,0.464,2009-2010
conrowi01,Will Conroy,PG,HOU,5,36,10,0,3,0.0,3,7,0.429,2009-2010
cookbr01,Brian Cook,PF,HOU,15,44,23,2,9,0.222,5,14,0.357,2009-2010
cookda02,Daequan Cook,SG,MIA,45,691,253,40,126,0.317,41,127,0.323,2009-2010
crawfja01,Jamal Crawford,SG,ATL,79,2460,1105,163,427,0.382,333,678,0.491,2009-2010
cunnida01,Dante Cunningham,PF,POR,63,707,214,0,2,0.0,106,212,0.5,2009-2010
curryed01,Eddy Curry,C,NYK,7,62,21,0,0,,8,21,0.381,2009-2010
curryja01,JamesOn Curry,PG,LAC,1,0,0,0,0,,0,0,,2009-2010
curryst01,Stephen Curry,PG,GSW,80,2896,1143,166,380,0.437,362,763,0.474,2009-2010
dalemsa01,Samuel Dalembert,C,PHI,82,2124,523,0,0,,285,523,0.545,2009-2010
dampier01,Erick Dampier,C,DAL,55,1280,213,1,3,0.333,132,210,0.629,2009-2010
daniema01,Marquis Daniels,SF,BOS,51,937,249,6,28,0.214,118,221,0.534,2009-2010
davisba01,Baron Davis,PG,LAC,75,2523,1015,82,296,0.277,330,719,0.459,2009-2010
davisgl01,Glen Davis,PF,BOS,54,933,279,0,4,0.0,122,275,0.444,2009-2010
davispa01,Paul Davis,PF,WAS,2,8,4,0,0,,2,4,0.5,2009-2010
davisri01,Ricky Davis,SF,LAC,36,499,143,16,42,0.381,46,101,0.455,2009-2010
dayeau01,Austin Daye,SF,DET,69,915,295,29,95,0.305,108,200,0.54,2009-2010
delfica01,Carlos Delfino,SF,MIL,75,2279,732,134,365,0.367,165,367,0.45,2009-2010
denglu01,Luol Deng,SF,CHI,70,2651,1014,32,83,0.386,441,931,0.474,2009-2010
derozde01,DeMar DeRozan,SG,TOR,77,1664,512,4,16,0.25,251,496,0.506,2009-2010
diawbo01,Boris Diaw,PF,CHA,82,2906,773,66,206,0.32,307,567,0.541,2009-2010
diawaya01,Yakhouba Diawara,SG,MIA,6,44,10,1,6,0.167,1,4,0.25,2009-2010
dienetr01,Travis Diener,PG,TOT,9,51,10,1,7,0.143,1,3,0.333,2009-2010
diopde01,DeSagana Diop,C,CHA,27,262,29,0,0,,15,29,0.517,2009-2010
doolike01,Keyon Dooling,PG,NJN,53,971,324,59,157,0.376,70,167,0.419,2009-2010
dorsejo01,Joey Dorsey,PF,TOT,15,106,20,0,0,,9,20,0.45,2009-2010
douglto01,Toney Douglas,PG,NYK,56,1087,391,68,175,0.389,111,216,0.514,2009-2010
douglch01,Chris Douglas-Roberts,SF,NJN,67,1730,573,14,54,0.259,241,519,0.464,2009-2010
dragigo01,Goran Dragić,PG,PHO,80,1442,491,74,188,0.394,148,303,0.488,2009-2010
dudleja01,Jared Dudley,SF,PHO,82,1991,490,120,262,0.458,105,228,0.461,2009-2010
duhonch01,Chris Duhon,PG,NYK,67,2072,451,90,258,0.349,78,193,0.404,2009-2010
duncati01,Tim Duncan*,C,SAS,78,2438,1082,2,11,0.182,559,1071,0.522,2009-2010
dunlemi02,Mike Dunleavy,SF,IND,67,1486,558,75,236,0.318,154,322,0.478,2009-2010
duranke01,Kevin Durant,SF,OKC,82,3239,1668,128,351,0.365,666,1317,0.506,2009-2010
ellinwa01,Wayne Ellington,SG,MIN,76,1384,448,64,162,0.395,126,286,0.441,2009-2010
ellismo01,Monta Ellis,SG,GSW,64,2647,1406,77,228,0.338,554,1178,0.47,2009-2010
elsonfr01,Francisco Elson,C,TOT,12,66,15,0,0,,5,15,0.333,2009-2010
evansma01,Maurice Evans,SF,ATL,79,1317,393,57,169,0.337,118,224,0.527,2009-2010
evansre01,Reggie Evans,PF,TOR,28,311,69,0,0,,34,69,0.493,2009-2010
evansty01,Tyreke Evans,SG,SAC,72,2677,1165,36,141,0.255,497,1024,0.485,2009-2010
farmajo01,Jordan Farmar,PG,LAL,82,1474,515,86,229,0.376,138,286,0.483,2009-2010
feltora01,Raymond Felton,PG,CHA,80,2643,846,60,156,0.385,328,690,0.475,2009-2010
fernaru01,Rudy Fernández,SG,POR,62,1441,423,98,266,0.368,62,157,0.395,2009-2010
fesenky01,Kyrylo Fesenko,C,UTA,49,408,95,0,1,0.0,52,94,0.553,2009-2010
finlemi01,Michael Finley,SF,TOT,46,709,184,32,82,0.39,49,102,0.48,2009-2010
fishede01,Derek Fisher,PG,LAL,82,2227,558,78,224,0.348,134,334,0.401,2009-2010
flynnjo01,Jonny Flynn,PG,MIN,81,2339,952,77,215,0.358,320,737,0.434,2009-2010
fordtj01,T.J. Ford,PG,IND,47,1189,418,8,50,0.16,178,368,0.484,2009-2010
fosteje01,Jeff Foster,C,IND,16,255,46,0,1,0.0,22,45,0.489,2009-2010
foyera01,Randy Foye,PG,WAS,70,1667,619,63,182,0.346,193,437,0.442,2009-2010
fryech01,Channing Frye,C,PHO,81,2190,703,172,392,0.439,145,311,0.466,2009-2010
gadzuda01,Dan Gadzuric,C,MIL,32,314,89,0,0,,39,89,0.438,2009-2010
gainesu01,Sundiata Gaines,PG,UTA,32,217,82,7,26,0.269,31,56,0.554,2009-2010
gallida01,Danilo Gallinari,SF,NYK,81,2747,927,186,488,0.381,206,439,0.469,2009-2010
garcifr01,Francisco García,SG,SAC,25,575,176,23,59,0.39,59,117,0.504,2009-2010
garneke01,Kevin Garnett*,PF,BOS,69,2060,772,1,5,0.2,401,767,0.523,2009-2010
gasolma01,Marc Gasol,C,MEM,69,2469,651,0,1,0.0,378,650,0.582,2009-2010
gasolpa01,Pau Gasol,C,LAL,65,2403,844,0,5,0.0,452,839,0.539,2009-2010
gayru01,Rudy Gay,SF,MEM,80,3175,1288,66,202,0.327,534,1086,0.492,2009-2010
geeal01,Alonzo Gee,SG,WAS,11,182,59,7,9,0.778,21,50,0.42,2009-2010
georgde01,Devean George,SF,GSW,45,761,206,48,123,0.39,41,83,0.494,2009-2010
gibsoda01,Daniel Gibson,PG,CLE,56,1068,268,71,149,0.477,54,119,0.454,2009-2010
gibsota01,Taj Gibson,PF,CHI,82,2204,629,0,0,,311,629,0.494,2009-2010
giddejr01,J.R. Giddens,SF,TOT,32,239,60,0,10,0.0,28,50,0.56,2009-2010
gildetr01,Trey Gilder,SF,MEM,2,5,1,0,0,,1,1,1.0,2009-2010
ginobma01,Manu Ginóbili,SG,SAS,75,2150,903,132,350,0.377,266,553,0.481,2009-2010
gomesry01,Ryan Gomes,SF,MIN,76,2210,732,74,199,0.372,253,533,0.475,2009-2010
goodedr01,Drew Gooden,C,TOT,70,1755,602,1,8,0.125,287,594,0.483,2009-2010
gordobe01,Ben Gordon,SG,DET,62,1730,699,75,234,0.321,216,465,0.465,2009-2010
gordoer01,Eric Gordon,SG,LAC,62,2229,784,119,321,0.371,233,463,0.503,2009-2010
gortama01,Marcin Gortat,C,ORL,81,1088,227,0,3,0.0,121,224,0.54,2009-2010
grahajo01,Joey Graham,SF,DEN,63,759,202,2,13,0.154,103,189,0.545,2009-2010
grahast01,Stephen Graham,SG,CHA,70,804,240,16,50,0.32,103,190,0.542,2009-2010
grangda01,Danny Granger,SF,IND,62,2278,1139,158,438,0.361,330,701,0.471,2009-2010
grayaa01,Aaron Gray,C,TOT,32,311,82,0,0,,42,82,0.512,2009-2010
greenda02,Danny Green,SG,CLE,20,115,39,6,22,0.273,9,17,0.529,2009-2010
greenje02,Jeff Green,PF,OKC,82,3043,1070,104,312,0.333,381,758,0.503,2009-2010
greenwi01,Willie Green,SG,PHI,73,1553,543,47,136,0.346,201,407,0.494,2009-2010
greendo01,Donté Greene,SF,SAC,76,1630,553,69,183,0.377,175,370,0.473,2009-2010
griffta01,Taylor Griffin,SF,PHO,8,32,10,0,2,0.0,4,8,0.5,2009-2010
haddaha01,Hamed Haddadi,C,MEM,36,240,62,0,3,0.0,24,59,0.407,2009-2010
hairsma01,Malik Hairston,SG,SAS,47,317,76,2,11,0.182,38,65,0.585,2009-2010
haislma01,Marcus Haislip,SF,SAS,10,44,21,3,5,0.6,7,16,0.438,2009-2010
hamilri01,Richard Hamilton,SG,DET,46,1552,717,41,138,0.297,252,579,0.435,2009-2010
hansbty01,Tyler Hansbrough,PF,IND,29,511,225,0,4,0.0,81,221,0.367,2009-2010
hardeja01,James Harden,SG,OKC,76,1738,578,93,248,0.375,140,330,0.424,2009-2010
harrial01,Al Harrington,PF,NYK,72,2195,1030,140,409,0.342,308,621,0.496,2009-2010
harride01,Devin Harris,PG,NJN,64,2221,884,60,217,0.276,296,667,0.444,2009-2010
harrimi01,Mike Harris,PF,TOT,13,96,30,0,1,0.0,11,29,0.379,2009-2010
hartja01,Jason Hart,PG,TOT,5,22,2,0,0,,1,2,0.5,2009-2010
hasleud01,Udonis Haslem,PF,MIA,78,2177,632,0,0,,312,632,0.494,2009-2010
hassetr01,Trenton Hassell,SF,NJN,52,1106,219,0,5,0.0,90,214,0.421,2009-2010
hawessp01,Spencer Hawes,C,SAC,72,1904,666,26,87,0.299,286,579,0.494,2009-2010
hayesch01,Chuck Hayes,C,HOU,82,1773,329,0,0,,161,329,0.489,2009-2010
hayesja01,Jarvis Hayes,SF,NJN,45,1033,328,60,179,0.335,78,149,0.523,2009-2010
haywobr01,Brendan Haywood,C,TOT,77,2355,491,0,1,0.0,276,490,0.563,2009-2010
headlu01,Luther Head,SG,IND,47,813,311,37,105,0.352,99,206,0.481,2009-2010
hendege02,Gerald Henderson,SG,CHA,43,355,104,4,19,0.211,33,85,0.388,2009-2010
hibbero01,Roy Hibbert,C,IND,81,2035,782,3,6,0.5,384,776,0.495,2009-2010
hicksjj01,J.J. Hickson,PF,CLE,81,1691,522,0,1,0.0,289,521,0.555,2009-2010
hilarne01,Nenê,C,DEN,82,2755,717,0,2,0.0,421,715,0.589,2009-2010
hillge01,George Hill,PG,SAS,78,2276,738,75,188,0.399,278,550,0.505,2009-2010
hillgr01,Grant Hill*,SF,PHO,81,2430,703,35,80,0.438,301,623,0.483,2009-2010
hilljo01,Jordan Hill,PF,TOT,47,624,201,0,2,0.0,99,199,0.497,2009-2010
hinriki01,Kirk Hinrich,SG,CHI,74,2481,753,104,280,0.371,204,473,0.431,2009-2010
holidjr01,Jrue Holiday,PG,PHI,73,1767,520,62,159,0.39,168,361,0.465,2009-2010
holliry01,Ryan Hollins,C,MIN,73,1223,303,0,1,0.0,169,302,0.56,2009-2010
horfoal01,Al Horford,C,ATL,81,2845,847,1,1,1.0,466,846,0.551,2009-2010
houseed01,Eddie House,PG,TOT,68,1217,455,79,227,0.348,94,228,0.412,2009-2010
howardw01,Dwight Howard,C,ORL,82,2843,834,0,7,0.0,510,827,0.617,2009-2010
howarjo01,Josh Howard,SF,TOT,35,918,388,23,86,0.267,134,302,0.444,2009-2010
howarju01,Juwan Howard,C,POR,73,1632,375,0,1,0.0,191,374,0.511,2009-2010
hudsole01,Lester Hudson,PG,TOT,25,131,53,5,16,0.313,16,37,0.432,2009-2010
hughela01,Larry Hughes,SG,TOT,45,1115,386,43,139,0.309,94,247,0.381,2009-2010
humphkr01,Kris Humphries,PF,TOT,69,1221,408,0,1,0.0,180,407,0.442,2009-2010
huntech01,Chris Hunter,C,GSW,60,783,217,0,4,0.0,109,213,0.512,2009-2010
hunteli01,Lindsey Hunter,PG,CHI,13,122,30,1,13,0.077,4,17,0.235,2009-2010
hunteot01,Othello Hunter,SF,ATL,7,33,12,0,0,,4,12,0.333,2009-2010
huntest01,Steven Hunter,C,MEM,21,158,43,0,0,,17,43,0.395,2009-2010
ibakase01,Serge Ibaka,PF,OKC,73,1323,370,1,2,0.5,200,368,0.543,2009-2010
iguodan01,Andre Iguodala,SF,PHI,82,3193,1120,94,303,0.31,402,817,0.492,2009-2010
ilgauzy01,Zydrunas Ilgauskas,C,CLE,64,1339,438,11,23,0.478,183,415,0.441,2009-2010
mbengdj01,D.J. Mbenga,C,LAL,49,355,103,0,0,,48,103,0.466,2009-2010
ilyaser01,Ersan İlyasova,PF,MIL,81,1898,729,81,241,0.336,242,488,0.496,2009-2010
iversal01,Allen Iverson*,SG,TOT,28,865,316,9,25,0.36,127,291,0.436,2009-2010
iveyro01,Royal Ivey,SG,TOT,44,326,83,14,35,0.4,21,48,0.438,2009-2010
jackja01,Jarrett Jack,PG,TOR,82,2243,671,82,199,0.412,241,472,0.511,2009-2010
jacksce01,Cedric Jackson,PG,TOT,12,74,20,1,6,0.167,5,14,0.357,2009-2010
jacksda01,Darnell Jackson,PF,TOT,28,123,30,1,4,0.25,8,26,0.308,2009-2010
jacksst02,Stephen Jackson,SG,TOT,81,3129,1418,129,393,0.328,471,1025,0.46,2009-2010
jamesle01,LeBron James,SF,CLE,76,2966,1528,129,387,0.333,639,1141,0.56,2009-2010
jamesmi01,Mike James,PG,WAS,4,46,20,2,6,0.333,4,14,0.286,2009-2010
jamisan01,Antawn Jamison,PF,TOT,66,2406,1036,85,247,0.344,393,789,0.498,2009-2010
jawaina01,Nathan Jawai,C,MIN,39,412,111,0,1,0.0,49,110,0.445,2009-2010
jeffeot01,Othyus Jeffers,SG,UTA,14,73,29,0,0,,12,29,0.414,2009-2010
jeffeal01,Al Jefferson,C,MIN,76,2463,1125,0,4,0.0,560,1121,0.5,2009-2010
jefferi01,Richard Jefferson,SF,SAS,81,2520,775,59,187,0.316,303,588,0.515,2009-2010
jeffrja01,Jared Jeffries,PF,TOT,70,1794,314,21,71,0.296,117,243,0.481,2009-2010
jennibr01,Brandon Jennings,PG,MIL,82,2671,1216,145,388,0.374,306,828,0.37,2009-2010
jerebjo01,Jonas Jerebko,PF,DET,80,2232,603,36,115,0.313,254,488,0.52,2009-2010
jianlyi01,Yi Jianlian,PF,NJN,52,1655,563,15,41,0.366,212,522,0.406,2009-2010
johnsam01,Amir Johnson,PF,TOR,82,1453,334,0,4,0.0,208,330,0.63,2009-2010
johnsan02,Anthony Johnson,PG,ORL,31,406,111,13,39,0.333,36,72,0.5,2009-2010
johnsja01,James Johnson,PF,CHI,65,757,210,15,46,0.326,80,164,0.488,2009-2010
johnsjo02,Joe Johnson,SG,ATL,76,2886,1386,129,350,0.369,506,1036,0.488,2009-2010
jonesda02,Dahntay Jones,SF,IND,76,1892,623,4,32,0.125,283,591,0.479,2009-2010
jonesdw02,Dwayne Jones,PF,PHO,2,7,0,0,0,,0,0,,2009-2010
jonesja02,James Jones,SF,MIA,36,503,119,37,90,0.411,6,29,0.207,2009-2010
jonesso01,Solomon Jones,C,IND,52,675,176,0,3,0.0,78,173,0.451,2009-2010
jordade01,DeAndre Jordan,C,LAC,70,1137,238,0,2,0.0,144,236,0.61,2009-2010
kamanch01,Chris Kaman,C,LAC,76,2608,1202,0,6,0.0,589,1196,0.492,2009-2010
kaponja01,Jason Kapono,SF,PHI,57,976,301,63,171,0.368,63,130,0.485,2009-2010
karlco01,Coby Karl,SF,TOT,7,113,32,2,11,0.182,9,21,0.429,2009-2010
kiddja01,Jason Kidd*,PG,DAL,80,2881,671,176,414,0.425,108,257,0.42,2009-2010
kirilan01,Andrei Kirilenko,SF,UTA,58,1681,482,26,89,0.292,218,393,0.555,2009-2010
korveky01,Kyle Korver,SG,UTA,52,952,280,59,110,0.536,79,170,0.465,2009-2010
koufoko01,Kosta Koufos,C,UTA,36,172,47,0,0,,22,47,0.468,2009-2010
krstine01,Nenad Krstić,C,OKC,76,1741,560,1,5,0.2,280,555,0.505,2009-2010
lafayol01,Oliver Lafayette,SG,BOS,1,22,6,1,2,0.5,2,4,0.5,2009-2010
landrca01,Carl Landry,PF,TOT,80,2469,931,1,3,0.333,498,928,0.537,2009-2010
landrma01,Marcus Landry,SF,TOT,18,111,43,9,28,0.321,7,15,0.467,2009-2010
lawac01,Acie Law,PG,TOT,26,234,75,5,16,0.313,30,59,0.508,2009-2010
lawsoty01,Ty Lawson,PG,DEN,65,1318,390,34,83,0.41,167,307,0.544,2009-2010
leeco01,Courtney Lee,SG,NJN,71,2375,775,76,225,0.338,262,550,0.476,2009-2010
leeda02,David Lee,C,NYK,81,3019,1258,0,8,0.0,686,1250,0.549,2009-2010
lewisra02,Rashard Lewis,PF,ORL,72,2369,805,168,423,0.397,182,382,0.476,2009-2010
livinsh01,Shaun Livingston,PG,TOT,36,796,201,0,6,0.0,104,195,0.533,2009-2010
lopezbr01,Brook Lopez,C,NJN,82,3027,1129,0,2,0.0,563,1127,0.5,2009-2010
lopezro01,Robin Lopez,C,PHO,51,986,291,0,0,,171,291,0.588,2009-2010
loveke01,Kevin Love,PF,MIN,60,1714,646,35,106,0.33,256,540,0.474,2009-2010
lowryky01,Kyle Lowry,PG,HOU,68,1651,464,37,136,0.272,147,328,0.448,2009-2010
maggeco01,Corey Maggette,PF,GSW,70,2081,886,13,50,0.26,444,836,0.531,2009-2010
magloja01,Jamaal Magloire,C,MIA,36,359,56,0,0,,28,56,0.5,2009-2010
mahinia01,Ian Mahinmi,C,SAS,26,165,55,0,0,,35,55,0.636,2009-2010
mariosh01,Shawn Marion,SF,DAL,75,2385,778,3,19,0.158,392,759,0.516,2009-2010
marksse01,Sean Marks,C,NOH,14,75,8,0,0,,4,8,0.5,2009-2010
martica01,Cartier Martin,SF,TOT,18,390,136,17,49,0.347,33,87,0.379,2009-2010
martike01,Kenyon Martin,PF,DEN,58,1986,620,8,29,0.276,275,591,0.465,2009-2010
martike02,Kevin Martin,SG,TOT,46,1633,693,70,210,0.333,219,483,0.453,2009-2010
masonde01,Desmond Mason,SF,SAC,5,66,12,0,0,,5,12,0.417,2009-2010
masonro01,Roger Mason,SG,SAS,79,1515,496,88,264,0.333,105,232,0.453,2009-2010
matthwe02,Wesley Matthews,SG,UTA,82,2025,565,63,165,0.382,210,400,0.525,2009-2010
maxieja01,Jason Maxiell,C,DET,76,1550,415,0,1,0.0,212,414,0.512,2009-2010
mayse01,Sean May,C,SAC,37,331,111,0,4,0.0,51,107,0.477,2009-2010
maynoer01,Eric Maynor,PG,TOT,81,1269,368,22,71,0.31,132,297,0.444,2009-2010
mayooj01,O.J. Mayo,SG,MEM,82,3113,1183,136,355,0.383,406,828,0.49,2009-2010
mbahalu01,Luc Mbah a Moute,PF,MIL,73,1866,369,6,17,0.353,171,352,0.486,2009-2010
mcdyean01,Antonio McDyess,PF,SAS,77,1617,428,0,2,0.0,205,426,0.481,2009-2010
mcgeeja01,JaVale McGee,C,WAS,60,968,307,0,1,0.0,156,306,0.51,2009-2010
mcgratr01,Tracy McGrady*,SG,TOT,30,673,235,16,64,0.25,75,171,0.439,2009-2010
mcguido01,Dominic McGuire,SF,TOT,51,307,52,0,0,,19,52,0.365,2009-2010
mcrobjo01,Josh McRoberts,C,IND,42,524,146,8,23,0.348,68,123,0.553,2009-2010
meeksjo01,Jodie Meeks,SG,TOT,60,719,268,42,132,0.318,62,136,0.456,2009-2010
mensapo01,Pops Mensah-Bonsu,PF,TOT,20,120,33,0,0,,13,33,0.394,2009-2010
milescj01,C.J. Miles,SF,UTA,63,1497,562,74,217,0.341,167,345,0.484,2009-2010
milicda01,Darko Miličić,C,TOT,32,685,204,0,1,0.0,100,203,0.493,2009-2010
millean02,Andre Miller,PG,POR,82,2500,908,16,80,0.2,388,828,0.469,2009-2010
millebr01,Brad Miller,C,CHI,82,1950,581,37,132,0.28,213,449,0.474,2009-2010
millemi01,Mike Miller,SG,WAS,54,1805,433,82,171,0.48,135,262,0.515,2009-2010
millspa02,Patty Mills,PG,POR,10,38,24,2,4,0.5,8,20,0.4,2009-2010
millspa01,Paul Millsap,PF,UTA,82,2277,716,1,9,0.111,384,707,0.543,2009-2010
mohamna01,Nazr Mohammed,C,CHA,58,984,342,0,0,,189,342,0.553,2009-2010
moonja01,Jamario Moon,SF,CLE,61,1052,247,32,100,0.32,82,147,0.558,2009-2010
mooremi01,Mikki Moore,C,GSW,23,406,90,0,0,,54,90,0.6,2009-2010
morrira01,Randolph Morris,PF,ATL,28,124,41,0,0,,23,41,0.561,2009-2010
morriad01,Adam Morrison,SF,LAL,31,241,85,5,21,0.238,27,64,0.422,2009-2010
morroan01,Anthony Morrow,SG,GSW,69,2018,703,140,307,0.456,189,396,0.477,2009-2010
mulleby01,Byron Mullens,PF,OKC,13,54,19,0,0,,7,19,0.368,2009-2010
murphtr01,Troy Murphy,PF,IND,72,2344,813,128,333,0.384,256,480,0.533,2009-2010
murraro01,Ronald Murray,SG,TOT,75,1673,683,69,221,0.312,199,462,0.431,2009-2010
najered01,Eduardo Nájera,PF,TOT,46,685,146,19,64,0.297,43,82,0.524,2009-2010
nashst01,Steve Nash*,PG,PHO,81,2660,985,124,291,0.426,375,694,0.54,2009-2010
nelsoja01,Jameer Nelson,PG,ORL,65,1860,706,86,226,0.381,231,480,0.481,2009-2010
nestera01,Rasho Nesterović,C,TOR,42,413,149,0,0,,81,149,0.544,2009-2010
noahjo01,Joakim Noah,C,CHI,64,1925,520,0,0,,262,520,0.504,2009-2010
nocioan01,Andrés Nocioni,SF,SAC,75,1477,587,96,249,0.386,138,338,0.408,2009-2010
novakst01,Steve Novak,SF,LAC,54,362,108,22,71,0.31,20,37,0.541,2009-2010
nowitdi01,Dirk Nowitzki,PF,DAL,81,3039,1496,51,121,0.421,669,1375,0.487,2009-2010
obryapa01,Patrick O'Bryant,C,TOR,11,51,15,0,1,0.0,8,14,0.571,2009-2010
onealje01,Jermaine O'Neal,C,MIA,70,1991,745,0,2,0.0,394,743,0.53,2009-2010
onealsh01,Shaquille O'Neal*,C,CLE,53,1240,463,0,1,0.0,262,462,0.567,2009-2010
obertfa01,Fabricio Oberto,C,WAS,57,650,56,0,0,,35,56,0.625,2009-2010
odengr01,Greg Oden,C,POR,21,502,152,0,0,,92,152,0.605,2009-2010
odomla01,Lamar Odom,PF,LAL,82,2585,739,58,182,0.319,284,557,0.51,2009-2010
okafoem01,Emeka Okafor,C,NOH,82,2370,656,0,0,,348,656,0.53,2009-2010
okurme01,Mehmet Okur,C,UTA,73,2149,775,82,213,0.385,273,562,0.486,2009-2010
ollieke01,Kevin Ollie,PG,OKC,25,263,45,0,1,0.0,18,44,0.409,2009-2010
outlatr01,Travis Outlaw,SF,TOT,34,730,281,40,105,0.381,70,176,0.398,2009-2010
pachuza01,Zaza Pachulia,C,ATL,78,1089,246,0,4,0.0,120,242,0.496,2009-2010
pargoja01,Jannero Pargo,PG,CHI,63,829,381,38,138,0.275,94,243,0.387,2009-2010
parkean01,Anthony Parker,SG,CLE,81,2289,475,108,261,0.414,98,214,0.458,2009-2010
parketo01,Tony Parker,PG,SAS,56,1728,716,10,34,0.294,339,682,0.497,2009-2010
paulch01,Chris Paul,PG,NOH,45,1712,637,52,127,0.409,262,510,0.514,2009-2010
pavloal01,Sasha Pavlović,SF,MIN,71,877,300,35,118,0.297,74,182,0.407,2009-2010
pecheol01,Oleksiy Pecherov,C,MIN,44,447,188,14,52,0.269,63,136,0.463,2009-2010
perkike01,Kendrick Perkins,C,BOS,78,2154,522,0,3,0.0,314,519,0.605,2009-2010
petermo01,Morris Peterson,SG,NOH,46,973,301,62,171,0.363,54,130,0.415,2009-2010
petrojo01,Johan Petro,C,DEN,36,436,101,0,1,0.0,54,100,0.54,2009-2010
piercpa01,Paul Pierce*,SF,BOS,71,2411,867,109,263,0.414,300,604,0.497,2009-2010
pietrmi01,Mickaël Piétrus,SF,ORL,75,1687,539,116,306,0.379,117,233,0.502,2009-2010
poseyja01,James Posey,SF,NOH,77,1731,345,81,242,0.335,45,103,0.437,2009-2010
powele01,Leon Powe,SF,CLE,20,236,49,0,0,,21,49,0.429,2009-2010
poweljo01,Josh Powell,PF,LAL,63,581,194,7,16,0.438,64,178,0.36,2009-2010
priceaj01,A.J. Price,PG,IND,56,865,354,60,174,0.345,85,180,0.472,2009-2010
pricero01,Ronnie Price,PG,UTA,60,806,242,18,63,0.286,80,179,0.447,2009-2010
princta01,Tayshaun Prince,SF,DET,49,1664,580,27,73,0.37,255,507,0.503,2009-2010
przybjo01,Joel Przybilla,C,POR,30,681,86,0,0,,45,86,0.523,2009-2010
quinnch01,Chris Quinn,PG,NJN,25,223,56,10,32,0.313,10,24,0.417,2009-2010
radmavl01,Vladimir Radmanović,PF,TOT,41,891,273,30,108,0.278,73,165,0.442,2009-2010
randoan01,Anthony Randolph,C,GSW,33,749,309,1,5,0.2,136,304,0.447,2009-2010
randosh01,Shavlik Randolph,PF,TOT,6,53,18,0,0,,6,18,0.333,2009-2010
randoza01,Zach Randolph,PF,MEM,81,3051,1336,15,52,0.288,637,1284,0.496,2009-2010
ratlith01,Theo Ratliff,C,TOT,49,807,152,0,0,,70,152,0.461,2009-2010
reddmi01,Michael Redd,SG,MIL,18,492,213,18,60,0.3,57,153,0.373,2009-2010
redicjj01,J.J. Redick,SG,ORL,82,1808,553,111,274,0.405,132,279,0.473,2009-2010
richach01,Chris Richard,PF,CHI,18,224,29,0,0,,15,29,0.517,2009-2010
richaja01,Jason Richardson,SG,PHO,79,2485,998,157,400,0.393,316,598,0.528,2009-2010
richaqu01,Quentin Richardson,SF,MIA,76,2082,561,142,358,0.397,100,203,0.493,2009-2010
ridnolu01,Luke Ridnour,PG,MIL,82,1759,686,69,181,0.381,259,505,0.513,2009-2010
robinna01,Nate Robinson,PG,TOT,56,1115,493,87,223,0.39,128,270,0.474,2009-2010
rodrise01,Sergio Rodríguez,PG,TOT,66,1048,351,32,91,0.352,135,260,0.519,2009-2010
rondora01,Rajon Rondo,PG,BOS,81,2963,904,17,80,0.213,442,824,0.536,2009-2010
rosede01,Derrick Rose,PG,CHI,78,2871,1373,16,60,0.267,656,1313,0.5,2009-2010
rossqu01,Quinton Ross,SF,TOT,52,562,111,4,21,0.19,36,90,0.4,2009-2010
roybr01,Brandon Roy,SG,POR,65,2419,1038,73,221,0.33,418,817,0.512,2009-2010
rushbr01,Brandon Rush,SG,IND,82,2491,702,124,302,0.411,173,400,0.433,2009-2010
rushka01,Kareem Rush,SG,LAC,7,58,11,1,3,0.333,3,8,0.375,2009-2010
salmojo01,John Salmons,SG,TOT,81,2824,991,118,309,0.382,319,682,0.468,2009-2010
scalabr01,Brian Scalabrine,PF,BOS,52,472,85,16,49,0.327,13,36,0.361,2009-2010
scolalu01,Luis Scola,PF,HOU,82,2671,1090,1,5,0.2,559,1085,0.515,2009-2010
sefolth01,Thabo Sefolosha,SG,OKC,82,2348,441,41,131,0.313,153,310,0.494,2009-2010
sessira01,Ramon Sessions,PG,MIN,82,1732,555,1,15,0.067,252,540,0.467,2009-2010
simmobo01,Bobby Simmons,PF,NJN,23,395,117,20,63,0.317,22,54,0.407,2009-2010
singlja01,James Singleton,PF,TOT,57,977,254,7,37,0.189,90,217,0.415,2009-2010
skinnbr01,Brian Skinner,PF,LAC,16,123,25,0,0,,10,25,0.4,2009-2010
smithcr01,Craig Smith,PF,LAC,75,1232,397,1,5,0.2,225,392,0.574,2009-2010
smithjr01,J.R. Smith,SG,DEN,75,2082,1033,158,467,0.338,270,566,0.477,2009-2010
smithja02,Jason Smith,PF,PHI,56,658,174,10,29,0.345,65,145,0.448,2009-2010
smithjo02,Joe Smith,PF,ATL,64,592,193,1,7,0.143,76,186,0.409,2009-2010
smithjo03,Josh Smith,PF,ATL,81,2871,999,0,7,0.0,504,992,0.508,2009-2010
songada01,Darius Songaila,C,NOH,75,1410,488,1,6,0.167,240,482,0.498,2009-2010
speigma01,Marreese Speights,C,PHI,62,1016,444,0,5,0.0,212,439,0.483,2009-2010
stackje01,Jerry Stackhouse,SG,MIL,42,855,316,45,130,0.346,84,186,0.452,2009-2010
stevede01,DeShawn Stevenson,SG,TOT,64,883,163,19,87,0.218,27,76,0.355,2009-2010
stojape01,Peja Stojaković,SF,NOH,62,1947,688,132,352,0.375,146,336,0.435,2009-2010
stoudam01,Amar'e Stoudemire,PF,PHO,82,2838,1264,1,6,0.167,703,1258,0.559,2009-2010
stuckro01,Rodney Stuckey,PG,DET,73,2499,1109,18,79,0.228,431,1030,0.418,2009-2010
summeda01,DaJuan Summers,SF,DET,44,405,130,15,42,0.357,31,88,0.352,2009-2010
tayloje02,Jermaine Taylor,SG,HOU,31,303,119,5,22,0.227,40,97,0.412,2009-2010
teaguje01,Jeff Teague,PG,ATL,71,719,227,7,32,0.219,83,195,0.426,2009-2010
telfase01,Sebastian Telfair,PG,TOT,43,659,201,13,56,0.232,70,145,0.483,2009-2010
templga01,Garrett Temple,SG,TOT,27,334,101,13,37,0.351,31,64,0.484,2009-2010
terryja01,Jason Terry,SG,DAL,77,2540,1041,136,373,0.365,320,668,0.479,2009-2010
thabeha01,Hasheem Thabeet,C,MEM,68,883,131,0,0,,77,131,0.588,2009-2010
thomaet01,Etan Thomas,C,OKC,23,321,68,0,0,,31,68,0.456,2009-2010
thomake01,Kenny Thomas,PF,SAC,26,313,35,0,0,,17,35,0.486,2009-2010
thomaku01,Kurt Thomas,C,MIL,70,1049,208,0,0,,99,208,0.476,2009-2010
thomati01,Tim Thomas,SF,DAL,18,285,106,16,43,0.372,33,63,0.524,2009-2010
thomaty01,Tyrus Thomas,PF,TOT,54,1220,420,0,3,0.0,194,417,0.465,2009-2010
thompja02,Jason Thompson,C,SAC,75,2357,784,1,10,0.1,369,774,0.477,2009-2010
thornal01,Al Thornton,SF,TOT,75,2079,676,11,31,0.355,309,645,0.479,2009-2010
thornma01,Marcus Thornton,SG,NOH,73,1872,883,117,313,0.374,281,570,0.493,2009-2010
tinslja01,Jamaal Tinsley,PG,MEM,38,589,140,7,39,0.179,45,101,0.446,2009-2010
tollian01,Anthony Tolliver,PF,TOT,46,1427,449,50,152,0.329,143,297,0.481,2009-2010
tuckeal02,Alando Tucker,SF,TOT,15,96,39,1,7,0.143,16,32,0.5,2009-2010
turiaro01,Ronny Turiaf,C,GSW,42,872,146,0,1,0.0,85,145,0.586,2009-2010
turkohe01,Hedo Türkoğlu,SF,TOR,74,2272,674,108,289,0.374,168,385,0.436,2009-2010
udokaim01,Ime Udoka,SG,SAC,69,944,241,26,91,0.286,65,150,0.433,2009-2010
udrihbe01,Beno Udrih,PG,SAC,79,2477,841,75,199,0.377,340,642,0.53,2009-2010
ukicro01,Roko Ukić,PG,MIL,13,97,30,3,12,0.25,11,18,0.611,2009-2010
varejan01,Anderson Varejão,PF,CLE,76,2166,467,1,5,0.2,266,462,0.576,2009-2010
villach01,Charlie Villanueva,PF,DET,78,1848,827,99,282,0.351,264,545,0.484,2009-2010
vujacsa01,Sasha Vujačić,SG,LAL,67,575,164,25,81,0.309,41,83,0.494,2009-2010
wadedw01,Dwyane Wade,SG,MIA,77,2792,1511,73,243,0.3,646,1268,0.509,2009-2010
walkebi01,Henry Walker,SG,TOT,35,768,232,50,116,0.431,70,116,0.603,2009-2010
wallabe01,Ben Wallace*,C,DET,69,1975,292,0,2,0.0,158,290,0.545,2009-2010
wallage01,Gerald Wallace,SF,CHA,76,3119,943,52,140,0.371,404,803,0.503,2009-2010
wallara01,Rasheed Wallace,C,BOS,79,1780,650,82,290,0.283,184,360,0.511,2009-2010
waltolu01,Luke Walton,SF,LAL,29,272,84,7,17,0.412,23,67,0.343,2009-2010
warriha01,Hakim Warrick,PF,TOT,76,1557,550,1,7,0.143,264,543,0.486,2009-2010
watsocj01,C.J. Watson,PG,GSW,65,1788,528,45,145,0.31,202,383,0.527,2009-2010
watsoea01,Earl Watson,PG,IND,79,2322,524,53,184,0.288,170,340,0.5,2009-2010
weaveky01,Kyle Weaver,SG,OKC,12,144,33,7,19,0.368,5,14,0.357,2009-2010
webstma02,Martell Webster,SF,POR,82,2005,639,124,332,0.373,135,307,0.44,2009-2010
weemsso01,Sonny Weems,SG,TOR,69,1368,458,2,15,0.133,234,443,0.528,2009-2010
westda01,David West,PF,NOH,81,2949,1226,7,27,0.259,612,1199,0.51,2009-2010
westde01,Delonte West,SG,CLE,60,1500,436,25,77,0.325,169,359,0.471,2009-2010
westma02,Mario West,SG,ATL,39,142,21,0,1,0.0,12,20,0.6,2009-2010
westbru01,Russell Westbrook,PG,OKC,82,2813,1160,23,104,0.221,462,1056,0.438,2009-2010
whitedj01,D.J. White,PF,OKC,12,102,41,0,0,,25,41,0.61,2009-2010
wilcoch01,Chris Wilcox,PF,DET,34,441,120,0,0,,63,120,0.525,2009-2010
wilkida02,Damien Wilkins,SF,MIN,80,1585,381,18,61,0.295,147,320,0.459,2009-2010
wilksmi01,Mike Wilks,PG,OKC,4,59,12,2,3,0.667,4,9,0.444,2009-2010
willide01,Deron Williams,PG,UTA,76,2802,1053,96,259,0.371,398,794,0.501,2009-2010
willija02,Jason Williams,PG,ORL,82,1703,426,84,221,0.38,105,205,0.512,2009-2010
willija04,Jawad Williams,PG,CLE,54,742,206,30,93,0.323,51,113,0.451,2009-2010
willilo02,Lou Williams,PG,PHI,64,1912,677,70,206,0.34,248,471,0.527,2009-2010
willima03,Marcus Williams,PG,MEM,62,872,271,24,81,0.296,80,190,0.421,2009-2010
willima02,Marvin Williams,SF,ATL,81,2468,664,40,132,0.303,262,532,0.492,2009-2010
willima01,Mo Williams,PG,CLE,69,2359,855,159,371,0.429,219,484,0.452,2009-2010
willire02,Reggie Williams,SF,GSW,24,782,283,33,92,0.359,107,191,0.56,2009-2010
willise01,Sean Williams,PF,NJN,20,227,49,0,1,0.0,21,48,0.438,2009-2010
willish02,Shelden Williams,PF,BOS,54,597,121,0,1,0.0,63,120,0.525,2009-2010
willite01,Terrence Williams,SF,NJN,78,1764,651,31,100,0.31,230,551,0.417,2009-2010
artesro01,Metta World Peace,SF,LAL,77,2605,740,105,296,0.355,201,444,0.453,2009-2010
wrighan01,Antoine Wright,SF,TOR,67,1392,399,58,173,0.335,104,226,0.46,2009-2010
wrighdo01,Dorell Wright,SF,MIA,72,1496,419,61,157,0.389,133,262,0.508,2009-2010
wrighju01,Julian Wright,SF,NOH,68,871,232,2,6,0.333,114,226,0.504,2009-2010
youngni01,Nick Young,SG,WAS,74,1421,558,69,170,0.406,164,388,0.423,2009-2010
youngsa01,Sam Young,SF,MEM,80,1321,497,11,56,0.196,213,441,0.483,2009-2010
youngth01,Thaddeus Young,PF,PHI,67,2145,813,48,138,0.348,334,675,0.495,2009-2010
