PlayerID,Player,Pos,Tm,G,MP,FGA,3P,3PA,3P%,2P,2PA,2P%,Season
acyqu01,Quincy Acy,PF,NYK,68,1287,331,18,60,0.3,134,271,0.494,2014-2015
adamsjo01,Jordan Adams,SG,MEM,30,248,86,10,25,0.4,25,61,0.41,2014-2015
adamsst01,Steven Adams,C,OKC,70,1771,399,0,2,0.0,217,397,0.547,2014-2015
adrieje01,Jeff Adrien,PF,MIN,17,215,44,0,0,,19,44,0.432,2014-2015
afflaar01,Arron Afflalo,SG,TOT,78,2502,884,118,333,0.354,257,551,0.466,2014-2015
ajincal01,Alexis Ajinça,C,NOP,68,957,329,0,0,,181,329,0.55,2014-2015
aldemfu01,Furkan Aldemir,PF,PHI,41,540,78,0,5,0.0,40,73,0.548,2014-2015
aldrico01,Cole Aldrich,C,NYK,61,976,301,0,0,,144,301,0.478,2014-2015
aldrila01,LaMarcus Aldridge,PF,POR,71,2512,1415,37,105,0.352,622,1310,0.475,2014-2015
allenla01,Lavoy Allen,C,IND,63,1070,299,0,0,,141,299,0.472,2014-2015
allento01,Tony Allen,SG,MEM,63,1648,455,10,29,0.345,215,426,0.505,2014-2015
aminual01,Al-Farouq Aminu,SF,DAL,74,1366,357,34,124,0.274,113,233,0.485,2014-2015
amundlo01,Lou Amundson,PF,TOT,53,937,255,0,1,0.0,109,254,0.429,2014-2015
anderch01,Chris Andersen,C,MIA,60,1132,207,4,13,0.308,116,194,0.598,2014-2015
anderal01,Alan Anderson,SG,BRK,74,1744,440,73,210,0.348,122,230,0.53,2014-2015
anderky01,Kyle Anderson,SF,SAS,33,358,89,3,11,0.273,28,78,0.359,2014-2015
anderry01,Ryan Anderson,PF,NOP,61,1675,729,122,359,0.34,169,370,0.457,2014-2015
antetgi01,Giannis Antetokounmpo,SG,MIL,81,2541,780,7,44,0.159,376,736,0.511,2014-2015
anthoca01,Carmelo Anthony,SF,NYK,40,1428,806,61,179,0.341,297,627,0.474,2014-2015
anthojo01,Joel Anthony,C,DET,49,406,62,0,0,,36,62,0.581,2014-2015
anticpe01,Pero Antić,C,ATL,63,1037,296,52,173,0.301,56,123,0.455,2014-2015
arizatr01,Trevor Ariza,SF,HOU,82,2930,910,194,555,0.35,172,355,0.485,2014-2015
arthuda01,Darrell Arthur,PF,DEN,58,988,384,26,110,0.236,129,274,0.471,2014-2015
asikom01,Ömer Aşık,C,NOP,76,1982,412,0,0,,213,412,0.517,2014-2015
augusdj01,D.J. Augustin,PG,TOT,82,1964,647,83,246,0.337,175,401,0.436,2014-2015
pendeje02,Jeff Ayres,PF,SAS,51,383,95,0,0,,55,95,0.579,2014-2015
babbilu01,Luke Babbitt,SF,NOP,63,830,192,59,115,0.513,33,77,0.429,2014-2015
bairsca01,Cameron Bairstow,PF,CHI,18,64,14,0,0,,3,14,0.214,2014-2015
barbole01,Leandro Barbosa,SG,GSW,66,982,386,43,112,0.384,140,274,0.511,2014-2015
bareajo01,J.J. Barea,PG,DAL,77,1362,536,54,167,0.323,171,369,0.463,2014-2015
bargnan01,Andrea Bargnani,C,NYK,29,785,361,15,41,0.366,149,320,0.466,2014-2015
barneha02,Harrison Barnes,SF,GSW,82,2318,656,87,215,0.405,229,441,0.519,2014-2015
barnema02,Matt Barnes,SF,LAC,76,2271,624,136,376,0.362,141,248,0.569,2014-2015
barroea01,Earl Barron,C,PHO,16,143,39,2,4,0.5,10,35,0.286,2014-2015
bartowi01,Will Barton,SG,TOT,58,983,353,23,85,0.271,127,268,0.474,2014-2015
bassbr01,Brandon Bass,PF,BOS,82,1929,683,9,32,0.281,335,651,0.515,2014-2015
batumni01,Nicolas Batum,SF,POR,71,2380,600,100,309,0.324,140,291,0.481,2014-2015
bayleje01,Jerryd Bayless,PG,MIL,77,1717,516,37,120,0.308,183,396,0.462,2014-2015
baynear01,Aron Baynes,C,SAS,70,1122,327,1,4,0.25,184,323,0.57,2014-2015
bazemke01,Kent Bazemore,SG,ATL,75,1324,331,48,132,0.364,93,199,0.467,2014-2015
bealbr01,Bradley Beal,SG,WAS,63,2107,851,106,259,0.409,257,592,0.434,2014-2015
beaslmi01,Michael Beasley,PF,MIA,24,505,212,8,34,0.235,84,178,0.472,2014-2015
belinma01,Marco Belinelli,SG,SAS,62,1388,470,86,230,0.374,113,240,0.471,2014-2015
benimje01,Jerrelle Benimon,PF,UTA,2,3,0,0,0,,0,0,,2014-2015
bennean01,Anthony Bennett,PF,MIN,57,894,297,7,23,0.304,118,274,0.431,2014-2015
beverpa01,Patrick Beverley,PG,HOU,56,1727,532,115,323,0.356,89,209,0.426,2014-2015
bhullsi01,Sim Bhullar,C,SAC,3,3,2,0,0,,1,2,0.5,2014-2015
biyombi01,Bismack Biyombo,C,CHO,64,1243,186,0,0,,101,186,0.543,2014-2015
blackta01,Tarik Black,C,TOT,63,1196,273,0,1,0.0,157,272,0.577,2014-2015
blairde01,DeJuan Blair,PF,WAS,29,180,57,0,0,,26,57,0.456,2014-2015
blakest01,Steve Blake,PG,POR,81,1529,327,77,219,0.352,45,108,0.417,2014-2015
bledser01,Eric Bledsoe,PG,PHO,81,2800,1046,88,272,0.324,380,774,0.491,2014-2015
blueva01,Vander Blue,SG,LAL,2,74,30,2,10,0.2,7,20,0.35,2014-2015
bogdabo02,Bojan Bogdanović,SF,BRK,78,1854,576,91,256,0.355,170,320,0.531,2014-2015
bogutan01,Andrew Bogut,C,GSW,67,1583,355,0,0,,200,355,0.563,2014-2015
bonnema01,Matt Bonner,PF,SAS,72,935,230,46,126,0.365,48,104,0.462,2014-2015
booketr01,Trevor Booker,PF,UTA,79,1564,464,29,84,0.345,197,380,0.518,2014-2015
boozeca01,Carlos Boozer,PF,LAL,71,1692,743,0,0,,371,743,0.499,2014-2015
boshch01,Chris Bosh*,C,MIA,44,1556,745,63,168,0.375,280,577,0.485,2014-2015
bradlav01,Avery Bradley,SG,BOS,77,2428,1012,124,352,0.352,310,660,0.47,2014-2015
brandel01,Elton Brand,C,ATL,36,486,95,0,1,0.0,42,94,0.447,2014-2015
breweco01,Corey Brewer,SF,TOT,80,2087,805,63,235,0.268,280,570,0.491,2014-2015
brookaa01,Aaron Brooks,PG,CHI,82,1885,817,121,313,0.387,223,504,0.442,2014-2015
brownja01,Jabari Brown,SG,LAL,19,568,170,23,62,0.371,47,108,0.435,2014-2015
brownlo01,Lorenzo Brown,PG,MIN,29,549,122,6,28,0.214,46,94,0.489,2014-2015
brownma02,Markel Brown,SG,BRK,47,781,210,17,64,0.266,59,146,0.404,2014-2015
brownsh01,Shannon Brown,SG,MIA,5,89,19,3,7,0.429,4,12,0.333,2014-2015
bryanko01,Kobe Bryant*,SG,LAL,35,1207,713,54,184,0.293,212,529,0.401,2014-2015
budinch01,Chase Budinger,SF,MIN,67,1286,390,52,143,0.364,117,247,0.474,2014-2015
bullore01,Reggie Bullock,SF,TOT,36,338,70,15,46,0.326,9,24,0.375,2014-2015
burketr01,Trey Burke,PG,UTA,76,2288,1005,124,390,0.318,246,615,0.4,2014-2015
burksal01,Alec Burks,SG,UTA,27,899,300,26,68,0.382,95,232,0.409,2014-2015
butleca01,Caron Butler,SF,DET,78,1623,396,83,219,0.379,78,177,0.441,2014-2015
butleji01,Jimmy Butler,SG,CHI,65,2513,912,73,193,0.378,348,719,0.484,2014-2015
butlera01,Rasual Butler,SF,WAS,75,1505,517,91,235,0.387,127,282,0.45,2014-2015
buyckdw01,Dwight Buycks,PG,LAL,6,123,40,7,11,0.636,11,29,0.379,2014-2015
bynumwi01,Will Bynum,SG,WAS,7,67,31,0,9,0.0,10,22,0.455,2014-2015
cabocbr01,Bruno Caboclo,SF,TOR,8,23,12,2,3,0.667,2,9,0.222,2014-2015
calatni01,Nick Calathes,SG,MEM,58,838,247,11,43,0.256,93,204,0.456,2014-2015
caldejo01,José Calderón,PG,NYK,42,1270,354,59,142,0.415,88,212,0.415,2014-2015
caldwke01,Kentavious Caldwell-Pope,SG,DET,82,2587,972,153,444,0.345,237,528,0.449,2014-2015
canaais01,Isaiah Canaan,PG,TOT,47,938,378,91,246,0.37,55,132,0.417,2014-2015
capelca01,Clint Capela,C,HOU,12,90,29,0,0,,14,29,0.483,2014-2015
carrode01,DeMarre Carroll,SF,ATL,70,2189,653,120,304,0.395,198,349,0.567,2014-2015
cartevi01,Vince Carter,SG,MEM,66,1091,406,69,232,0.297,66,174,0.379,2014-2015
cartemi01,Michael Carter-Williams,PG,TOT,66,2149,919,36,153,0.235,328,766,0.428,2014-2015
casspom01,Omri Casspi,SF,SAC,67,1416,427,35,87,0.402,174,340,0.512,2014-2015
chalmma01,Mario Chalmers,PG,MIA,80,2368,663,73,248,0.294,194,415,0.467,2014-2015
chandty01,Tyson Chandler,C,DAL,75,2286,440,0,0,,293,440,0.666,2014-2015
chandwi01,Wilson Chandler,SF,DEN,78,2471,975,139,406,0.342,279,569,0.49,2014-2015
cherrwi01,Will Cherry,PG,CLE,8,69,19,2,9,0.222,3,10,0.3,2014-2015
chrispa01,Patrick Christopher,SG,UTA,4,29,12,0,4,0.0,3,8,0.375,2014-2015
clarkea01,Earl Clark,PF,BRK,10,93,30,4,14,0.286,7,16,0.438,2014-2015
clarkia01,Ian Clark,SG,TOT,30,192,55,10,30,0.333,9,25,0.36,2014-2015
clarkjo01,Jordan Clarkson,PG,LAL,59,1476,596,38,121,0.314,229,475,0.482,2014-2015
clavevi01,Victor Claver,SF,POR,10,76,20,6,11,0.545,3,9,0.333,2014-2015
coleno01,Norris Cole,PG,TOT,75,1831,558,55,176,0.313,175,382,0.458,2014-2015
collida01,Darren Collison,PG,SAC,45,1565,550,60,161,0.373,200,389,0.514,2014-2015
collini01,Nick Collison,PF,OKC,66,1101,253,16,60,0.267,90,193,0.466,2014-2015
conlemi01,Mike Conley,PG,MEM,70,2225,882,107,277,0.386,286,605,0.473,2014-2015
cooleja01,Jack Cooley,C,UTA,16,87,22,0,0,,9,22,0.409,2014-2015
copelch01,Chris Copeland,SF,IND,50,828,310,52,167,0.311,60,143,0.42,2014-2015
cottobr01,Bryce Cotton,PG,UTA,15,159,69,7,20,0.35,22,49,0.449,2014-2015
couside01,DeMarcus Cousins,C,SAC,59,2013,1066,2,8,0.25,496,1058,0.469,2014-2015
covinro01,Robert Covington,SF,PHI,70,1956,756,167,446,0.374,132,310,0.426,2014-2015
crabbal01,Allen Crabbe,SG,POR,51,683,153,30,85,0.353,33,68,0.485,2014-2015
crawfja01,Jamal Crawford,SG,LAC,64,1703,839,119,364,0.327,213,475,0.448,2014-2015
crowdja01,Jae Crowder,SF,TOT,82,1647,545,61,208,0.293,168,337,0.499,2014-2015
cunnida01,Dante Cunningham,PF,NOP,66,1652,339,1,10,0.1,154,329,0.468,2014-2015
cunnija01,Jared Cunningham,SG,LAC,19,89,33,4,13,0.308,8,20,0.4,2014-2015
curryse01,Seth Curry,PG,PHO,2,8,3,0,1,0.0,0,2,0.0,2014-2015
curryst01,Stephen Curry,PG,GSW,80,2613,1341,286,646,0.443,367,695,0.528,2014-2015
dalemsa01,Samuel Dalembert,C,NYK,32,544,130,0,0,,57,130,0.438,2014-2015
danietr01,Troy Daniels,SG,TOT,47,397,165,43,118,0.364,18,47,0.383,2014-2015
datomlu01,Gigi Datome,SF,TOT,21,209,89,18,40,0.45,25,49,0.51,2014-2015
daviebr01,Brandon Davies,PF,TOT,27,423,137,8,34,0.235,47,103,0.456,2014-2015
davisan02,Anthony Davis,PF,NOP,68,2455,1199,1,12,0.083,641,1187,0.54,2014-2015
davised01,Ed Davis,PF,LAL,79,1840,469,0,0,,282,469,0.601,2014-2015
davisgl01,Glen Davis,PF,LAC,74,904,255,0,4,0.0,117,251,0.466,2014-2015
dawkian01,Andre Dawkins,SG,MIA,4,22,6,1,6,0.167,0,0,,2014-2015
dayeau01,Austin Daye,SF,TOT,34,344,141,24,71,0.338,26,70,0.371,2014-2015
dedmode01,Dewayne Dedmon,C,ORL,59,845,162,0,1,0.0,91,161,0.565,2014-2015
dellama01,Matthew Dellavedova,SG,CLE,67,1380,307,68,167,0.407,43,140,0.307,2014-2015
denglu01,Luol Deng,SF,MIA,72,2421,787,78,220,0.355,291,567,0.513,2014-2015
derozde01,DeMar DeRozan,SG,TOR,60,2100,990,25,88,0.284,384,902,0.426,2014-2015
diawbo01,Boris Diaw,PF,SAS,81,1984,632,54,169,0.32,237,463,0.512,2014-2015
dienggo01,Gorgui Dieng,C,MIN,73,2193,512,1,6,0.167,258,506,0.51,2014-2015
dinwisp01,Spencer Dinwiddie,PG,DET,34,455,169,12,65,0.185,39,104,0.375,2014-2015
dorsejo01,Joey Dorsey,PF,HOU,69,854,145,0,1,0.0,80,144,0.556,2014-2015
douglto01,Toney Douglas,SG,NOP,12,177,51,5,18,0.278,14,33,0.424,2014-2015
douglch01,Chris Douglas-Roberts,SG,LAC,12,103,21,1,7,0.143,4,14,0.286,2014-2015
dragigo01,Goran Dragić,SG,TOT,78,2640,1002,90,259,0.347,412,743,0.555,2014-2015
dragizo01,Zoran Dragić,SG,TOT,16,75,30,3,14,0.214,8,16,0.5,2014-2015
drewla02,Larry Drew II,PG,PHI,12,219,58,4,26,0.154,16,32,0.5,2014-2015
drumman01,Andre Drummond,C,DET,82,2502,961,0,2,0.0,494,959,0.515,2014-2015
dudleja01,Jared Dudley,SG,MIL,72,1717,423,74,192,0.385,124,231,0.537,2014-2015
duncati01,Tim Duncan*,C,SAS,77,2227,819,2,7,0.286,417,812,0.514,2014-2015
dunlemi02,Mike Dunleavy,SF,CHI,63,1838,481,107,263,0.407,102,218,0.468,2014-2015
duranke01,Kevin Durant,SF,OKC,27,913,467,64,159,0.403,174,308,0.565,2014-2015
earlycl01,Cleanthony Early,SF,NYK,39,647,214,22,84,0.262,54,130,0.415,2014-2015
ellinwa01,Wayne Ellington,SG,LAL,65,1675,617,90,243,0.37,164,374,0.439,2014-2015
ellismo01,Monta Ellis,SG,DAL,80,2699,1354,81,284,0.285,521,1070,0.487,2014-2015
ennisja01,James Ennis,SF,MIA,62,1051,247,31,95,0.326,70,152,0.461,2014-2015
ennisty01,Tyler Ennis,PG,TOT,33,411,144,12,43,0.279,40,101,0.396,2014-2015
evansje01,Jeremy Evans,SF,UTA,38,266,58,2,5,0.4,30,53,0.566,2014-2015
evansre01,Reggie Evans,PF,SAC,47,764,137,0,2,0.0,58,135,0.43,2014-2015
evansty01,Tyreke Evans,SG,NOP,79,2690,1165,69,227,0.304,452,938,0.482,2014-2015
exumda01,Dante Exum,PG,UTA,82,1817,416,83,264,0.314,62,152,0.408,2014-2015
ezelife01,Festus Ezeli,C,GSW,46,504,139,0,0,,76,139,0.547,2014-2015
farieke01,Kenneth Faried,PF,DEN,75,2086,736,1,8,0.125,372,728,0.511,2014-2015
farmajo01,Jordan Farmar,PG,LAC,36,529,158,35,97,0.361,26,61,0.426,2014-2015
favorde01,Derrick Favors,PF,UTA,74,2280,918,1,6,0.167,481,912,0.527,2014-2015
feltora01,Raymond Felton,PG,DAL,29,281,106,10,34,0.294,33,72,0.458,2014-2015
fieldla01,Landry Fields,SF,TOR,26,216,41,1,2,0.5,19,39,0.487,2014-2015
fournev01,Evan Fournier,SG,ORL,58,1661,575,85,225,0.378,168,350,0.48,2014-2015
foyera01,Randy Foye,SG,DEN,50,1087,402,94,263,0.357,54,139,0.388,2014-2015
frankja01,Jamaal Franklin,SG,DEN,3,13,2,1,2,0.5,0,0,,2014-2015
fraziti01,Tim Frazier,PG,TOT,11,239,61,5,17,0.294,16,44,0.364,2014-2015
fredeji01,Jimmer Fredette,PG,NOP,50,509,166,9,48,0.188,54,118,0.458,2014-2015
freeljo01,Joel Freeland,C,POR,48,617,151,0,0,,74,151,0.49,2014-2015
fryech01,Channing Frye,PF,ORL,75,1870,487,136,346,0.393,55,141,0.39,2014-2015
gallida01,Danilo Gallinari,SF,DEN,59,1426,568,107,301,0.355,121,267,0.453,2014-2015
gallola01,Langston Galloway,PG,NYK,45,1457,511,62,176,0.352,142,335,0.424,2014-2015
garcifr01,Francisco García,SF,HOU,14,200,63,10,45,0.222,7,18,0.389,2014-2015
garneke01,Kevin Garnett*,PF,TOT,47,952,306,1,7,0.143,142,299,0.475,2014-2015
gasolma01,Marc Gasol,C,MEM,81,2687,1072,3,17,0.176,527,1055,0.5,2014-2015
gasolpa01,Pau Gasol,PF,CHI,78,2681,1153,12,26,0.462,558,1127,0.495,2014-2015
gayru01,Rudy Gay,SF,SAC,68,2408,1116,79,220,0.359,429,896,0.479,2014-2015
geeal01,Alonzo Gee,SF,TOT,54,662,186,13,35,0.371,74,151,0.49,2014-2015
georgpa01,Paul George,SF,IND,6,91,49,9,22,0.409,9,27,0.333,2014-2015
gibsota01,Taj Gibson,PF,CHI,62,1692,506,0,0,,254,506,0.502,2014-2015
ginobma01,Manu Ginóbili,SG,SAS,70,1587,589,89,258,0.345,162,331,0.489,2014-2015
goberru01,Rudy Gobert,C,UTA,82,2158,427,0,2,0.0,258,425,0.607,2014-2015
goodedr01,Drew Gooden,PF,WAS,51,864,276,23,59,0.39,87,217,0.401,2014-2015
goodwar01,Archie Goodwin,SG,PHO,41,535,201,12,41,0.293,67,160,0.419,2014-2015
gordoaa01,Aaron Gordon,PF,ORL,47,797,208,13,48,0.271,80,160,0.5,2014-2015
gordobe01,Ben Gordon,SG,ORL,56,790,295,35,97,0.361,94,198,0.475,2014-2015
gordodr01,Drew Gordon,PF,PHI,9,71,19,0,3,0.0,8,16,0.5,2014-2015
gordoer01,Eric Gordon,SG,NOP,61,2018,694,141,315,0.448,144,379,0.38,2014-2015
gortama01,Marcin Gortat,C,WAS,82,2453,775,0,3,0.0,439,772,0.569,2014-2015
grangda01,Danny Granger,SF,MIA,30,613,162,30,84,0.357,35,78,0.449,2014-2015
grantje01,Jerami Grant,SF,PHI,65,1377,352,49,156,0.314,75,196,0.383,2014-2015
greenda02,Danny Green,SG,SAS,81,2312,738,191,457,0.418,131,281,0.466,2014-2015
greendr01,Draymond Green,PF,GSW,79,2490,765,111,329,0.337,228,436,0.523,2014-2015
greener01,Erick Green,PG,DEN,43,410,162,14,47,0.298,47,115,0.409,2014-2015
greenge01,Gerald Green,SG,PHO,74,1446,778,137,387,0.354,187,391,0.478,2014-2015
greenja01,JaMychal Green,PF,TOT,24,164,47,0,6,0.0,27,41,0.659,2014-2015
greenje02,Jeff Green,SF,TOT,78,2454,967,97,292,0.332,319,675,0.473,2014-2015
greenwi01,Willie Green,SG,ORL,52,951,306,42,121,0.347,76,185,0.411,2014-2015
griffbl01,Blake Griffin,PF,LAC,67,2356,1144,10,25,0.4,564,1119,0.504,2014-2015
gutiejo01,Jorge Gutiérrez,PG,TOT,20,175,41,0,3,0.0,22,38,0.579,2014-2015
hairspj02,P.J. Hairston,SG,CHO,45,687,269,49,163,0.301,38,106,0.358,2014-2015
hamiljo02,Jordan Hamilton,SF,LAC,14,122,35,10,21,0.476,4,14,0.286,2014-2015
hamilju01,Justin Hamilton,C,TOT,41,712,178,10,31,0.323,75,147,0.51,2014-2015
hansbty01,Tyler Hansbrough,PF,TOR,74,1058,165,1,7,0.143,85,158,0.538,2014-2015
hardati02,Tim Hardaway Jr.,SG,NYK,70,1681,717,121,354,0.342,158,363,0.435,2014-2015
hardeja01,James Harden,SG,HOU,81,2981,1470,208,555,0.375,439,915,0.48,2014-2015
harklma01,Maurice Harkless,SF,ORL,45,674,158,10,56,0.179,53,102,0.52,2014-2015
harride01,Devin Harris,PG,DAL,76,1685,524,95,266,0.357,124,258,0.481,2014-2015
harriga01,Gary Harris,SG,DEN,55,719,217,21,103,0.204,45,114,0.395,2014-2015
harrijo01,Joe Harris,SG,CLE,51,493,120,31,84,0.369,17,36,0.472,2014-2015
harrito02,Tobias Harris,SF,ORL,68,2369,949,87,239,0.364,355,710,0.5,2014-2015
hasleud01,Udonis Haslem,PF,MIA,62,995,239,2,10,0.2,105,229,0.459,2014-2015
hawessp01,Spencer Hawes,PF,LAC,73,1274,415,55,176,0.313,108,239,0.452,2014-2015
hayesch01,Chuck Hayes,C,TOR,29,255,46,0,0,,22,46,0.478,2014-2015
haywago01,Gordon Hayward,SF,UTA,76,2618,1087,120,330,0.364,364,757,0.481,2014-2015
haywobr01,Brendan Haywood,C,CLE,22,119,30,0,0,,14,30,0.467,2014-2015
hendege02,Gerald Henderson,SG,CHO,80,2315,847,45,136,0.331,325,711,0.457,2014-2015
henryxa01,Xavier Henry,SF,LAL,9,86,13,0,0,,3,13,0.231,2014-2015
hensojo01,John Henson,C,MIL,67,1228,346,0,0,,196,346,0.566,2014-2015
hibbero01,Roy Hibbert,C,IND,76,1926,710,0,2,0.0,317,708,0.448,2014-2015
hicksjj01,J.J. Hickson,C,DEN,73,1411,459,0,2,0.0,218,457,0.477,2014-2015
hilarne01,Nenê,PF,WAS,67,1693,601,1,5,0.2,306,596,0.513,2014-2015
hillge01,George Hill,PG,IND,43,1267,535,69,193,0.358,186,342,0.544,2014-2015
hilljo01,Jordan Hill,C,LAL,70,1874,777,3,11,0.273,354,766,0.462,2014-2015
hillso01,Solomon Hill,SF,IND,82,2381,634,68,208,0.327,183,426,0.43,2014-2015
hinriki01,Kirk Hinrich,SG,CHI,66,1610,381,58,168,0.345,84,213,0.394,2014-2015
holidjr01,Jrue Holiday,PG,NOP,40,1303,534,51,135,0.378,187,399,0.469,2014-2015
holidju01,Justin Holiday,SG,GSW,59,657,235,35,109,0.321,56,126,0.444,2014-2015
holliry01,Ryan Hollins,C,SAC,46,441,82,0,0,,53,82,0.646,2014-2015
hoodro01,Rodney Hood,SG,UTA,50,1064,374,62,170,0.365,93,204,0.456,2014-2015
horfoal01,Al Horford,C,ATL,76,2318,965,11,36,0.306,508,929,0.547,2014-2015
howardw01,Dwight Howard,C,HOU,41,1223,423,1,2,0.5,250,421,0.594,2014-2015
hudsole01,Lester Hudson,SG,LAC,5,56,14,3,6,0.5,3,8,0.375,2014-2015
hummero01,Robbie Hummel,SF,MIN,45,742,172,16,51,0.314,63,121,0.521,2014-2015
humphkr01,Kris Humphries,PF,WAS,64,1345,446,0,7,0.0,211,439,0.481,2014-2015
ibakase01,Serge Ibaka,PF,OKC,64,2116,786,77,205,0.376,297,581,0.511,2014-2015
iguodan01,Andre Iguodala,SF,GSW,77,2069,496,74,212,0.349,157,284,0.553,2014-2015
ilyaser01,Ersan İlyasova,PF,MIL,58,1319,557,74,190,0.389,189,367,0.515,2014-2015
inglejo01,Joe Ingles,SF,UTA,79,1673,354,72,202,0.356,75,152,0.493,2014-2015
irvinky01,Kyrie Irving,PG,CLE,75,2730,1235,157,378,0.415,421,857,0.491,2014-2015
jackja01,Jarrett Jack,PG,BRK,80,2241,817,39,146,0.267,320,671,0.477,2014-2015
jacksre01,Reggie Jackson,PG,TOT,77,2268,996,72,241,0.299,360,755,0.477,2014-2015
jamesbe01,Bernard James,C,DAL,16,158,27,0,0,,12,27,0.444,2014-2015
jamesle01,LeBron James,SF,CLE,69,2493,1279,120,339,0.354,504,940,0.536,2014-2015
jeffeal01,Al Jefferson,C,CHO,65,1992,1010,2,5,0.4,484,1005,0.482,2014-2015
jeffeco01,Cory Jefferson,PF,BRK,50,531,167,2,15,0.133,73,152,0.48,2014-2015
jefferi01,Richard Jefferson,SF,DAL,74,1244,324,66,155,0.426,78,169,0.462,2014-2015
jenkijo01,John Jenkins,SG,ATL,24,297,99,21,52,0.404,28,47,0.596,2014-2015
jennibr01,Brandon Jennings,PG,DET,41,1173,543,76,211,0.36,142,332,0.428,2014-2015
jerebjo01,Jonas Jerebko,PF,TOT,75,1230,379,54,140,0.386,115,239,0.481,2014-2015
jerregr01,Grant Jerrett,PF,TOT,8,51,26,1,15,0.067,6,11,0.545,2014-2015
johnsam01,Amir Johnson,PF,TOR,75,1979,519,19,46,0.413,279,473,0.59,2014-2015
johnsch04,Chris Johnson,SF,TOT,29,526,154,28,95,0.295,34,59,0.576,2014-2015
johnsja01,James Johnson,PF,TOR,70,1370,404,11,51,0.216,227,353,0.643,2014-2015
johnsjo02,Joe Johnson,SG,BRK,80,2791,1025,121,337,0.359,325,688,0.472,2014-2015
johnsni01,Nick Johnson,SG,HOU,28,262,75,5,21,0.238,21,54,0.389,2014-2015
johnsty01,Tyler Johnson,SG,MIA,32,603,167,18,48,0.375,52,119,0.437,2014-2015
johnswe01,Wesley Johnson,SF,LAL,76,2245,691,91,259,0.351,195,432,0.451,2014-2015
jonesda02,Dahntay Jones,SF,LAC,33,123,21,0,4,0.0,6,17,0.353,2014-2015
jonesja02,James Jones,SF,CLE,57,669,201,63,175,0.36,11,26,0.423,2014-2015
jonespe01,Perry Jones,SF,OKC,43,631,184,14,60,0.233,59,124,0.476,2014-2015
joneste01,Terrence Jones,PF,HOU,33,889,299,13,37,0.351,145,262,0.553,2014-2015
jordade01,DeAndre Jordan,C,LAC,82,2820,534,1,4,0.25,378,530,0.713,2014-2015
jordaje01,Jerome Jordan,C,BRK,44,383,94,0,0,,50,94,0.532,2014-2015
josepco01,Cory Joseph,PG,SAS,79,1444,411,16,44,0.364,191,367,0.52,2014-2015
kamanch01,Chris Kaman,C,POR,74,1398,549,0,0,,283,549,0.515,2014-2015
kanteen01,Enes Kanter,C,TOT,75,2135,928,16,45,0.356,466,883,0.528,2014-2015
karasse01,Sergey Karasev,SG,BRK,33,555,134,16,54,0.296,38,80,0.475,2014-2015
kellyry01,Ryan Kelly,PF,LAL,52,1233,309,45,134,0.336,59,175,0.337,2014-2015
kiddgmi01,Michael Kidd-Gilchrist,SF,CHO,55,1587,482,0,0,,224,482,0.465,2014-2015
kilpase01,Sean Kilpatrick,SG,MIN,4,72,20,4,13,0.308,3,7,0.429,2014-2015
kirilan01,Andrei Kirilenko,SF,BRK,7,36,5,0,0,,0,5,0.0,2014-2015
kirkal01,Alex Kirk,C,CLE,5,14,4,0,0,,1,4,0.25,2014-2015
knighbr03,Brandon Knight,PG,TOT,63,2035,888,125,321,0.389,250,567,0.441,2014-2015
korveky01,Kyle Korver,SG,ATL,75,2418,600,221,449,0.492,71,151,0.47,2014-2015
koufoko01,Kosta Koufos,C,MEM,81,1348,358,0,0,,182,358,0.508,2014-2015
kuzmiog01,Ognjen Kuzmić,C,GSW,16,72,12,0,0,,8,12,0.667,2014-2015
lambje01,Jeremy Lamb,SG,OKC,47,633,250,38,111,0.342,66,139,0.475,2014-2015
landrca01,Carl Landry,PF,SAC,70,1192,369,0,0,,190,369,0.515,2014-2015
larkish01,Shane Larkin,PG,NYK,76,1865,432,35,116,0.302,152,316,0.481,2014-2015
lauvejo01,Joffrey Lauvergne,C,DEN,24,268,89,3,16,0.188,33,73,0.452,2014-2015
lavinza01,Zach LaVine,PG,MIN,77,1902,677,57,167,0.341,229,510,0.449,2014-2015
lawsoty01,Ty Lawson,PG,DEN,75,2665,926,70,205,0.341,334,721,0.463,2014-2015
ledori01,Ricky Ledo,SG,TOT,17,244,96,10,27,0.37,22,69,0.319,2014-2015
leeco01,Courtney Lee,SG,MEM,77,2354,643,90,224,0.402,198,419,0.473,2014-2015
leeda02,David Lee,PF,GSW,49,904,313,0,2,0.0,160,311,0.514,2014-2015
leema01,Malcolm Lee,SG,PHI,1,2,1,0,0,,0,1,0.0,2014-2015
lenal01,Alex Len,C,PHO,69,1518,353,1,3,0.333,178,350,0.509,2014-2015
leonaka01,Kawhi Leonard,SF,SAS,64,2033,822,67,192,0.349,327,630,0.519,2014-2015
leoname01,Meyers Leonard,C,POR,55,847,245,47,112,0.42,78,133,0.586,2014-2015
leuerjo01,Jon Leuer,PF,MEM,63,824,273,7,29,0.241,114,244,0.467,2014-2015
lillada01,Damian Lillard,PG,POR,82,2925,1360,196,572,0.343,394,788,0.5,2014-2015
linje01,Jeremy Lin,PG,LAL,74,1907,654,65,176,0.369,212,478,0.444,2014-2015
livinsh01,Shaun Livingston,PG,GSW,78,1468,396,0,2,0.0,198,394,0.503,2014-2015
lopezbr01,Brook Lopez,C,BRK,72,2100,987,1,10,0.1,505,977,0.517,2014-2015
lopezro01,Robin Lopez,C,POR,59,1638,437,0,1,0.0,234,436,0.537,2014-2015
loveke01,Kevin Love,PF,CLE,75,2532,952,144,392,0.367,269,560,0.48,2014-2015
lowryky01,Kyle Lowry,PG,TOR,70,2414,1043,132,391,0.338,298,652,0.457,2014-2015
lucaska01,Kalin Lucas,PG,MEM,1,6,1,0,0,,0,1,0.0,2014-2015
lucasjo02,John Lucas III,PG,DET,21,272,104,9,29,0.31,33,75,0.44,2014-2015
macksh01,Shelvin Mack,PG,ATL,55,833,292,40,127,0.315,77,165,0.467,2014-2015
mahinia01,Ian Mahinmi,C,IND,61,1146,212,0,0,,117,212,0.552,2014-2015
marblde01,Devyn Marble,SG,ORL,16,208,44,4,22,0.182,10,22,0.455,2014-2015
mariosh01,Shawn Marion,SF,CLE,57,1101,267,12,46,0.261,107,221,0.484,2014-2015
marshke01,Kendall Marshall,PG,MIL,28,417,101,18,46,0.391,28,55,0.509,2014-2015
martica01,Cartier Martin,SF,DET,23,198,53,6,33,0.182,9,20,0.45,2014-2015
martike01,Kenyon Martin,PF,MIL,11,104,22,0,0,,9,22,0.409,2014-2015
martike02,Kevin Martin,SG,MIN,39,1302,625,75,191,0.393,192,434,0.442,2014-2015
matthwe02,Wesley Matthews,SG,POR,60,2024,752,173,445,0.389,164,307,0.534,2014-2015
maxieja01,Jason Maxiell,PF,CHO,61,878,192,0,0,,81,192,0.422,2014-2015
mayooj01,O.J. Mayo,SG,MIL,71,1697,701,99,277,0.357,197,424,0.465,2014-2015
mbahalu01,Luc Mbah a Moute,PF,PHI,67,1916,636,62,202,0.307,189,434,0.435,2014-2015
mcadoja01,James Michael McAdoo,PF,GSW,15,137,44,0,0,,24,44,0.545,2014-2015
mccalra01,Ray McCallum,PG,SAC,68,1436,470,34,111,0.306,172,359,0.479,2014-2015
mccolcj01,CJ McCollum,SG,POR,62,973,365,55,139,0.396,104,226,0.46,2014-2015
mcdankj01,K.J. McDaniels,SG,TOT,62,1352,434,43,150,0.287,129,284,0.454,2014-2015
mcderdo01,Doug McDermott,SF,CHI,36,321,107,13,41,0.317,30,66,0.455,2014-2015
mcgarmi01,Mitch McGary,PF,OKC,32,485,165,0,2,0.0,88,163,0.54,2014-2015
mcgeeja01,JaVale McGee,C,TOT,23,256,79,0,0,,42,79,0.532,2014-2015
mclembe01,Ben McLemore,SG,SAC,82,2670,831,140,391,0.358,223,440,0.507,2014-2015
mcneaje01,Jerel McNeal,PG,PHO,6,36,11,1,2,0.5,2,9,0.222,2014-2015
mcrobjo01,Josh McRoberts,PF,MIA,17,296,53,8,19,0.421,20,34,0.588,2014-2015
meeksjo01,Jodie Meeks,SG,DET,60,1462,534,74,212,0.349,148,322,0.46,2014-2015
mekelga01,Gal Mekel,PG,NOP,4,43,20,0,3,0.0,3,17,0.176,2014-2015
middlkh01,Khris Middleton,SF,MIL,79,2378,869,109,268,0.407,297,601,0.494,2014-2015
milescj01,C.J. Miles,SG,IND,70,1841,827,154,446,0.345,175,381,0.459,2014-2015
millean02,Andre Miller,PG,TOT,81,1253,290,7,34,0.206,138,256,0.539,2014-2015
milleda01,Darius Miller,SF,NOP,5,43,7,0,1,0.0,1,6,0.167,2014-2015
millemi01,Mike Miller,SF,CLE,52,701,114,32,98,0.327,5,16,0.313,2014-2015
millequ01,Quincy Miller,PF,TOT,10,119,38,3,18,0.167,6,20,0.3,2014-2015
millspa02,Patty Mills,PG,SAS,51,801,336,62,182,0.341,66,154,0.429,2014-2015
millsel01,Elijah Millsap,SG,UTA,47,924,238,28,90,0.311,53,148,0.358,2014-2015
millspa01,Paul Millsap,PF,ATL,73,2390,930,77,216,0.356,366,714,0.513,2014-2015
mirotni01,Nikola Mirotić,PF,CHI,82,1654,624,99,313,0.316,154,311,0.495,2014-2015
mohamna01,Nazr Mohammed,C,CHI,23,128,30,0,0,,13,30,0.433,2014-2015
monrogr01,Greg Monroe,PF,DET,69,2137,853,0,0,,423,853,0.496,2014-2015
mooreet01,E'Twaun Moore,SG,CHI,56,504,139,13,38,0.342,49,101,0.485,2014-2015
moreler01,Eric Moreland,PF,SAC,3,2,1,0,0,,1,1,1.0,2014-2015
morrida01,Darius Morris,PG,BRK,38,299,106,7,33,0.212,29,73,0.397,2014-2015
morrima03,Marcus Morris,PF,PHO,81,2045,763,112,313,0.358,219,450,0.487,2014-2015
morrima02,Markieff Morris,PF,PHO,82,2581,1100,57,179,0.318,455,921,0.494,2014-2015
morroan01,Anthony Morrow,SG,OKC,74,1806,615,141,325,0.434,144,290,0.497,2014-2015
motiedo01,Donatas Motiejūnas,PF,HOU,71,2037,700,49,133,0.368,304,567,0.536,2014-2015
mozgoti01,Timofey Mozgov,C,TOT,81,2045,566,2,6,0.333,312,560,0.557,2014-2015
muhamsh01,Shabazz Muhammad,SG,MIN,38,866,397,20,51,0.392,174,346,0.503,2014-2015
murryto01,Toure' Murry,SG,TOT,5,18,5,0,0,,2,5,0.4,2014-2015
muscami01,Mike Muscala,PF,ATL,40,502,151,9,22,0.409,74,129,0.574,2014-2015
napiesh01,Shabazz Napier,PG,MIA,51,1012,228,43,118,0.364,44,110,0.4,2014-2015
nealga01,Gary Neal,SG,TOT,54,1193,503,50,164,0.305,138,339,0.407,2014-2015
nelsoja01,Jameer Nelson,PG,TOT,63,1407,504,89,258,0.345,116,246,0.472,2014-2015
nichoan01,Andrew Nicholson,PF,ORL,40,492,190,13,41,0.317,70,149,0.47,2014-2015
noahjo01,Joakim Noah,C,CHI,67,2049,427,0,2,0.0,190,425,0.447,2014-2015
noelne01,Nerlens Noel,C,PHI,75,2311,653,0,0,,302,653,0.462,2014-2015
noguelu01,Lucas Nogueira,C,TOR,6,23,8,0,0,,2,8,0.25,2014-2015
novakst01,Steve Novak,SF,TOT,35,197,56,19,48,0.396,3,8,0.375,2014-2015
nowitdi01,Dirk Nowitzki,PF,DAL,77,2282,1062,104,274,0.38,383,788,0.486,2014-2015
nurkiju01,Jusuf Nurkić,C,DEN,62,1103,383,0,2,0.0,171,381,0.449,2014-2015
obryajo01,Johnny O'Bryant,PF,MIL,34,368,120,0,0,,44,120,0.367,2014-2015
oquinky01,Kyle O'Quinn,PF,ORL,51,824,242,12,43,0.279,107,199,0.538,2014-2015
oladivi01,Victor Oladipo,SG,ORL,72,2573,1086,84,248,0.339,389,838,0.464,2014-2015
olynyke01,Kelly Olynyk,C,BOS,64,1423,528,61,175,0.349,190,353,0.538,2014-2015
onuakar01,Arinze Onuaku,C,MIN,6,68,14,0,0,,12,14,0.857,2014-2015
pachuza01,Zaza Pachulia,C,MIL,73,1730,529,0,3,0.0,240,526,0.456,2014-2015
papanko01,Kostas Papanikolaou,SF,HOU,43,795,197,31,106,0.292,38,91,0.418,2014-2015
pargoja01,Jannero Pargo,PG,CHO,9,73,35,9,22,0.409,6,13,0.462,2014-2015
parkeja01,Jabari Parker,PF,MIL,25,738,263,4,16,0.25,125,247,0.506,2014-2015
parketo01,Tony Parker,PG,SAS,68,1953,832,38,89,0.427,366,743,0.493,2014-2015
parsoch01,Chandler Parsons,SF,DAL,66,2186,829,132,347,0.38,251,482,0.521,2014-2015
pattepa01,Patrick Patterson,PF,TOR,81,2156,535,105,283,0.371,135,252,0.536,2014-2015
paulch01,Chris Paul,PG,LAC,82,2857,1170,139,349,0.398,429,821,0.523,2014-2015
paynead01,Adreian Payne,PF,TOT,32,739,220,1,9,0.111,90,211,0.427,2014-2015
paytoel01,Elfrid Payton,PG,ORL,82,2489,708,11,42,0.262,290,666,0.435,2014-2015
pekovni01,Nikola Peković,C,MIN,31,815,328,0,0,,139,328,0.424,2014-2015
perkike01,Kendrick Perkins,C,TOT,68,1148,227,0,1,0.0,102,226,0.451,2014-2015
piercpa01,Paul Pierce*,SF,WAS,73,1914,656,118,303,0.389,175,353,0.496,2014-2015
plumlma01,Mason Plumlee,C,BRK,82,1743,489,0,3,0.0,280,486,0.576,2014-2015
plumlmi01,Miles Plumlee,C,TOT,73,1194,254,0,0,,136,254,0.535,2014-2015
pondequ01,Quincy Pondexter,SF,TOT,75,1793,447,91,244,0.373,97,203,0.478,2014-2015
porteot01,Otto Porter,SF,WAS,74,1432,391,35,104,0.337,141,287,0.491,2014-2015
poweldw01,Dwight Powell,PF,TOT,29,236,67,3,11,0.273,28,56,0.5,2014-2015
pressph01,Phil Pressey,PG,BOS,50,600,174,16,65,0.246,48,109,0.44,2014-2015
priceaj01,A.J. Price,PG,TOT,26,324,137,15,57,0.263,36,80,0.45,2014-2015
pricero01,Ronnie Price,PG,LAL,43,982,223,31,109,0.284,46,114,0.404,2014-2015
prigipa01,Pablo Prigioni,PG,TOT,67,1197,228,57,166,0.343,34,62,0.548,2014-2015
princta01,Tayshaun Prince,SF,TOT,58,1397,402,31,67,0.463,146,335,0.436,2014-2015
radulmi01,Miroslav Raduljica,C,MIN,5,23,8,0,0,,3,8,0.375,2014-2015
randlju01,Julius Randle,PF,LAL,1,14,3,0,0,,1,3,0.333,2014-2015
randosh01,Shavlik Randolph,PF,TOT,21,126,35,0,5,0.0,9,30,0.3,2014-2015
randoza01,Zach Randolph,PF,MEM,71,2304,932,7,20,0.35,447,912,0.49,2014-2015
redicjj01,J.J. Redick,SG,LAC,78,2409,938,200,458,0.437,247,480,0.515,2014-2015
ricegl02,Glen Rice Jr.,SG,WAS,5,43,15,1,7,0.143,2,8,0.25,2014-2015
richaja01,Jason Richardson,SG,PHI,19,416,178,31,96,0.323,31,82,0.378,2014-2015
ridnolu01,Luke Ridnour,PG,ORL,47,683,176,20,63,0.317,55,113,0.487,2014-2015
riverau01,Austin Rivers,PG,TOT,76,1563,496,39,131,0.298,164,365,0.449,2014-2015
roberan03,Andre Roberson,SG,OKC,67,1286,201,21,85,0.247,71,116,0.612,2014-2015
roberbr01,Brian Roberts,PG,CHO,72,1330,452,62,193,0.321,114,259,0.44,2014-2015
robingl02,Glenn Robinson III,SG,TOT,35,261,67,5,19,0.263,21,48,0.438,2014-2015
robinna01,Nate Robinson,PG,TOT,42,591,255,31,112,0.277,57,143,0.399,2014-2015
robinth01,Thomas Robinson,PF,TOT,54,798,260,0,2,0.0,126,258,0.488,2014-2015
rondora01,Rajon Rondo,PG,TOT,68,2018,645,27,86,0.314,248,559,0.444,2014-2015
rosede01,Derrick Rose,PG,CHI,51,1530,835,76,271,0.28,262,564,0.465,2014-2015
rosste01,Terrence Ross,SF,TOR,82,2092,753,145,390,0.372,164,363,0.452,2014-2015
rubiori01,Ricky Rubio,PG,MIN,22,692,219,13,51,0.255,65,168,0.387,2014-2015
rudezda01,Damjan Rudež,SF,IND,68,1047,263,69,170,0.406,50,93,0.538,2014-2015
rushbr01,Brandon Rush,SG,GSW,33,271,54,3,27,0.111,8,27,0.296,2014-2015
sacrero01,Robert Sacre,C,LAL,67,1133,306,0,1,0.0,126,305,0.413,2014-2015
salmojo01,John Salmons,SF,NOP,21,270,48,8,26,0.308,8,22,0.364,2014-2015
sampsja02,JaKarr Sampson,SF,PHI,74,1131,346,31,127,0.244,115,219,0.525,2014-2015
sandela01,Larry Sanders,C,MIL,27,586,172,0,0,,86,172,0.5,2014-2015
schrode01,Dennis Schröder,PG,ATL,77,1516,665,52,148,0.351,232,517,0.449,2014-2015
scolalu01,Luis Scola,PF,IND,81,1659,642,5,20,0.25,295,622,0.474,2014-2015
scottmi01,Mike Scott,PF,ATL,68,1123,453,66,192,0.344,135,261,0.517,2014-2015
sefolth01,Thabo Sefolosha,SF,ATL,52,976,249,25,78,0.321,79,171,0.462,2014-2015
serapke01,Kevin Séraphin,C,WAS,79,1235,450,0,2,0.0,231,448,0.516,2014-2015
sessira01,Ramon Sessions,PG,TOT,64,1188,334,19,60,0.317,106,274,0.387,2014-2015
shumpim01,Iman Shumpert,SG,TOT,62,1545,471,67,196,0.342,126,275,0.458,2014-2015
shvedal01,Alexey Shved,SG,TOT,42,767,335,47,139,0.338,86,196,0.439,2014-2015
simshe01,Henry Sims,C,PHI,73,1399,502,4,22,0.182,234,480,0.488,2014-2015
singlky01,Kyle Singler,SF,TOT,80,1743,446,96,241,0.398,76,205,0.371,2014-2015
sloando01,Donald Sloan,PG,IND,53,1107,355,41,131,0.313,104,224,0.464,2014-2015
smartma01,Marcus Smart,PG,BOS,67,1808,477,91,272,0.335,84,205,0.41,2014-2015
smithgr02,Greg Smith,PF,DAL,42,363,49,0,0,,30,49,0.612,2014-2015
smithis01,Ish Smith,PG,TOT,55,832,367,18,60,0.3,125,307,0.407,2014-2015
smithjr01,J.R. Smith,SG,TOT,70,2080,755,163,426,0.383,152,329,0.462,2014-2015
smithja02,Jason Smith,C,NYK,82,1785,592,15,42,0.357,242,550,0.44,2014-2015
smithjo03,Josh Smith,PF,TOT,83,2300,987,72,228,0.316,342,759,0.451,2014-2015
smithru01,Russ Smith,PG,TOT,12,65,25,2,11,0.182,6,14,0.429,2014-2015
snellto01,Tony Snell,SF,CHI,72,1412,371,73,197,0.371,86,174,0.494,2014-2015
speigma01,Marreese Speights,C,GSW,76,1207,646,5,18,0.278,313,628,0.498,2014-2015
splitti01,Tiago Splitter,C,SAS,52,1030,303,0,0,,169,303,0.558,2014-2015
stausni01,Nik Stauskas,SG,SAC,73,1127,296,48,149,0.322,60,147,0.408,2014-2015
stephla01,Lance Stephenson,SG,CHO,61,1573,550,18,105,0.171,189,445,0.425,2014-2015
stiemgr01,Greg Stiemsma,C,TOR,17,66,8,0,0,,6,8,0.75,2014-2015
stockda01,David Stockton,PG,SAC,3,33,6,1,2,0.5,1,4,0.25,2014-2015
stokeja01,Jarnell Stokes,PF,MEM,19,126,37,0,0,,21,37,0.568,2014-2015
stoudam01,Amar'e Stoudemire,PF,TOT,59,1245,490,0,4,0.0,273,486,0.562,2014-2015
stuckro01,Rodney Stuckey,PG,IND,71,1874,754,55,141,0.39,277,613,0.452,2014-2015
sullija01,Jared Sullinger,PF,BOS,58,1566,708,52,184,0.283,259,524,0.494,2014-2015
tayloje03,Jeff Taylor,SF,CHO,29,430,114,11,36,0.306,34,78,0.436,2014-2015
teaguje01,Jeff Teague,PG,ATL,73,2228,887,71,207,0.343,337,680,0.496,2014-2015
teletmi01,Mirza Teletović,PF,BRK,40,892,319,62,193,0.321,60,126,0.476,2014-2015
telfase01,Sebastian Telfair,PG,OKC,16,327,125,18,60,0.3,28,65,0.431,2014-2015
templga01,Garrett Temple,SG,WAS,52,735,170,33,88,0.375,35,82,0.427,2014-2015
terryja01,Jason Terry,SG,HOU,77,1641,446,126,323,0.39,62,123,0.504,2014-2015
thomais02,Isaiah Thomas,PG,TOT,67,1726,797,129,346,0.373,206,451,0.457,2014-2015
thomala01,Lance Thomas,PF,TOT,62,1490,442,7,22,0.318,175,420,0.417,2014-2015
thomama01,Malcolm Thomas,PF,PHI,17,194,40,0,7,0.0,18,33,0.545,2014-2015
thomaty01,Tyrus Thomas,PF,MEM,2,7,1,0,0,,1,1,1.0,2014-2015
thompho01,Hollis Thompson,SG,PHI,71,1776,543,115,287,0.401,109,256,0.426,2014-2015
thompja02,Jason Thompson,PF,SAC,81,1991,428,0,1,0.0,201,427,0.471,2014-2015
thompkl01,Klay Thompson,SG,GSW,77,2455,1299,239,545,0.439,363,754,0.481,2014-2015
thomptr01,Tristan Thompson,PF,CLE,82,2194,488,0,0,,267,488,0.547,2014-2015
thornma01,Marcus Thornton,SG,TOT,48,721,345,54,143,0.378,86,202,0.426,2014-2015
tollian01,Anthony Tolliver,PF,TOT,76,1432,393,106,290,0.366,55,103,0.534,2014-2015
tuckepj01,P.J. Tucker,SF,PHO,78,2383,596,87,252,0.345,174,344,0.506,2014-2015
turiaro01,Ronny Turiaf,C,MIN,2,19,0,0,0,,0,0,,2014-2015
turkohe01,Hedo Türkoğlu,SF,LAC,62,705,188,60,139,0.432,23,49,0.469,2014-2015
turneev01,Evan Turner,SG,BOS,82,2260,746,33,119,0.277,287,627,0.458,2014-2015
udohek01,Ekpe Udoh,PF,LAC,33,128,24,0,0,,11,24,0.458,2014-2015
udrihbe01,Beno Udrih,PG,MEM,79,1494,505,26,97,0.268,220,408,0.539,2014-2015
valanjo01,Jonas Valančiūnas,C,TOR,80,2096,652,0,1,0.0,373,651,0.573,2014-2015
varejan01,Anderson Varejão,C,CLE,26,636,200,0,2,0.0,111,198,0.561,2014-2015
vasqugr01,Greivis Vásquez,PG,TOR,82,1991,725,133,351,0.379,163,374,0.436,2014-2015
villach01,Charlie Villanueva,PF,DAL,64,678,362,83,221,0.376,67,141,0.475,2014-2015
vonleno01,Noah Vonleh,PF,CHO,25,259,76,5,13,0.385,25,63,0.397,2014-2015
vucevni01,Nikola Vučević,C,ORL,74,2529,1206,2,6,0.333,629,1200,0.524,2014-2015
wadedw01,Dwyane Wade,SG,MIA,62,1971,1084,29,102,0.284,480,982,0.489,2014-2015
waitedi01,Dion Waiters,SG,TOT,80,2208,946,73,246,0.297,302,700,0.431,2014-2015
walkebi01,Henry Walker,SF,MIA,24,628,168,45,132,0.341,13,36,0.361,2014-2015
walkeke02,Kemba Walker,PG,CHO,62,2119,981,85,280,0.304,293,701,0.418,2014-2015
walljo01,John Wall,PG,WAS,79,2837,1166,65,217,0.3,454,949,0.478,2014-2015
wallage01,Gerald Wallace,SF,BOS,32,286,34,1,3,0.333,13,31,0.419,2014-2015
warretj01,T.J. Warren,SF,PHO,40,614,214,5,21,0.238,108,193,0.56,2014-2015
watsocj01,C.J. Watson,PG,IND,57,1422,417,70,175,0.4,111,242,0.459,2014-2015
wearda01,David Wear,PF,SAC,2,7,2,0,1,0.0,0,1,0.0,2014-2015
weartr01,Travis Wear,SF,NYK,51,672,209,11,30,0.367,73,179,0.408,2014-2015
webstma02,Martell Webster,SF,WAS,32,352,91,10,43,0.233,14,48,0.292,2014-2015
westda01,David West,PF,IND,66,1895,686,4,20,0.2,319,666,0.479,2014-2015
westbru01,Russell Westbrook,PG,OKC,67,2302,1471,86,288,0.299,541,1183,0.457,2014-2015
whiteha01,Hassan Whiteside,C,MIA,48,1142,387,0,0,,243,387,0.628,2014-2015
whittsh01,Shayne Whittington,PF,IND,20,108,42,1,6,0.167,18,36,0.5,2014-2015
wiggian01,Andrew Wiggins,SF,MIN,82,2969,1137,39,126,0.31,458,1011,0.453,2014-2015
wilcocj01,C.J. Wilcox,SG,LAC,21,101,38,7,19,0.368,9,19,0.474,2014-2015
willide01,Deron Williams,PG,BRK,68,2114,771,87,237,0.367,211,534,0.395,2014-2015
willide02,Derrick Williams,PF,SAC,74,1462,485,49,156,0.314,168,329,0.511,2014-2015
williel01,Elliot Williams,SG,TOT,13,119,37,8,18,0.444,6,19,0.316,2014-2015
willilo02,Lou Williams,SG,TOR,80,2016,928,152,447,0.34,223,481,0.464,2014-2015
willima02,Marvin Williams,PF,CHO,78,2035,495,95,265,0.358,115,230,0.5,2014-2015
willima01,Mo Williams,PG,TOT,68,1980,860,119,348,0.342,222,512,0.434,2014-2015
willire02,Reggie Williams,SF,SAS,20,105,39,3,19,0.158,12,20,0.6,2014-2015
willish03,Shawne Williams,SF,TOT,63,1087,300,64,178,0.36,57,122,0.467,2014-2015
witheje01,Jeff Withey,C,NOP,37,259,64,0,0,,32,64,0.5,2014-2015
woltena01,Nate Wolters,PG,TOT,21,247,57,0,7,0.0,20,50,0.4,2014-2015
wrighbr03,Brandan Wright,PF,TOT,75,1449,363,0,3,0.0,233,360,0.647,2014-2015
wrighdo01,Dorell Wright,SF,POR,48,592,190,41,108,0.38,31,82,0.378,2014-2015
wroteto01,Tony Wroten,PG,PHI,30,895,434,37,142,0.261,138,292,0.473,2014-2015
youngja01,James Young,SG,BOS,31,332,102,17,66,0.258,19,36,0.528,2014-2015
youngni01,Nick Young,SG,LAL,42,1000,476,83,225,0.369,91,251,0.363,2014-2015
youngth01,Thaddeus Young,PF,TOT,76,2434,968,38,115,0.33,413,853,0.484,2014-2015
zelleco01,Cody Zeller,C,CHO,62,1487,373,1,1,1.0,171,372,0.46,2014-2015
zellety01,Tyler Zeller,C,BOS,82,1731,619,0,0,,340,619,0.549,2014-2015
