PlayerID,Player,Pos,Tm,G,MP,FGA,3P,3PA,3P%,2P,2PA,2P%,Season
acyqu01,Quincy Acy,PF,SAC,59,876,214,19,49,0.388,100,165,0.606,2015-2016
adamsjo01,Jordan Adams,SG,MEM,2,15,6,0,1,0.0,2,5,0.4,2015-2016
adamsst01,Steven Adams,C,OKC,80,2014,426,0,0,,261,426,0.613,2015-2016
afflaar01,Arron Afflalo,SG,NYK,71,2371,799,91,238,0.382,263,561,0.469,2015-2016
ajincal01,Alexis Ajinça,C,NOP,59,861,315,0,1,0.0,150,314,0.478,2015-2016
aldrico01,Cole Aldrich,C,LAC,60,800,225,0,0,,134,225,0.596,2015-2016
aldrila01,LaMarcus Aldridge,PF,SAS,74,2261,1045,0,16,0.0,536,1029,0.521,2015-2016
alexacl01,Cliff Alexander,PF,POR,8,36,10,0,0,,5,10,0.5,2015-2016
allenla01,Lavoy Allen,PF,IND,79,1599,370,0,0,,191,370,0.516,2015-2016
allento01,Tony Allen,SG,MEM,64,1620,469,15,42,0.357,200,427,0.468,2015-2016
aminual01,Al-Farouq Aminu,SF,POR,82,2341,719,126,349,0.361,173,370,0.468,2015-2016
amundlo01,Lou Amundson,PF,NYK,29,204,53,0,0,,19,53,0.358,2015-2016
anderch01,Chris Andersen,C,TOT,27,402,72,4,14,0.286,34,58,0.586,2015-2016
anderal01,Alan Anderson,SG,WAS,13,192,59,12,37,0.324,9,22,0.409,2015-2016
anderja01,James Anderson,SG,SAC,51,721,178,23,86,0.267,44,92,0.478,2015-2016
anderju01,Justin Anderson,SF,DAL,55,647,175,22,83,0.265,49,92,0.533,2015-2016
anderky01,Kyle Anderson,SF,SAS,78,1245,295,12,37,0.324,126,258,0.488,2015-2016
anderry01,Ryan Anderson,PF,NOP,66,2008,929,131,358,0.366,266,571,0.466,2015-2016
antetgi01,Giannis Antetokounmpo,PG,MIL,80,2823,1013,28,109,0.257,485,904,0.537,2015-2016
antetth01,Thanasis Antetokounmpo,SF,NYK,2,6,4,0,1,0.0,3,3,1.0,2015-2016
anthoca01,Carmelo Anthony,SF,NYK,72,2530,1307,105,310,0.339,462,997,0.463,2015-2016
anthojo01,Joel Anthony,C,DET,19,96,10,0,0,,6,10,0.6,2015-2016
applike01,Keith Appling,PG,ORL,5,27,8,0,3,0.0,2,5,0.4,2015-2016
arizatr01,Trevor Ariza,SF,HOU,81,2859,859,185,499,0.371,172,360,0.478,2015-2016
arthuda01,Darrell Arthur,PF,DEN,70,1516,489,45,117,0.385,176,372,0.473,2015-2016
asikom01,Ömer Aşık,C,NOP,68,1178,195,0,0,,104,195,0.533,2015-2016
augusdj01,D.J. Augustin,PG,TOT,62,1178,350,68,168,0.405,80,182,0.44,2015-2016
pendeje02,Jeff Ayres,C,LAC,17,107,23,0,1,0.0,12,22,0.545,2015-2016
babbilu01,Luke Babbitt,SF,NOP,47,845,289,44,109,0.404,78,180,0.433,2015-2016
bairsca01,Cameron Bairstow,C,CHI,18,103,40,1,5,0.2,12,35,0.343,2015-2016
barbole01,Leandro Barbosa,SG,GSW,68,1079,370,39,110,0.355,132,260,0.508,2015-2016
bareajo01,J.J. Barea,PG,DAL,74,1667,711,100,260,0.385,217,451,0.481,2015-2016
bargnan01,Andrea Bargnani,C,BRK,46,634,279,3,16,0.188,124,263,0.471,2015-2016
barneha02,Harrison Barnes,SF,GSW,66,2042,633,82,214,0.383,213,419,0.508,2015-2016
barnema02,Matt Barnes,SF,MEM,76,2190,693,119,370,0.322,145,323,0.449,2015-2016
bartowi01,Will Barton,SG,DEN,82,2353,983,112,325,0.345,313,658,0.476,2015-2016
bassbr01,Brandon Bass,PF,LAL,66,1342,317,0,2,0.0,174,315,0.552,2015-2016
batumni01,Nicolas Batum,SF,CHO,70,2448,873,139,399,0.348,233,474,0.492,2015-2016
bayleje01,Jerryd Bayless,SG,MIL,52,1505,437,101,231,0.437,84,206,0.408,2015-2016
baynear01,Aron Baynes,C,DET,81,1233,384,0,2,0.0,194,382,0.508,2015-2016
bazemke01,Kent Bazemore,SF,ATL,75,2083,725,109,305,0.357,211,420,0.502,2015-2016
bealbr01,Bradley Beal,SG,WAS,55,1708,799,105,271,0.387,254,528,0.481,2015-2016
beaslmi01,Michael Beasley,PF,HOU,20,363,205,3,9,0.333,104,196,0.531,2015-2016
belinma01,Marco Belinelli,SG,SAC,68,1672,635,91,297,0.306,154,338,0.456,2015-2016
bennean01,Anthony Bennett,PF,TOR,19,84,27,3,14,0.214,5,13,0.385,2015-2016
beverpa01,Patrick Beverley,PG,HOU,71,2041,594,124,310,0.4,134,284,0.472,2015-2016
biyombi01,Bismack Biyombo,C,TOR,82,1808,288,0,1,0.0,156,287,0.544,2015-2016
bjeline01,Nemanja Bjelica,PF,MIN,60,1075,235,48,125,0.384,62,110,0.564,2015-2016
blackta01,Tarik Black,C,LAL,39,496,104,0,0,,57,104,0.548,2015-2016
blairde01,DeJuan Blair,C,WAS,29,218,68,0,1,0.0,28,67,0.418,2015-2016
blakest01,Steve Blake,PG,DET,58,986,240,52,151,0.344,41,89,0.461,2015-2016
bledser01,Eric Bledsoe,PG,PHO,31,1059,492,48,129,0.372,175,363,0.482,2015-2016
bogdabo02,Bojan Bogdanović,SF,BRK,79,2115,749,129,338,0.382,195,411,0.474,2015-2016
bogutan01,Andrew Bogut,C,GSW,70,1451,279,1,1,1.0,174,278,0.626,2015-2016
bonnema01,Matt Bonner,C,SAS,30,206,57,15,34,0.441,14,23,0.609,2015-2016
bookede01,Devin Booker,SG,PHO,76,2108,867,99,289,0.343,268,578,0.464,2015-2016
booketr01,Trevor Booker,PF,UTA,79,1632,388,12,41,0.293,178,347,0.513,2015-2016
boshch01,Chris Bosh*,PF,MIA,53,1778,767,81,222,0.365,277,545,0.508,2015-2016
bradlav01,Avery Bradley,SG,BOS,76,2536,1019,147,407,0.361,309,612,0.505,2015-2016
brandel01,Elton Brand,C,PHI,17,225,72,0,1,0.0,31,71,0.437,2015-2016
breweco01,Corey Brewer,SF,HOU,82,1669,552,61,224,0.272,151,328,0.46,2015-2016
brookaa01,Aaron Brooks,PG,CHI,69,1108,469,66,185,0.357,122,284,0.43,2015-2016
brownan02,Anthony Brown,SF,LAL,29,599,126,20,70,0.286,19,56,0.339,2015-2016
brownlo01,Lorenzo Brown,PG,PHO,8,61,25,1,8,0.125,7,17,0.412,2015-2016
brownma02,Markel Brown,SG,BRK,62,982,322,38,121,0.314,89,201,0.443,2015-2016
bryanko01,Kobe Bryant*,SF,LAL,66,1863,1113,133,467,0.285,265,646,0.41,2015-2016
budinch01,Chase Budinger,SF,TOT,66,929,239,24,86,0.279,80,153,0.523,2015-2016
bullore01,Reggie Bullock,SF,DET,37,429,98,22,53,0.415,21,45,0.467,2015-2016
burketr01,Trey Burke,PG,UTA,64,1366,634,88,256,0.344,174,378,0.46,2015-2016
burksal01,Alec Burks,SG,UTA,31,797,334,32,79,0.405,105,255,0.412,2015-2016
butleca01,Caron Butler,SF,SAC,17,176,59,3,18,0.167,22,41,0.537,2015-2016
butleji01,Jimmy Butler,SG,CHI,67,2474,1035,64,205,0.312,406,830,0.489,2015-2016
butlera01,Rasual Butler,SF,SAS,46,432,104,15,49,0.306,34,55,0.618,2015-2016
cabocbr01,Bruno Caboclo,SF,TOR,6,43,12,1,7,0.143,0,5,0.0,2015-2016
caldejo01,José Calderón,PG,NYK,72,2024,455,84,203,0.414,125,252,0.496,2015-2016
caldwke01,Kentavious Caldwell-Pope,SG,DET,76,2789,960,114,369,0.309,289,591,0.489,2015-2016
canaais01,Isaiah Canaan,SG,PHI,77,1966,722,176,485,0.363,84,237,0.354,2015-2016
capelca01,Clint Capela,C,HOU,77,1471,397,0,1,0.0,231,396,0.583,2015-2016
carrode01,DeMarre Carroll,SF,TOR,26,786,270,46,118,0.39,59,152,0.388,2015-2016
cartevi01,Vince Carter,SG,MEM,60,1005,343,59,169,0.349,74,174,0.425,2015-2016
cartemi01,Michael Carter-Williams,PG,MIL,54,1649,555,15,55,0.273,236,500,0.472,2015-2016
casspom01,Omri Casspi,PF,SAC,69,1880,622,112,274,0.409,187,348,0.537,2015-2016
caulewi01,Willie Cauley-Stein,C,SAC,66,1412,339,0,2,0.0,191,337,0.567,2015-2016
chalmma01,Mario Chalmers,PG,TOT,61,1373,444,46,149,0.309,136,295,0.461,2015-2016
chandty01,Tyson Chandler,C,PHO,66,1618,314,0,1,0.0,183,313,0.585,2015-2016
chrisra01,Rakeem Christmas,PF,IND,1,6,2,0,0,,2,2,1.0,2015-2016
clarkia01,Ian Clark,SG,GSW,66,578,202,30,84,0.357,59,118,0.5,2015-2016
clarkco01,Coty Clarke,SF,BOS,3,6,4,2,2,1.0,0,2,0.0,2015-2016
clarkjo01,Jordan Clarkson,SG,LAL,79,2552,1098,111,320,0.347,364,778,0.468,2015-2016
coleno01,Norris Cole,PG,NOP,45,1198,484,33,102,0.324,163,382,0.427,2015-2016
collida01,Darren Collison,PG,SAC,74,2219,776,87,217,0.401,290,559,0.519,2015-2016
collini01,Nick Collison,PF,OKC,59,699,109,0,2,0.0,50,107,0.467,2015-2016
conlemi01,Mike Conley,PG,MEM,56,1761,696,78,215,0.363,216,481,0.449,2015-2016
connapa01,Pat Connaughton,SG,POR,34,143,49,5,21,0.238,8,28,0.286,2015-2016
copelch01,Chris Copeland,PF,MIL,24,156,51,10,36,0.278,7,15,0.467,2015-2016
cottobr01,Bryce Cotton,PG,TOT,8,39,10,0,3,0.0,4,7,0.571,2015-2016
couside01,DeMarcus Cousins,C,SAC,65,2246,1332,70,210,0.333,531,1122,0.473,2015-2016
covinro01,Robert Covington,SF,PHI,67,1903,712,170,482,0.353,104,230,0.452,2015-2016
crabbal01,Allen Crabbe,SG,POR,81,2105,678,112,285,0.393,199,393,0.506,2015-2016
crawfja01,Jamal Crawford,SG,LAC,79,2126,939,117,344,0.34,262,595,0.44,2015-2016
crowdja01,Jae Crowder,SF,BOS,73,2308,813,122,363,0.336,238,450,0.529,2015-2016
cunnida01,Dante Cunningham,SF,NOP,80,1971,412,55,174,0.316,131,238,0.55,2015-2016
cunnija01,Jared Cunningham,SG,TOT,44,410,105,12,39,0.308,24,66,0.364,2015-2016
curryse01,Seth Curry,PG,SAC,44,692,224,50,111,0.45,52,113,0.46,2015-2016
curryst01,Stephen Curry,PG,GSW,79,2700,1598,402,886,0.454,403,712,0.566,2015-2016
danietr01,Troy Daniels,SG,CHO,43,476,187,59,122,0.484,30,65,0.462,2015-2016
davisan02,Anthony Davis,C,NOP,61,2164,1136,35,108,0.324,525,1028,0.511,2015-2016
davised01,Ed Davis,PF,POR,81,1684,337,0,0,,206,337,0.611,2015-2016
dawsobr01,Branden Dawson,PF,LAC,6,29,5,0,0,,2,5,0.4,2015-2016
dedmode01,Dewayne Dedmon,C,ORL,58,705,177,0,0,,99,177,0.559,2015-2016
dejeabr01,Bryce Dejean-Jones,SG,NOP,14,279,69,12,32,0.375,16,37,0.432,2015-2016
dekkesa01,Sam Dekker,PF,HOU,3,6,0,0,0,,0,0,,2015-2016
dellama01,Matthew Dellavedova,PG,CLE,76,1867,511,98,239,0.41,109,272,0.401,2015-2016
denglu01,Luol Deng,PF,MIA,74,2394,745,88,256,0.344,251,489,0.513,2015-2016
derozde01,DeMar DeRozan,SG,TOR,78,2804,1377,47,139,0.338,567,1238,0.458,2015-2016
diawbo01,Boris Diaw,PF,SAS,76,1386,383,25,69,0.362,177,314,0.564,2015-2016
dienggo01,Gorgui Dieng,C,MIN,82,2220,579,6,20,0.3,302,559,0.54,2015-2016
dinwisp01,Spencer Dinwiddie,PG,DET,12,159,54,1,10,0.1,18,44,0.409,2015-2016
douglto01,Toney Douglas,PG,NOP,61,1262,445,81,203,0.399,102,242,0.421,2015-2016
dragigo01,Goran Dragić,PG,MIA,72,2363,875,64,205,0.312,353,670,0.527,2015-2016
drumman01,Andre Drummond,C,DET,81,2666,1060,2,6,0.333,550,1054,0.522,2015-2016
dudleja01,Jared Dudley,PF,WAS,81,2098,487,100,238,0.42,133,249,0.534,2015-2016
dukandu01,Duje Dukan,SF,SAC,1,24,10,2,5,0.4,0,5,0.0,2015-2016
duncati01,Tim Duncan*,C,SAS,61,1536,441,0,2,0.0,215,439,0.49,2015-2016
dunlemi02,Mike Dunleavy,SF,CHI,31,703,188,39,99,0.394,38,89,0.427,2015-2016
duranke01,Kevin Durant,SF,OKC,72,2578,1381,186,481,0.387,512,900,0.569,2015-2016
earlycl01,Cleanthony Early,SF,NYK,17,154,40,4,15,0.267,8,25,0.32,2015-2016
eddieja01,Jarell Eddie,SF,WAS,26,147,65,15,47,0.319,5,18,0.278,2015-2016
ellinwa01,Wayne Ellington,SG,BRK,76,1615,561,96,268,0.358,122,293,0.416,2015-2016
ellismo01,Monta Ellis,SG,IND,81,2734,1021,87,282,0.309,349,739,0.472,2015-2016
ennisja01,James Ennis,SF,TOT,22,329,113,26,58,0.448,28,55,0.509,2015-2016
ennisty01,Tyler Ennis,PG,MIL,46,654,187,13,39,0.333,71,148,0.48,2015-2016
evansje01,Jeremy Evans,SF,DAL,30,251,48,4,16,0.25,22,32,0.688,2015-2016
evansty01,Tyreke Evans,SG,NOP,25,765,314,33,85,0.388,103,229,0.45,2015-2016
ezelife01,Festus Ezeli,C,GSW,46,770,228,0,0,,125,228,0.548,2015-2016
farieke01,Kenneth Faried,PF,DEN,67,1694,626,1,2,0.5,348,624,0.558,2015-2016
farmajo01,Jordan Farmar,PG,MEM,12,291,100,16,45,0.356,26,55,0.473,2015-2016
favorde01,Derrick Favors,PF,UTA,62,1983,811,0,4,0.0,418,807,0.518,2015-2016
feliccr01,Cristiano Felício,C,CHI,31,321,72,0,4,0.0,40,68,0.588,2015-2016
feltora01,Raymond Felton,PG,DAL,80,2192,682,60,213,0.282,217,469,0.463,2015-2016
fournev01,Evan Fournier,SF,ORL,79,2566,929,156,390,0.4,273,539,0.506,2015-2016
foyera01,Randy Foye,SG,TOT,81,1642,482,75,250,0.3,94,232,0.405,2015-2016
fraziti01,Tim Frazier,PG,TOT,51,741,229,16,48,0.333,80,181,0.442,2015-2016
fredeji01,Jimmer Fredette,SG,TOT,6,18,5,1,2,0.5,1,3,0.333,2015-2016
fryech01,Channing Frye,PF,TOT,70,1200,347,91,235,0.387,61,112,0.545,2015-2016
gallida01,Danilo Gallinari,SF,DEN,53,1839,700,87,239,0.364,200,461,0.434,2015-2016
gallola01,Langston Galloway,PG,NYK,82,2033,588,77,224,0.344,154,364,0.423,2015-2016
garneke01,Kevin Garnett*,PF,MIN,38,556,115,0,1,0.0,54,114,0.474,2015-2016
gasolma01,Marc Gasol,C,MEM,52,1791,707,2,3,0.667,326,704,0.463,2015-2016
gasolpa01,Pau Gasol,C,CHI,72,2291,995,24,69,0.348,443,926,0.478,2015-2016
gayru01,Rudy Gay,SF,SAC,70,2379,1007,74,215,0.344,392,792,0.495,2015-2016
geeal01,Alonzo Gee,SF,NOP,73,1632,255,17,60,0.283,115,195,0.59,2015-2016
georgpa01,Paul George,SF,IND,81,2819,1449,210,566,0.371,395,883,0.447,2015-2016
gibsota01,Taj Gibson,PF,CHI,73,1936,500,0,3,0.0,263,497,0.529,2015-2016
ginobma01,Manu Ginóbili,SG,SAS,58,1134,435,70,179,0.391,127,256,0.496,2015-2016
goberru01,Rudy Gobert,C,UTA,61,1932,354,0,0,,198,354,0.559,2015-2016
goodedr01,Drew Gooden,PF,WAS,30,305,103,7,41,0.171,26,62,0.419,2015-2016
goodwar01,Archie Goodwin,PG,PHO,57,1114,422,23,99,0.232,153,323,0.474,2015-2016
gordoaa01,Aaron Gordon,PF,ORL,78,1863,579,42,142,0.296,232,437,0.531,2015-2016
gordoer01,Eric Gordon,SG,NOP,45,1481,552,113,294,0.384,118,258,0.457,2015-2016
gortama01,Marcin Gortat,C,WAS,75,2256,764,0,1,0.0,433,763,0.567,2015-2016
goudean01,Andrew Goudelock,PG,HOU,8,50,20,1,9,0.111,8,11,0.727,2015-2016
grantje01,Jerami Grant,PF,PHI,77,2066,599,35,146,0.24,216,453,0.477,2015-2016
grantje02,Jerian Grant,PG,NYK,76,1265,391,22,100,0.22,132,291,0.454,2015-2016
greenda02,Danny Green,SG,SAS,79,2062,561,116,349,0.332,95,212,0.448,2015-2016
greendr01,Draymond Green,PF,GSW,81,2808,819,100,258,0.388,301,561,0.537,2015-2016
greener01,Erick Green,PG,TOT,9,42,13,1,5,0.2,4,8,0.5,2015-2016
greenge01,Gerald Green,SG,MIA,69,1557,587,84,260,0.323,146,327,0.446,2015-2016
greenja01,JaMychal Green,PF,MEM,78,1446,495,15,45,0.333,215,450,0.478,2015-2016
greenje02,Jeff Green,SF,TOT,80,2253,824,67,213,0.315,287,611,0.47,2015-2016
griffbl01,Blake Griffin,PF,LAC,35,1170,603,6,18,0.333,295,585,0.504,2015-2016
gutiejo01,Jorge Gutiérrez,PG,CHO,12,63,11,0,2,0.0,6,9,0.667,2015-2016
hairspj02,P.J. Hairston,SF,TOT,66,1313,408,70,241,0.29,75,167,0.449,2015-2016
hamiljo02,Jordan Hamilton,SF,NOP,11,304,116,13,45,0.289,36,71,0.507,2015-2016
hansbty01,Tyler Hansbrough,PF,CHO,44,343,71,2,3,0.667,30,68,0.441,2015-2016
hardati02,Tim Hardaway Jr.,SG,ATL,51,864,265,48,142,0.338,66,123,0.537,2015-2016
hardeja01,James Harden,SG,HOU,82,3125,1617,236,657,0.359,474,960,0.494,2015-2016
harklma01,Maurice Harkless,SF,POR,78,1457,411,39,140,0.279,156,271,0.576,2015-2016
harpeju01,Justin Harper,PF,DET,5,35,10,4,9,0.444,0,1,0.0,2015-2016
harremo01,Montrezl Harrell,PF,HOU,39,379,90,0,1,0.0,58,89,0.652,2015-2016
harride01,Devin Harris,PG,DAL,64,1280,374,52,158,0.329,115,216,0.532,2015-2016
harriga01,Gary Harris,SG,DEN,76,2439,765,105,297,0.354,254,468,0.543,2015-2016
harrijo01,Joe Harris,SG,CLE,5,15,4,1,4,0.25,0,0,,2015-2016
harrito02,Tobias Harris,PF,TOT,76,2513,889,80,239,0.335,337,650,0.518,2015-2016
harriaa01,Aaron Harrison,SG,CHO,21,93,19,3,10,0.3,2,9,0.222,2015-2016
hasleud01,Udonis Haslem,PF,MIA,37,260,61,1,9,0.111,22,52,0.423,2015-2016
hawessp01,Spencer Hawes,PF,CHO,57,1035,306,38,102,0.373,86,204,0.422,2015-2016
hayesch01,Chuck Hayes,C,HOU,2,24,2,0,0,,1,2,0.5,2015-2016
haywago01,Gordon Hayward,SF,UTA,80,2893,1202,143,410,0.349,378,792,0.477,2015-2016
hendege02,Gerald Henderson,SG,POR,72,1431,529,48,136,0.353,184,393,0.468,2015-2016
hensojo01,John Henson,C,MIL,57,960,291,0,1,0.0,164,290,0.566,2015-2016
hezonma01,Mario Hezonja,SF,ORL,79,1413,418,67,192,0.349,114,226,0.504,2015-2016
hibbero01,Roy Hibbert,C,LAL,81,1878,411,0,2,0.0,182,409,0.445,2015-2016
hicksjj01,J.J. Hickson,C,TOT,35,436,155,0,1,0.0,80,154,0.519,2015-2016
hilarne01,Nenê,PF,WAS,57,1094,384,0,3,0.0,209,381,0.549,2015-2016
hillge01,George Hill,PG,IND,74,2524,739,128,314,0.408,198,425,0.466,2015-2016
hilljo01,Jordan Hill,C,IND,73,1513,549,0,1,0.0,278,548,0.507,2015-2016
hillso01,Solomon Hill,SF,IND,59,866,208,24,74,0.324,69,134,0.515,2015-2016
hillida01,Darrun Hilliard,SG,DET,38,383,131,19,50,0.38,33,81,0.407,2015-2016
hinriki01,Kirk Hinrich,PG,TOT,46,631,129,24,62,0.387,25,67,0.373,2015-2016
holidjr01,Jrue Holiday,PG,NOP,65,1831,935,87,259,0.336,323,676,0.478,2015-2016
holidju01,Justin Holiday,SG,TOT,53,773,228,36,105,0.343,52,123,0.423,2015-2016
holliry01,Ryan Hollins,C,TOT,37,460,79,0,0,,49,79,0.62,2015-2016
holliro01,Rondae Hollis-Jefferson,SF,BRK,29,615,138,4,14,0.286,59,124,0.476,2015-2016
holmeri01,Richaun Holmes,PF,PHI,51,702,222,8,44,0.182,106,178,0.596,2015-2016
hoodro01,Rodney Hood,SG,UTA,79,2541,972,161,449,0.359,247,523,0.472,2015-2016
horfoal01,Al Horford,C,ATL,82,2631,1048,88,256,0.344,441,792,0.557,2015-2016
howardw01,Dwight Howard,C,HOU,71,2280,600,0,6,0.0,372,594,0.626,2015-2016
huertma01,Marcelo Huertas,PG,LAL,53,869,230,16,61,0.262,81,169,0.479,2015-2016
huestjo01,Josh Huestis,PF,OKC,5,55,12,4,6,0.667,1,6,0.167,2015-2016
humphkr01,Kris Humphries,PF,TOT,53,835,295,34,108,0.315,87,187,0.465,2015-2016
hunterj01,R.J. Hunter,SG,BOS,36,315,98,19,63,0.302,17,35,0.486,2015-2016
ibakase01,Serge Ibaka,PF,OKC,78,2500,869,60,184,0.326,356,685,0.52,2015-2016
iguodan01,Andre Iguodala,SF,GSW,65,1732,368,54,154,0.351,122,214,0.57,2015-2016
ilyaser01,Ersan İlyasova,PF,TOT,74,1881,661,96,259,0.371,184,402,0.458,2015-2016
inglejo01,Joe Ingles,SF,UTA,81,1241,291,81,210,0.386,43,81,0.531,2015-2016
inglida01,Damien Inglis,SF,MIL,20,156,37,3,13,0.231,10,24,0.417,2015-2016
irvinky01,Kyrie Irving,PG,CLE,53,1667,879,84,262,0.321,310,617,0.502,2015-2016
jackja01,Jarrett Jack,PG,BRK,32,1027,358,31,102,0.304,109,256,0.426,2015-2016
jacksre01,Reggie Jackson,PG,DET,79,2424,1244,118,334,0.353,422,910,0.464,2015-2016
jamesle01,LeBron James,SF,CLE,76,2709,1416,87,282,0.309,650,1134,0.573,2015-2016
jeffeal01,Al Jefferson,C,CHO,47,1096,505,0,0,,245,505,0.485,2015-2016
jeffeco01,Cory Jefferson,PF,PHO,8,50,22,0,1,0.0,9,21,0.429,2015-2016
jefferi01,Richard Jefferson,SF,CLE,74,1326,312,66,173,0.382,77,139,0.554,2015-2016
jenkijo01,John Jenkins,SG,TOT,43,480,160,16,51,0.314,55,109,0.505,2015-2016
jennibr01,Brandon Jennings,PG,TOT,48,868,304,51,155,0.329,61,149,0.409,2015-2016
jerebjo01,Jonas Jerebko,PF,BOS,78,1176,286,43,108,0.398,75,178,0.421,2015-2016
johnsam01,Amir Johnson,PF,BOS,79,1800,426,10,43,0.233,239,383,0.624,2015-2016
johnsch04,Chris Johnson,SF,UTA,70,857,194,27,99,0.273,45,95,0.474,2015-2016
johnsja01,James Johnson,PF,TOR,57,926,240,20,66,0.303,94,174,0.54,2015-2016
johnsjo02,Joe Johnson,SF,TOT,81,2703,859,120,313,0.383,257,546,0.471,2015-2016
johnsor01,Orlando Johnson,SG,TOT,7,101,34,2,10,0.2,7,24,0.292,2015-2016
johnsst04,Stanley Johnson,SF,DET,73,1687,600,63,205,0.307,162,395,0.41,2015-2016
johnsty01,Tyler Johnson,SG,MIA,36,863,243,27,71,0.38,91,172,0.529,2015-2016
johnswe01,Wesley Johnson,SF,LAC,80,1666,515,103,309,0.333,105,206,0.51,2015-2016
jokicni01,Nikola Jokić,C,DEN,80,1733,600,28,84,0.333,279,516,0.541,2015-2016
jonesda02,Dahntay Jones,SF,CLE,1,42,14,1,2,0.5,5,12,0.417,2015-2016
jonesja02,James Jones,SF,CLE,48,463,142,41,104,0.394,17,38,0.447,2015-2016
joneste01,Terrence Jones,PF,HOU,50,1044,367,25,79,0.316,141,288,0.49,2015-2016
jonesty01,Tyus Jones,PG,MIN,37,573,156,16,53,0.302,40,103,0.388,2015-2016
jordade01,DeAndre Jordan,C,LAC,77,2598,508,0,1,0.0,357,507,0.704,2015-2016
josepco01,Cory Joseph,SG,TOR,80,2046,585,30,110,0.273,227,475,0.478,2015-2016
kamanch01,Chris Kaman,C,POR,16,112,43,1,4,0.25,19,39,0.487,2015-2016
kaminfr01,Frank Kaminsky,C,CHO,81,1708,525,68,202,0.337,147,323,0.455,2015-2016
kanteen01,Enes Kanter,C,OKC,82,1721,719,10,21,0.476,404,698,0.579,2015-2016
karasse01,Sergey Karasev,SF,BRK,40,399,74,11,37,0.297,19,37,0.514,2015-2016
kaunsa01,Sasha Kaun,C,CLE,25,95,17,0,0,,9,17,0.529,2015-2016
kellyry01,Ryan Kelly,PF,LAL,36,470,149,5,37,0.135,50,112,0.446,2015-2016
kiddgmi01,Michael Kidd-Gilchrist,SF,CHO,7,205,61,3,7,0.429,30,54,0.556,2015-2016
kilpase01,Sean Kilpatrick,SG,TOT,31,616,270,39,114,0.342,84,156,0.538,2015-2016
knighbr03,Brandon Knight,SG,PHO,52,1870,895,120,351,0.342,251,544,0.461,2015-2016
korveky01,Kyle Korver,SG,ATL,80,2401,616,158,397,0.398,110,219,0.502,2015-2016
koufoko01,Kosta Koufos,C,SAC,78,1482,444,0,0,,236,444,0.532,2015-2016
lambje01,Jeremy Lamb,SG,CHO,66,1227,510,56,181,0.309,174,329,0.529,2015-2016
landrca01,Carl Landry,PF,PHI,36,569,250,6,13,0.462,133,237,0.561,2015-2016
larkish01,Shane Larkin,PG,BRK,78,1751,502,39,108,0.361,183,394,0.464,2015-2016
lauvejo01,Joffrey Lauvergne,C,DEN,59,1041,380,13,53,0.245,182,327,0.557,2015-2016
lavinza01,Zach LaVine,SG,MIN,82,2294,959,123,316,0.389,310,643,0.482,2015-2016
lawsoty01,Ty Lawson,PG,TOT,66,1411,354,36,108,0.333,103,246,0.419,2015-2016
leeco01,Courtney Lee,SG,TOT,79,2334,639,82,217,0.378,208,422,0.493,2015-2016
leeda02,David Lee,PF,TOT,55,903,335,0,1,0.0,178,334,0.533,2015-2016
lenal01,Alex Len,C,PHO,78,1821,624,1,7,0.143,263,617,0.426,2015-2016
leonaka01,Kawhi Leonard,SF,SAS,72,2380,1090,129,291,0.443,422,799,0.528,2015-2016
leoname01,Meyers Leonard,PF,POR,61,1333,435,86,228,0.377,109,207,0.527,2015-2016
leuerjo01,Jon Leuer,PF,PHO,67,1255,466,42,110,0.382,182,356,0.511,2015-2016
lillada01,Damian Lillard,PG,POR,75,2676,1474,229,610,0.375,389,864,0.45,2015-2016
linje01,Jeremy Lin,SG,CHO,78,2048,728,76,226,0.336,224,502,0.446,2015-2016
livinsh01,Shaun Livingston,PG,GSW,78,1520,379,2,12,0.167,201,367,0.548,2015-2016
looneke01,Kevon Looney,PF,GSW,5,21,7,1,2,0.5,3,5,0.6,2015-2016
lopezbr01,Brook Lopez,C,BRK,73,2457,1157,2,14,0.143,589,1143,0.515,2015-2016
lopezro01,Robin Lopez,C,NYK,82,2219,662,0,1,0.0,357,661,0.54,2015-2016
loveke01,Kevin Love,PF,CLE,77,2424,977,158,439,0.36,251,538,0.467,2015-2016
lowryky01,Kyle Lowry,PG,TOR,77,2851,1198,212,547,0.388,300,651,0.461,2015-2016
lylestr01,Trey Lyles,PF,UTA,80,1382,436,49,128,0.383,142,308,0.461,2015-2016
macksh01,Shelvin Mack,PG,TOT,52,1058,415,39,125,0.312,143,290,0.493,2015-2016
mahinia01,Ian Mahinmi,C,IND,71,1816,448,0,0,,264,448,0.589,2015-2016
marblde01,Devyn Marble,SG,ORL,28,249,71,8,32,0.25,13,39,0.333,2015-2016
marjabo01,Boban Marjanović,C,SAS,54,508,174,0,0,,105,174,0.603,2015-2016
marshke01,Kendall Marshall,PG,PHI,30,400,118,16,49,0.327,27,69,0.391,2015-2016
martija01,Jarell Martin,PF,MEM,27,380,116,0,2,0.0,54,114,0.474,2015-2016
martike02,Kevin Martin,SG,TOT,55,1095,419,49,136,0.36,107,283,0.378,2015-2016
matthwe02,Wesley Matthews,SF,DAL,78,2644,854,189,525,0.36,142,329,0.432,2015-2016
mayooj01,O.J. Mayo,SG,MIL,41,1090,321,52,162,0.321,67,159,0.421,2015-2016
mbahalu01,Luc Mbah a Moute,PF,LAC,75,1274,207,13,40,0.325,81,167,0.485,2015-2016
mcadoja01,James Michael McAdoo,PF,GSW,41,262,84,1,2,0.5,44,82,0.537,2015-2016
mccalra01,Ray McCallum,PG,TOT,41,475,146,15,42,0.357,40,104,0.385,2015-2016
mccolcj01,CJ McCollum,SG,POR,80,2780,1431,197,472,0.417,444,959,0.463,2015-2016
mccontj01,T.J. McConnell,PG,PHI,81,1606,464,31,89,0.348,187,375,0.499,2015-2016
mcculch01,Chris McCullough,PF,BRK,24,362,109,13,34,0.382,31,75,0.413,2015-2016
mcdankj01,K.J. McDaniels,SF,HOU,37,235,72,7,25,0.28,22,47,0.468,2015-2016
mcderdo01,Doug McDermott,SF,CHI,81,1861,644,110,259,0.425,181,385,0.47,2015-2016
mcgarmi01,Mitch McGary,PF,OKC,20,72,23,0,4,0.0,11,19,0.579,2015-2016
mcgeeja01,JaVale McGee,C,DAL,34,370,134,0,1,0.0,77,133,0.579,2015-2016
mclembe01,Ben McLemore,SG,SAC,68,1443,455,67,185,0.362,128,270,0.474,2015-2016
mcraejo01,Jordan McRae,PG,TOT,22,195,78,10,22,0.455,24,56,0.429,2015-2016
mcrobjo01,Josh McRoberts,PF,MIA,42,595,148,12,49,0.245,43,99,0.434,2015-2016
meeksjo01,Jodie Meeks,SG,DET,3,43,20,4,9,0.444,3,11,0.273,2015-2016
mejrisa01,Salah Mejri,C,DAL,34,397,78,0,1,0.0,49,77,0.636,2015-2016
mickejo01,Jordan Mickey,PF,BOS,16,57,22,0,0,,8,22,0.364,2015-2016
middlkh01,Khris Middleton,SG,MIL,79,2852,1142,143,361,0.396,364,781,0.466,2015-2016
milescj01,C.J. Miles,SF,IND,64,1464,634,142,387,0.367,117,247,0.474,2015-2016
millean02,Andre Miller,PG,TOT,39,461,106,2,8,0.25,57,98,0.582,2015-2016
millemi01,Mike Miller,SF,DEN,47,373,62,19,52,0.365,3,10,0.3,2015-2016
millspa02,Patty Mills,PG,SAS,81,1662,612,123,320,0.384,137,292,0.469,2015-2016
millsel01,Elijah Millsap,SG,UTA,20,173,39,1,12,0.083,10,27,0.37,2015-2016
millspa01,Paul Millsap,PF,ATL,81,2647,1066,74,232,0.319,427,834,0.512,2015-2016
mirotni01,Nikola Mirotić,PF,CHI,66,1646,609,135,346,0.39,113,263,0.43,2015-2016
mohamna01,Nazr Mohammed,C,OKC,5,19,5,0,0,,3,5,0.6,2015-2016
monrogr01,Greg Monroe,C,MIL,79,2314,941,0,1,0.0,491,940,0.522,2015-2016
montelu01,Luis Montero,SG,POR,12,42,19,1,9,0.111,4,10,0.4,2015-2016
mooreet01,E'Twaun Moore,SG,CHI,59,1263,389,47,104,0.452,140,285,0.491,2015-2016
moreler01,Eric Moreland,PF,SAC,8,48,6,0,0,,3,6,0.5,2015-2016
morrima03,Marcus Morris,SF,DET,80,2856,945,108,298,0.362,302,647,0.467,2015-2016
morrima02,Markieff Morris,PF,TOT,64,1629,718,47,155,0.303,258,563,0.458,2015-2016
morroan01,Anthony Morrow,SG,OKC,68,926,333,79,204,0.387,57,129,0.442,2015-2016
motiedo01,Donatas Motiejūnas,PF,HOU,37,547,205,16,57,0.281,74,148,0.5,2015-2016
mozgoti01,Timofey Mozgov,C,CLE,76,1326,359,1,7,0.143,202,352,0.574,2015-2016
mudiaem01,Emmanuel Mudiay,PG,DEN,68,2068,905,74,232,0.319,255,673,0.379,2015-2016
muhamsh01,Shabazz Muhammad,SF,MIN,82,1682,681,44,152,0.289,273,529,0.516,2015-2016
munfoxa02,Xavier Munford,SG,MEM,14,244,77,9,23,0.391,23,54,0.426,2015-2016
muscami01,Mike Muscala,C,ATL,60,565,152,12,39,0.308,64,113,0.566,2015-2016
nancela02,Larry Nance Jr.,PF,LAL,63,1266,300,1,10,0.1,157,290,0.541,2015-2016
napiesh01,Shabazz Napier,PG,ORL,55,600,201,34,104,0.327,34,97,0.351,2015-2016
nealga01,Gary Neal,SG,WAS,40,807,325,41,100,0.41,110,225,0.489,2015-2016
nelsoja01,Jameer Nelson,PG,DEN,39,1036,307,43,144,0.299,70,163,0.429,2015-2016
netora01,Raul Neto,PG,UTA,81,1499,418,64,162,0.395,116,256,0.453,2015-2016
nichoan01,Andrew Nicholson,PF,ORL,56,823,310,41,114,0.36,105,196,0.536,2015-2016
noahjo01,Joakim Noah,C,CHI,29,635,133,0,1,0.0,51,132,0.386,2015-2016
noelne01,Nerlens Noel,C,PHI,67,1965,587,1,2,0.5,305,585,0.521,2015-2016
noguelu01,Lucas Nogueira,C,TOR,29,225,44,1,3,0.333,27,41,0.659,2015-2016
novakst01,Steve Novak,PF,TOT,10,44,18,7,15,0.467,1,3,0.333,2015-2016
nowitdi01,Dirk Nowitzki,PF,DAL,75,2364,1112,126,342,0.368,372,770,0.483,2015-2016
nurkiju01,Jusuf Nurkić,C,DEN,32,547,242,0,3,0.0,101,239,0.423,2015-2016
obriejj01,J.J. O'Brien,SF,UTA,2,6,1,0,0,,0,1,0.0,2015-2016
obryajo01,Johnny O'Bryant,PF,MIL,66,857,209,1,1,1.0,85,208,0.409,2015-2016
oquinky01,Kyle O'Quinn,PF,NYK,65,764,271,5,22,0.227,124,249,0.498,2015-2016
okafoja01,Jahlil Okafor,C,PHI,53,1591,781,1,6,0.167,396,775,0.511,2015-2016
oladivi01,Victor Oladipo,SG,ORL,72,2379,970,98,282,0.348,327,688,0.475,2015-2016
olynyke01,Kelly Olynyk,C,BOS,69,1395,556,85,210,0.405,168,346,0.486,2015-2016
oubreke01,Kelly Oubre Jr.,SF,WAS,63,671,211,25,79,0.316,65,132,0.492,2015-2016
pachuza01,Zaza Pachulia,C,DAL,76,2004,470,0,3,0.0,219,467,0.469,2015-2016
papanko01,Kostas Papanikolaou,SF,DEN,26,294,66,10,32,0.313,14,34,0.412,2015-2016
parkeja01,Jabari Parker,PF,MIL,76,2408,899,9,35,0.257,434,864,0.502,2015-2016
parketo01,Tony Parker,PG,SAS,72,1980,710,27,65,0.415,323,645,0.501,2015-2016
parsoch01,Chandler Parsons,SF,DAL,61,1799,651,104,251,0.414,216,400,0.54,2015-2016
pattela01,Lamar Patterson,SG,ATL,35,395,80,12,49,0.245,16,31,0.516,2015-2016
pattepa01,Patrick Patterson,PF,TOR,79,2020,493,106,293,0.362,98,200,0.49,2015-2016
paulch01,Chris Paul,PG,LAC,74,2420,1114,122,329,0.371,393,785,0.501,2015-2016
paynead01,Adreian Payne,PF,MIN,52,486,145,9,32,0.281,44,113,0.389,2015-2016
payneca01,Cameron Payne,PG,OKC,57,698,278,36,111,0.324,78,167,0.467,2015-2016
paytoel01,Elfrid Payton,PG,ORL,73,2145,730,30,92,0.326,288,638,0.451,2015-2016
pekovni01,Nikola Peković,C,MIN,12,156,50,0,0,,19,50,0.38,2015-2016
perkike01,Kendrick Perkins,C,NOP,37,542,75,0,0,,40,75,0.533,2015-2016
piercpa01,Paul Pierce*,SF,LAC,68,1231,397,75,242,0.31,69,155,0.445,2015-2016
pleisti01,Tibor Pleiß,C,UTA,12,82,25,0,2,0.0,11,23,0.478,2015-2016
plumlma01,Mason Plumlee,C,POR,82,2084,517,0,4,0.0,267,513,0.52,2015-2016
plumlmi01,Miles Plumlee,C,MIL,61,870,233,0,0,,140,233,0.601,2015-2016
porteot01,Otto Porter,SF,WAS,75,2276,717,98,267,0.367,241,450,0.536,2015-2016
portibo01,Bobby Portis,PF,CHI,62,1102,436,16,52,0.308,170,384,0.443,2015-2016
porzikr01,Kristaps Porziņģis,PF,NYK,72,2047,886,81,243,0.333,292,643,0.454,2015-2016
poweldw01,Dwight Powell,PF,DAL,69,992,296,2,16,0.125,144,280,0.514,2015-2016
powelno01,Norman Powell,SG,TOR,49,725,229,36,89,0.404,61,140,0.436,2015-2016
pressph01,Phil Pressey,PG,TOT,23,283,78,4,18,0.222,26,60,0.433,2015-2016
pricero01,Ronnie Price,PG,PHO,62,1211,302,68,196,0.347,48,106,0.453,2015-2016
prigipa01,Pablo Prigioni,PG,LAC,59,823,147,28,95,0.295,27,52,0.519,2015-2016
princta01,Tayshaun Prince,SF,MIN,77,1462,229,4,23,0.174,98,206,0.476,2015-2016
randlju01,Julius Randle,PF,LAL,81,2286,835,10,36,0.278,348,799,0.436,2015-2016
randoza01,Zach Randolph,PF,MEM,68,2016,907,6,26,0.231,425,881,0.482,2015-2016
redicjj01,J.J. Redick,SG,LAC,75,2097,880,200,421,0.475,222,459,0.484,2015-2016
reedwi02,Willie Reed,C,BRK,39,426,133,0,0,,76,133,0.571,2015-2016
richajo01,Josh Richardson,SG,MIA,52,1107,272,53,115,0.461,70,157,0.446,2015-2016
riverau01,Austin Rivers,SG,LAC,67,1464,516,62,185,0.335,164,331,0.495,2015-2016
roberan03,Andre Roberson,SG,OKC,70,1553,274,32,103,0.311,104,171,0.608,2015-2016
roberbr01,Brian Roberts,PG,TOT,51,470,165,15,42,0.357,59,123,0.48,2015-2016
robingl02,Glenn Robinson III,SF,IND,45,508,151,14,37,0.378,51,114,0.447,2015-2016
robinna01,Nate Robinson,PG,NOP,2,23,1,0,1,0.0,0,0,,2015-2016
robinth01,Thomas Robinson,PF,BRK,71,917,291,0,1,0.0,130,290,0.448,2015-2016
rondora01,Rajon Rondo,PG,SAC,72,2537,782,62,170,0.365,293,612,0.479,2015-2016
rosede01,Derrick Rose,PG,CHI,66,2097,1048,44,150,0.293,403,898,0.449,2015-2016
rosste01,Terrence Ross,SF,TOR,73,1747,626,131,339,0.386,139,287,0.484,2015-2016
roziete01,Terry Rozier,PG,BOS,39,311,106,6,27,0.222,23,79,0.291,2015-2016
rubiori01,Ricky Rubio,PG,MIN,76,2323,586,62,190,0.326,157,396,0.396,2015-2016
rudezda01,Damjan Rudež,SF,MIN,33,277,62,17,50,0.34,8,12,0.667,2015-2016
rushbr01,Brandon Rush,SG,GSW,72,1055,260,65,157,0.414,46,103,0.447,2015-2016
russeda01,D'Angelo Russell,PG,LAL,80,2259,956,130,370,0.351,262,586,0.447,2015-2016
sacrero01,Robert Sacre,C,LAL,25,320,75,0,0,,31,75,0.413,2015-2016
sampsja02,JaKarr Sampson,SF,TOT,73,1160,317,14,63,0.222,126,254,0.496,2015-2016
schrode01,Dennis Schröder,PG,ATL,80,1621,781,77,239,0.322,252,542,0.465,2015-2016
scolalu01,Luis Scola,PF,TOR,76,1636,598,65,161,0.404,204,437,0.467,2015-2016
scottmi01,Mike Scott,PF,ATL,75,1146,376,62,158,0.392,114,218,0.523,2015-2016
sefolth01,Thabo Sefolosha,SF,ATL,75,1758,372,42,124,0.339,146,248,0.589,2015-2016
serapke01,Kevin Séraphin,C,NYK,48,526,205,0,2,0.0,84,203,0.414,2015-2016
sessira01,Ramon Sessions,PG,WAS,82,1667,592,36,111,0.324,244,481,0.507,2015-2016
shumpim01,Iman Shumpert,SG,CLE,54,1316,305,43,146,0.295,71,159,0.447,2015-2016
simmojo02,Jonathon Simmons,SG,SAS,55,813,242,18,47,0.383,104,195,0.533,2015-2016
simshe01,Henry Sims,C,BRK,14,263,77,0,0,,33,77,0.429,2015-2016
singlky01,Kyle Singler,SF,OKC,68,977,221,30,97,0.309,56,124,0.452,2015-2016
sloando01,Donald Sloan,PG,BRK,61,1318,350,38,99,0.384,116,251,0.462,2015-2016
smartma01,Marcus Smart,PG,BOS,61,1667,529,61,241,0.253,123,288,0.427,2015-2016
smithgr02,Greg Smith,PF,MIN,18,192,32,0,0,,18,32,0.563,2015-2016
smithis01,Ish Smith,PG,TOT,77,2239,967,56,170,0.329,341,797,0.428,2015-2016
smithjr01,J.R. Smith,SG,CLE,77,2362,850,204,510,0.4,149,340,0.438,2015-2016
smithja02,Jason Smith,C,ORL,76,1181,503,4,16,0.25,240,487,0.493,2015-2016
smithjo03,Josh Smith,PF,TOT,55,880,349,41,143,0.287,86,206,0.417,2015-2016
smithru01,Russ Smith,PG,MEM,15,66,22,1,5,0.2,6,17,0.353,2015-2016
snellto01,Tony Snell,SF,CHI,64,1301,339,56,155,0.361,70,184,0.38,2015-2016
speigma01,Marreese Speights,C,GSW,72,832,456,24,62,0.387,173,394,0.439,2015-2016
splitti01,Tiago Splitter,C,ATL,36,579,155,0,2,0.0,81,153,0.529,2015-2016
stausni01,Nik Stauskas,SG,PHI,73,1809,545,106,325,0.326,104,220,0.473,2015-2016
stephla01,Lance Stephenson,SF,TOT,69,1372,474,30,78,0.385,198,396,0.5,2015-2016
stephal01,Alex Stepheson,PF,TOT,8,73,27,0,0,,9,27,0.333,2015-2016
stokeja01,Jarnell Stokes,C,TOT,7,18,5,0,0,,3,5,0.6,2015-2016
stoudam01,Amar'e Stoudemire,C,MIA,52,762,221,0,0,,125,221,0.566,2015-2016
stuckro01,Rodney Stuckey,PG,IND,58,1275,443,20,83,0.241,163,360,0.453,2015-2016
sullija01,Jared Sullinger,PF,BOS,81,1915,806,29,103,0.282,322,703,0.458,2015-2016
tavarwa01,Edy Tavares,C,ATL,11,73,19,0,0,,11,19,0.579,2015-2016
teaguje01,Jeff Teague,PG,ATL,79,2255,988,110,275,0.4,324,713,0.454,2015-2016
teletmi01,Mirza Teletović,PF,PHO,79,1686,777,181,460,0.393,151,317,0.476,2015-2016
templga01,Garrett Temple,SF,WAS,80,1951,505,89,258,0.345,112,247,0.453,2015-2016
terryja01,Jason Terry,SG,HOU,72,1258,376,93,261,0.356,58,115,0.504,2015-2016
thomais02,Isaiah Thomas,PG,BOS,82,2644,1382,167,465,0.359,424,917,0.462,2015-2016
thomala01,Lance Thomas,PF,NYK,59,1313,382,44,109,0.404,125,273,0.458,2015-2016
thompho01,Hollis Thompson,SG,PHI,77,2154,680,149,392,0.38,121,288,0.42,2015-2016
thompja02,Jason Thompson,C,TOT,47,471,108,5,15,0.333,47,93,0.505,2015-2016
thompkl01,Klay Thompson,SG,GSW,80,2666,1386,276,650,0.425,375,736,0.51,2015-2016
thomptr01,Tristan Thompson,PF,CLE,82,2269,420,0,0,,247,420,0.588,2015-2016
thornma01,Marcus Thornton,SG,TOT,61,1109,542,91,270,0.337,125,272,0.46,2015-2016
tollian01,Anthony Tolliver,PF,DET,72,1341,332,98,272,0.36,30,60,0.5,2015-2016
toupaax01,Axel Toupane,SF,DEN,21,305,70,13,40,0.325,12,30,0.4,2015-2016
townska01,Karl-Anthony Towns,C,MIN,82,2627,1153,30,88,0.341,595,1065,0.559,2015-2016
tuckepj01,P.J. Tucker,SF,PHO,82,2540,582,68,206,0.33,171,376,0.455,2015-2016
turneev01,Evan Turner,SG,BOS,81,2271,753,20,83,0.241,323,670,0.482,2015-2016
turnemy01,Myles Turner,C,IND,60,1367,530,3,14,0.214,261,516,0.506,2015-2016
udrihbe01,Beno Udrih,PG,TOT,44,707,198,15,44,0.341,71,154,0.461,2015-2016
valanjo01,Jonas Valančiūnas,C,TOR,60,1557,536,0,0,,303,536,0.565,2015-2016
varejan01,Anderson Varejão,C,TOT,53,496,124,0,1,0.0,53,123,0.431,2015-2016
vasqugr01,Greivis Vásquez,PG,MIL,23,460,138,18,73,0.247,27,65,0.415,2015-2016
vaughra01,Rashad Vaughn,SG,MIL,70,1001,266,43,147,0.293,38,119,0.319,2015-2016
villach01,Charlie Villanueva,PF,DAL,62,665,327,47,172,0.273,78,155,0.503,2015-2016
vonleno01,Noah Vonleh,PF,POR,78,1174,278,11,46,0.239,106,232,0.457,2015-2016
vucevni01,Nikola Vučević,C,ORL,65,2037,1046,2,9,0.222,531,1037,0.512,2015-2016
vujacsa01,Sasha Vujačić,SG,NYK,61,908,277,52,143,0.364,54,134,0.403,2015-2016
wadedw01,Dwyane Wade,SG,MIA,74,2258,1183,7,44,0.159,533,1139,0.468,2015-2016
waitedi01,Dion Waiters,SG,OKC,78,2152,706,86,240,0.358,196,466,0.421,2015-2016
walkeke02,Kemba Walker,PG,CHO,81,2885,1331,182,490,0.371,386,841,0.459,2015-2016
walljo01,John Wall,PG,WAS,77,2784,1349,115,328,0.351,457,1021,0.448,2015-2016
warretj01,T.J. Warren,SF,PHO,47,1070,441,28,70,0.4,193,371,0.52,2015-2016
watsocj01,C.J. Watson,PG,ORL,33,656,137,14,48,0.292,33,89,0.371,2015-2016
weberbr01,Briante Weber,PG,TOT,7,169,39,0,5,0.0,14,34,0.412,2015-2016
weemsso01,Sonny Weems,SG,TOT,43,499,110,15,41,0.366,27,69,0.391,2015-2016
westda01,David West,PF,SAS,78,1404,448,3,7,0.429,241,441,0.546,2015-2016
westbru01,Russell Westbrook,PG,OKC,80,2750,1444,101,341,0.296,555,1103,0.503,2015-2016
whiteha01,Hassan Whiteside,C,MIA,73,2125,682,0,0,,413,682,0.606,2015-2016
whittsh01,Shayne Whittington,PF,IND,7,41,11,0,2,0.0,5,9,0.556,2015-2016
wiggian01,Andrew Wiggins,SF,MIN,81,2845,1294,57,190,0.3,537,1104,0.486,2015-2016
wilcocj01,C.J. Wilcox,SG,LAC,23,167,66,9,23,0.391,17,43,0.395,2015-2016
willial03,Alan Williams,PF,PHO,10,68,24,0,0,,10,24,0.417,2015-2016
willide01,Deron Williams,PG,DAL,65,2106,775,97,282,0.344,224,493,0.454,2015-2016
willide02,Derrick Williams,SF,NYK,80,1435,565,44,150,0.293,210,415,0.506,2015-2016
williel01,Elliot Williams,PG,MEM,5,45,10,1,4,0.25,1,6,0.167,2015-2016
willilo02,Lou Williams,SG,LAL,67,1907,693,110,320,0.344,173,373,0.464,2015-2016
willima02,Marvin Williams,PF,CHO,81,2338,747,152,378,0.402,186,369,0.504,2015-2016
willima01,Mo Williams,PG,CLE,41,748,302,36,102,0.353,96,200,0.48,2015-2016
winslju01,Justise Winslow,SF,MIA,78,2232,462,32,116,0.276,163,346,0.471,2015-2016
witheje01,Jeff Withey,C,UTA,51,658,162,0,2,0.0,87,160,0.544,2015-2016
woodch01,Christian Wood,PF,PHI,17,145,53,4,11,0.364,18,42,0.429,2015-2016
artesro01,Metta World Peace,SF,LAL,35,590,177,26,84,0.31,29,93,0.312,2015-2016
wrighbr03,Brandan Wright,PF,MEM,12,212,52,0,0,,35,52,0.673,2015-2016
wrighde01,Delon Wright,PG,TOR,27,229,80,5,13,0.385,31,67,0.463,2015-2016
wroteto01,Tony Wroten,PG,PHI,8,144,65,3,17,0.176,19,48,0.396,2015-2016
youngja01,James Young,SG,BOS,29,199,36,6,26,0.231,5,10,0.5,2015-2016
youngjo01,Joe Young,PG,IND,41,384,169,10,46,0.217,52,123,0.423,2015-2016
youngni01,Nick Young,SG,LAL,54,1033,372,77,237,0.325,49,135,0.363,2015-2016
youngth01,Thaddeus Young,PF,BRK,73,2407,963,7,30,0.233,488,933,0.523,2015-2016
zelleco01,Cody Zeller,C,CHO,73,1774,437,1,10,0.1,230,427,0.539,2015-2016
zellety01,Tyler Zeller,C,BOS,60,710,290,0,0,,138,290,0.476,2015-2016
