PlayerID,Player,Pos,Tm,G,MP,FGA,3P,3PA,3P%,2P,2PA,2P%,Season
abrinal01,Álex Abrines,SG,OKC,68,1055,341,94,247,0.381,40,94,0.426,2016-2017
acyqu01,Quincy Acy,PF,TOT,38,558,170,37,90,0.411,33,80,0.413,2016-2017
adamsst01,Steven Adams,C,OKC,80,2389,655,0,1,0.0,374,654,0.572,2016-2017
afflaar01,Arron Afflalo,SG,SAC,61,1580,420,62,151,0.411,123,269,0.457,2016-2017
ajincal01,Alexis Ajinça,C,NOP,39,584,178,0,4,0.0,89,174,0.511,2016-2017
aldrico01,Cole Aldrich,C,MIN,62,531,86,0,0,,45,86,0.523,2016-2017
aldrila01,LaMarcus Aldridge,PF,SAS,72,2335,1049,23,56,0.411,477,993,0.48,2016-2017
allenla01,Lavoy Allen,PF,IND,61,871,168,0,1,0.0,77,167,0.461,2016-2017
allento01,Tony Allen,SG,MEM,71,1914,595,15,54,0.278,259,541,0.479,2016-2017
aminual01,Al-Farouq Aminu,PF,POR,61,1773,466,70,212,0.33,113,254,0.445,2016-2017
anderch01,Chris Andersen,C,CLE,12,114,22,0,3,0.0,9,19,0.474,2016-2017
anderal01,Alan Anderson,SF,LAC,30,308,80,14,44,0.318,16,36,0.444,2016-2017
anderju01,Justin Anderson,SF,TOT,75,1228,439,58,194,0.299,128,245,0.522,2016-2017
anderky01,Kyle Anderson,SF,SAS,72,1020,209,15,40,0.375,78,169,0.462,2016-2017
anderry01,Ryan Anderson,PF,HOU,72,2116,773,204,506,0.403,119,267,0.446,2016-2017
antetgi01,Giannis Antetokounmpo,SF,MIL,80,2845,1259,49,180,0.272,607,1079,0.563,2016-2017
anthoca01,Carmelo Anthony,SF,NYK,74,2538,1389,151,421,0.359,451,968,0.466,2016-2017
anthojo01,Joel Anthony,C,SAS,19,122,16,0,0,,10,16,0.625,2016-2017
arizatr01,Trevor Ariza,SF,HOU,80,2773,798,191,555,0.344,135,243,0.556,2016-2017
arthuda01,Darrell Arthur,PF,DEN,41,639,215,53,117,0.453,42,98,0.429,2016-2017
asikom01,Ömer Aşık,C,NOP,31,482,65,0,0,,31,65,0.477,2016-2017
augusdj01,D.J. Augustin,PG,ORL,78,1538,517,95,274,0.347,100,243,0.412,2016-2017
babbilu01,Luke Babbitt,SF,MIA,68,1065,281,87,210,0.414,26,71,0.366,2016-2017
bakerro01,Ron Baker,SG,NYK,52,857,217,23,86,0.267,59,131,0.45,2016-2017
baldwwa01,Wade Baldwin,PG,MEM,33,405,115,3,22,0.136,33,93,0.355,2016-2017
barbole01,Leandro Barbosa,SG,PHO,67,963,392,35,98,0.357,137,294,0.466,2016-2017
bareajo01,J.J. Barea,PG,DAL,35,771,343,53,148,0.358,89,195,0.456,2016-2017
barneha02,Harrison Barnes,PF,DAL,79,2803,1280,78,222,0.351,521,1058,0.492,2016-2017
barnema02,Matt Barnes,SF,TOT,74,1777,473,87,263,0.331,98,210,0.467,2016-2017
bartowi01,Will Barton,SG,DEN,60,1705,666,87,235,0.37,208,431,0.483,2016-2017
bassbr01,Brandon Bass,PF,LAC,52,577,186,1,3,0.333,106,183,0.579,2016-2017
batumni01,Nicolas Batum,SG,CHO,77,2617,975,135,405,0.333,258,570,0.453,2016-2017
bayleje01,Jerryd Bayless,PG,PHI,3,71,32,2,5,0.4,9,27,0.333,2016-2017
baynear01,Aron Baynes,C,DET,75,1163,279,0,0,,143,279,0.513,2016-2017
bazemke01,Kent Bazemore,SF,ATL,73,1963,721,92,266,0.346,203,455,0.446,2016-2017
bealbr01,Bradley Beal,SG,WAS,77,2684,1322,223,552,0.404,414,770,0.538,2016-2017
beaslma01,Malik Beasley,SG,DEN,22,165,73,9,28,0.321,24,45,0.533,2016-2017
beaslmi01,Michael Beasley,PF,MIL,56,935,406,18,43,0.419,198,363,0.545,2016-2017
belinma01,Marco Belinelli,SG,CHO,74,1778,615,102,283,0.36,162,332,0.488,2016-2017
bembrde01,DeAndre' Bembry,SF,ATL,38,371,98,1,18,0.056,46,80,0.575,2016-2017
bendedr01,Dragan Bender,PF,PHO,43,574,161,28,101,0.277,29,60,0.483,2016-2017
bennean01,Anthony Bennett,PF,BRK,23,264,92,13,48,0.271,25,44,0.568,2016-2017
bentibe01,Ben Bentil,PF,DAL,3,10,3,0,1,0.0,0,2,0.0,2016-2017
bertada01,Dāvis Bertāns,PF,SAS,67,808,234,69,173,0.399,34,61,0.557,2016-2017
beverpa01,Patrick Beverley,SG,HOU,67,2058,543,110,288,0.382,118,255,0.463,2016-2017
biyombi01,Bismack Biyombo,C,ORL,81,1793,339,0,0,,179,339,0.528,2016-2017
bjeline01,Nemanja Bjelica,PF,MIN,65,1190,356,56,177,0.316,95,179,0.531,2016-2017
blackta01,Tarik Black,C,LAL,67,1091,294,1,2,0.5,149,292,0.51,2016-2017
bledser01,Eric Bledsoe,PG,PHO,66,2176,1034,104,310,0.335,345,724,0.477,2016-2017
bogdabo02,Bojan Bogdanović,SF,TOT,81,2083,845,144,392,0.367,232,453,0.512,2016-2017
bogutan01,Andrew Bogut,C,TOT,27,583,81,0,1,0.0,38,80,0.475,2016-2017
bolomjo01,Joel Bolomboy,PF,UTA,12,53,16,1,4,0.25,8,12,0.667,2016-2017
bookede01,Devin Booker,SG,PHO,78,2730,1431,147,405,0.363,459,1026,0.447,2016-2017
booketr01,Trevor Booker,PF,BRK,71,1754,591,25,78,0.321,280,513,0.546,2016-2017
bradlav01,Avery Bradley,SG,BOS,55,1835,775,108,277,0.39,251,498,0.504,2016-2017
breweco01,Corey Brewer,SF,TOT,82,1281,348,27,118,0.229,120,230,0.522,2016-2017
brogdma01,Malcolm Brogdon,SG,MIL,75,1982,635,78,193,0.404,212,442,0.48,2016-2017
brookaa01,Aaron Brooks,PG,IND,65,894,300,48,128,0.375,73,172,0.424,2016-2017
brownan02,Anthony Brown,SF,TOT,11,159,50,7,27,0.259,11,23,0.478,2016-2017
brownbo02,Bobby Brown,PG,HOU,25,123,60,14,35,0.4,9,25,0.36,2016-2017
brownja02,Jaylen Brown,SF,BOS,78,1341,423,46,135,0.341,146,288,0.507,2016-2017
brussni01,Nicolás Brussino,SG,DAL,54,521,141,29,95,0.305,23,46,0.5,2016-2017
bullore01,Reggie Bullock,SF,DET,31,467,128,28,73,0.384,26,55,0.473,2016-2017
burketr01,Trey Burke,PG,WAS,57,703,255,31,70,0.443,85,185,0.459,2016-2017
burksal01,Alec Burks,SG,UTA,42,653,248,25,76,0.329,74,172,0.43,2016-2017
butleji01,Jimmy Butler,SF,CHI,76,2809,1252,91,248,0.367,479,1004,0.477,2016-2017
cabocbr01,Bruno Caboclo,SF,TOR,9,40,16,2,6,0.333,4,10,0.4,2016-2017
caldejo01,José Calderón,PG,TOT,41,539,134,20,64,0.313,35,70,0.5,2016-2017
caldwke01,Kentavious Caldwell-Pope,SG,DET,76,2529,928,153,437,0.35,217,491,0.442,2016-2017
canaais01,Isaiah Canaan,SG,CHI,39,592,173,25,94,0.266,38,79,0.481,2016-2017
capelca01,Clint Capela,C,HOU,65,1551,563,0,0,,362,563,0.643,2016-2017
carrode01,DeMarre Carroll,SF,TOR,72,1882,550,109,320,0.341,111,230,0.483,2016-2017
cartevi01,Vince Carter,SF,MEM,73,1799,490,112,296,0.378,81,194,0.418,2016-2017
cartemi01,Michael Carter-Williams,PG,CHI,45,846,306,15,64,0.234,97,242,0.401,2016-2017
casspom01,Omri Casspi,PF,TOT,36,643,164,15,43,0.349,62,121,0.512,2016-2017
caulewi01,Willie Cauley-Stein,C,SAC,75,1421,481,0,2,0.0,255,479,0.532,2016-2017
chandty01,Tyson Chandler,C,PHO,47,1298,228,0,0,,153,228,0.671,2016-2017
chandwi01,Wilson Chandler,SF,DEN,71,2197,939,110,326,0.337,323,613,0.527,2016-2017
chrisma01,Marquese Chriss,PF,PHO,82,1743,632,72,224,0.321,212,408,0.52,2016-2017
chrisra01,Rakeem Christmas,PF,IND,29,219,43,0,0,,19,43,0.442,2016-2017
chrisse01,Semaj Christon,PG,OKC,64,973,223,12,63,0.19,65,160,0.406,2016-2017
clarkia01,Ian Clark,SG,GSW,77,1137,433,61,163,0.374,150,270,0.556,2016-2017
clarkjo01,Jordan Clarkson,SG,LAL,82,2397,1071,117,356,0.329,360,715,0.503,2016-2017
coleno01,Norris Cole,PG,OKC,13,125,52,3,13,0.231,13,39,0.333,2016-2017
collida01,Darren Collison,PG,SAC,68,2063,714,73,175,0.417,267,539,0.495,2016-2017
collini01,Nick Collison,PF,OKC,20,128,23,0,1,0.0,14,22,0.636,2016-2017
conlemi01,Mike Conley,PG,MEM,69,2292,1009,171,419,0.408,293,590,0.497,2016-2017
connapa01,Pat Connaughton,SG,POR,39,316,72,17,33,0.515,20,39,0.513,2016-2017
cookqu01,Quinn Cook,PG,TOT,14,188,66,11,26,0.423,22,40,0.55,2016-2017
couside01,DeMarcus Cousins,C,TOT,72,2465,1432,131,363,0.361,516,1069,0.483,2016-2017
covinro01,Robert Covington,SF,PHI,67,2119,732,137,412,0.333,155,320,0.484,2016-2017
crabbal01,Allen Crabbe,SG,POR,79,2254,647,134,302,0.444,169,345,0.49,2016-2017
crawfja01,Jamal Crawford,SG,LAC,82,2157,870,116,322,0.36,243,548,0.443,2016-2017
crawfjo02,Jordan Crawford,SG,NOP,19,442,218,37,95,0.389,68,123,0.553,2016-2017
crowdja01,Jae Crowder,SF,BOS,72,2335,720,157,394,0.398,176,326,0.54,2016-2017
cunnida01,Dante Cunningham,PF,NOP,66,1649,359,71,181,0.392,103,178,0.579,2016-2017
curryse01,Seth Curry,PG,DAL,70,2029,703,137,322,0.425,201,381,0.528,2016-2017
curryst01,Stephen Curry,PG,GSW,79,2638,1443,324,789,0.411,351,654,0.537,2016-2017
danietr01,Troy Daniels,SG,MEM,67,1183,495,138,355,0.389,47,140,0.336,2016-2017
davisan02,Anthony Davis,C,NOP,75,2708,1526,40,134,0.299,730,1392,0.524,2016-2017
davisde01,Deyonta Davis,C,MEM,36,238,47,0,0,,24,47,0.511,2016-2017
davised01,Ed Davis,PF,POR,46,789,142,0,0,,75,142,0.528,2016-2017
dedmode01,Dewayne Dedmon,C,SAS,76,1330,259,0,0,,161,259,0.622,2016-2017
dekkesa01,Sam Dekker,PF,HOU,77,1419,429,60,187,0.321,143,242,0.591,2016-2017
delanma01,Malcolm Delaney,PG,ATL,73,1248,388,26,110,0.236,119,278,0.428,2016-2017
dellama01,Matthew Dellavedova,PG,MIL,76,1986,534,79,215,0.367,129,319,0.404,2016-2017
denglu01,Luol Deng,SF,LAL,56,1486,424,51,165,0.309,113,259,0.436,2016-2017
derozde01,DeMar DeRozan,SG,TOR,74,2620,1545,33,124,0.266,688,1421,0.484,2016-2017
diallch01,Cheick Diallo,PF,NOP,17,199,76,0,0,,36,76,0.474,2016-2017
diawbo01,Boris Diaw,PF,UTA,73,1283,327,20,81,0.247,126,246,0.512,2016-2017
dienggo01,Gorgui Dieng,PF,MIN,82,2653,661,16,43,0.372,316,618,0.511,2016-2017
dinwisp01,Spencer Dinwiddie,PG,BRK,59,1334,302,38,101,0.376,96,201,0.478,2016-2017
douglto01,Toney Douglas,PG,MEM,24,394,117,7,42,0.167,36,75,0.48,2016-2017
dragigo01,Goran Dragić,PG,MIA,73,2459,1124,117,289,0.405,417,835,0.499,2016-2017
drumman01,Andre Drummond,C,DET,81,2409,911,2,7,0.286,481,904,0.532,2016-2017
dudleja01,Jared Dudley,PF,PHO,64,1362,346,77,203,0.379,80,143,0.559,2016-2017
dunlemi02,Mike Dunleavy,SF,TOT,53,841,220,53,134,0.396,40,86,0.465,2016-2017
dunnkr01,Kris Dunn,PG,MIN,78,1333,313,21,73,0.288,97,240,0.404,2016-2017
duranke01,Kevin Durant,PF,GSW,62,2070,1026,117,312,0.375,434,714,0.608,2016-2017
eddieja01,Jarell Eddie,SF,PHO,5,62,19,4,16,0.25,2,3,0.667,2016-2017
ellenhe01,Henry Ellenson,PF,DET,19,146,64,10,35,0.286,13,29,0.448,2016-2017
ellinwa01,Wayne Ellington,SG,MIA,62,1500,555,149,394,0.378,82,161,0.509,2016-2017
ellismo01,Monta Ellis,SG,IND,74,1998,557,43,135,0.319,204,422,0.483,2016-2017
embiijo01,Joel Embiid,C,PHI,31,786,429,36,98,0.367,164,331,0.495,2016-2017
ennisja01,James Ennis,SF,MEM,64,1501,321,51,137,0.372,95,184,0.516,2016-2017
ennisty01,Tyler Ennis,PG,TOT,53,588,208,27,70,0.386,63,138,0.457,2016-2017
evansty01,Tyreke Evans,SF,TOT,40,788,370,42,118,0.356,108,252,0.429,2016-2017
exumda01,Dante Exum,PG,UTA,66,1228,363,44,149,0.295,111,214,0.519,2016-2017
farieke01,Kenneth Faried,PF,DEN,61,1296,416,0,6,0.0,228,410,0.556,2016-2017
farmajo01,Jordan Farmar,PG,SAC,2,35,12,4,9,0.444,0,3,0.0,2016-2017
favorde01,Derrick Favors,PF,UTA,50,1186,417,3,10,0.3,200,407,0.491,2016-2017
feldeka01,Kay Felder,PG,CLE,42,386,158,7,22,0.318,55,136,0.404,2016-2017
feliccr01,Cristiano Felício,C,CHI,66,1040,221,0,0,,128,221,0.579,2016-2017
feltora01,Raymond Felton,PG,LAC,80,1700,514,46,144,0.319,175,370,0.473,2016-2017
ferreyo01,Yogi Ferrell,PG,TOT,46,1197,394,68,176,0.386,92,218,0.422,2016-2017
finnedo01,Dorian Finney-Smith,PF,DAL,81,1642,333,56,191,0.293,68,142,0.479,2016-2017
forbebr01,Bryn Forbes,SG,SAS,36,285,99,17,53,0.321,19,46,0.413,2016-2017
fournev01,Evan Fournier,SG,ORL,68,2234,930,128,360,0.356,280,570,0.491,2016-2017
foyera01,Randy Foye,SG,BRK,69,1284,325,67,203,0.33,51,122,0.418,2016-2017
fraziti01,Tim Frazier,PG,NOP,65,1525,404,40,128,0.313,123,276,0.446,2016-2017
fryech01,Channing Frye,C,CLE,74,1398,520,137,335,0.409,101,185,0.546,2016-2017
gallida01,Danilo Gallinari,SF,DEN,63,2134,750,126,324,0.389,209,426,0.491,2016-2017
gallola01,Langston Galloway,PG,TOT,74,1495,545,120,308,0.39,87,237,0.367,2016-2017
garinpa01,Patricio Garino,SG,ORL,5,43,7,0,5,0.0,0,2,0.0,2016-2017
gasolma01,Marc Gasol,C,MEM,74,2531,1160,104,268,0.388,428,892,0.48,2016-2017
gasolpa01,Pau Gasol,C,SAS,64,1627,604,56,104,0.538,247,500,0.494,2016-2017
gayru01,Rudy Gay,SF,SAC,30,1013,442,42,113,0.372,159,329,0.483,2016-2017
gbinimi01,Michael Gbinije,SG,DET,9,32,10,0,4,0.0,1,6,0.167,2016-2017
geeal01,Alonzo Gee,SF,DEN,13,89,14,0,3,0.0,3,11,0.273,2016-2017
georgpa01,Paul George,SF,IND,75,2689,1348,195,496,0.393,427,852,0.501,2016-2017
georgma01,Marcus Georges-Hunt,SG,ORL,5,48,7,1,2,0.5,1,5,0.2,2016-2017
gibsojo01,Jonathan Gibson,PG,DAL,17,231,95,15,45,0.333,20,50,0.4,2016-2017
gibsota01,Taj Gibson,PF,TOT,78,1989,709,3,13,0.231,362,696,0.52,2016-2017
ginobma01,Manu Ginóbili,SG,SAS,69,1291,439,89,227,0.392,82,212,0.387,2016-2017
goberru01,Rudy Gobert,C,UTA,81,2744,625,0,1,0.0,413,624,0.662,2016-2017
goodwar01,Archie Goodwin,SG,TOT,15,214,66,5,15,0.333,31,51,0.608,2016-2017
gordoaa01,Aaron Gordon,SF,ORL,80,2298,865,77,267,0.288,316,598,0.528,2016-2017
gordoer01,Eric Gordon,SG,HOU,75,2323,1016,246,661,0.372,166,355,0.468,2016-2017
gortama01,Marcin Gortat,C,WAS,82,2556,674,0,2,0.0,390,672,0.58,2016-2017
grahatr01,Treveon Graham,SG,CHO,27,189,40,9,15,0.6,10,25,0.4,2016-2017
grantje01,Jerami Grant,PF,TOT,80,1531,328,43,116,0.371,109,212,0.514,2016-2017
grantje02,Jerian Grant,PG,CHI,63,1028,301,49,134,0.366,79,167,0.473,2016-2017
greenda02,Danny Green,SG,SAS,68,1807,449,118,311,0.379,58,138,0.42,2016-2017
greendr01,Draymond Green,PF,GSW,76,2471,650,81,263,0.308,191,387,0.494,2016-2017
greenge01,Gerald Green,SF,BOS,47,538,232,39,111,0.351,56,121,0.463,2016-2017
greenja01,JaMychal Green,PF,MEM,77,2101,500,55,145,0.379,195,355,0.549,2016-2017
greenje02,Jeff Green,PF,ORL,69,1534,558,53,193,0.275,167,365,0.458,2016-2017
griffbl01,Blake Griffin,PF,LAC,61,2076,971,38,113,0.336,441,858,0.514,2016-2017
hamilju01,Justin Hamilton,C,BRK,64,1177,379,55,180,0.306,119,199,0.598,2016-2017
hammoaj01,A.J. Hammons,C,DAL,22,163,42,5,10,0.5,12,32,0.375,2016-2017
hardati02,Tim Hardaway Jr.,SG,ATL,79,2154,912,149,417,0.357,266,495,0.537,2016-2017
hardeja01,James Harden,PG,HOU,81,2947,1533,262,756,0.347,412,777,0.53,2016-2017
harklma01,Maurice Harkless,SF,POR,77,2223,624,68,194,0.351,246,430,0.572,2016-2017
harpeju01,Justin Harper,PF,PHI,3,31,12,2,7,0.286,3,5,0.6,2016-2017
harremo01,Montrezl Harrell,C,HOU,58,1064,345,1,7,0.143,224,338,0.663,2016-2017
harride01,Devin Harris,PG,DAL,65,1087,341,58,177,0.328,78,164,0.476,2016-2017
harriga01,Gary Harris,SG,DEN,57,1782,637,107,255,0.42,213,382,0.558,2016-2017
harrijo01,Joe Harris,SG,BRK,52,1138,362,85,221,0.385,69,141,0.489,2016-2017
harrima01,Manny Harris,SG,DAL,4,25,15,0,2,0.0,3,13,0.231,2016-2017
harrito02,Tobias Harris,PF,DET,82,2567,1063,109,314,0.347,402,749,0.537,2016-2017
harriaa01,Aaron Harrison,SG,CHO,5,17,4,0,2,0.0,0,2,0.0,2016-2017
harrian01,Andrew Harrison,PG,MEM,72,1474,360,43,156,0.276,74,204,0.363,2016-2017
hasleud01,Udonis Haslem,C,MIA,16,130,23,0,3,0.0,11,20,0.55,2016-2017
hawessp01,Spencer Hawes,PF,TOT,54,797,277,25,81,0.309,109,196,0.556,2016-2017
haywago01,Gordon Hayward,SF,UTA,73,2516,1156,149,374,0.398,396,782,0.506,2016-2017
hendege02,Gerald Henderson,SG,PHI,72,1667,553,61,173,0.353,173,380,0.455,2016-2017
hensojo01,John Henson,C,MIL,58,1123,309,0,1,0.0,159,308,0.516,2016-2017
hernaju01,Juan Hernangómez,PF,DEN,62,842,224,46,113,0.407,55,111,0.495,2016-2017
hernawi01,Willy Hernangómez,C,NYK,72,1324,465,4,15,0.267,242,450,0.538,2016-2017
hezonma01,Mario Hezonja,SF,ORL,65,960,330,43,144,0.299,74,186,0.398,2016-2017
hibbero01,Roy Hibbert,C,TOT,48,682,147,0,0,,80,147,0.544,2016-2017
hieldbu01,Buddy Hield,SG,TOT,82,1888,767,148,379,0.391,179,388,0.461,2016-2017
hilarne01,Nenê,C,HOU,67,1198,397,3,9,0.333,242,388,0.624,2016-2017
hillge01,George Hill,PG,UTA,49,1544,606,94,233,0.403,195,373,0.523,2016-2017
hilljo01,Jordan Hill,C,MIN,7,47,13,0,0,,5,13,0.385,2016-2017
hillso01,Solomon Hill,SF,NOP,80,2374,478,94,270,0.348,89,208,0.428,2016-2017
hillida01,Darrun Hilliard,SG,DET,39,381,126,12,46,0.261,35,80,0.438,2016-2017
holidjr01,Jrue Holiday,PG,NOP,67,2190,893,100,281,0.356,305,612,0.498,2016-2017
holidju01,Justin Holiday,SG,NYK,82,1639,538,97,273,0.355,136,265,0.513,2016-2017
holliro01,Rondae Hollis-Jefferson,SF,BRK,78,1761,542,15,67,0.224,220,475,0.463,2016-2017
holmeri01,Richaun Holmes,C,PHI,57,1193,412,27,77,0.351,203,335,0.606,2016-2017
hoodro01,Rodney Hood,SG,UTA,59,1593,666,114,307,0.371,158,359,0.44,2016-2017
horfoal01,Al Horford,C,BOS,68,2193,801,86,242,0.355,293,559,0.524,2016-2017
houseda01,Danuel House,SG,WAS,1,1,0,0,0,,0,0,,2016-2017
howardw01,Dwight Howard,C,ATL,74,2199,613,0,2,0.0,388,611,0.635,2016-2017
huertma01,Marcelo Huertas,PG,LAL,23,237,68,4,19,0.211,21,49,0.429,2016-2017
huestjo01,Josh Huestis,PF,OKC,2,31,11,2,4,0.5,4,7,0.571,2016-2017
humphkr01,Kris Humphries,PF,ATL,56,689,214,19,54,0.352,68,160,0.425,2016-2017
hunterj01,R.J. Hunter,SG,CHI,3,9,1,0,1,0.0,0,0,,2016-2017
ibakase01,Serge Ibaka,PF,TOT,79,2422,982,124,317,0.391,347,665,0.522,2016-2017
iguodan01,Andre Iguodala,SF,GSW,76,1998,415,64,177,0.362,155,238,0.651,2016-2017
ilyaser01,Ersan İlyasova,PF,TOT,82,2142,890,142,402,0.353,242,488,0.496,2016-2017
inglejo01,Joe Ingles,SF,UTA,82,1972,451,123,279,0.441,81,172,0.471,2016-2017
ingrabr01,Brandon Ingram,SF,LAL,79,2279,686,55,187,0.294,221,499,0.443,2016-2017
irvinky01,Kyrie Irving,PG,CLE,72,2525,1420,177,441,0.401,494,979,0.505,2016-2017
jackja01,Jarrett Jack,PG,NOP,2,33,3,0,1,0.0,2,2,1.0,2016-2017
jacksde01,Demetrius Jackson,PG,BOS,5,17,4,1,1,1.0,2,3,0.667,2016-2017
jackspi01,Pierre Jackson,PG,DAL,8,84,39,3,11,0.273,10,28,0.357,2016-2017
jacksre01,Reggie Jackson,PG,DET,52,1424,677,66,184,0.359,218,493,0.442,2016-2017
jamesle01,LeBron James,SF,CLE,74,2794,1344,124,342,0.363,612,1002,0.611,2016-2017
jeffeal01,Al Jefferson,C,IND,66,931,471,0,1,0.0,235,470,0.5,2016-2017
jefferi01,Richard Jefferson,SF,CLE,79,1614,343,62,186,0.333,91,157,0.58,2016-2017
jenkijo01,John Jenkins,SG,PHO,4,13,5,1,2,0.5,1,3,0.333,2016-2017
jennibr01,Brandon Jennings,PG,TOT,81,1802,535,79,252,0.313,113,283,0.399,2016-2017
jerebjo01,Jonas Jerebko,PF,BOS,78,1232,262,45,130,0.346,69,132,0.523,2016-2017
johnsam01,Amir Johnson,PF,BOS,80,1608,370,27,66,0.409,186,304,0.612,2016-2017
johnsbr02,Brice Johnson,PF,LAC,3,9,7,0,0,,2,7,0.286,2016-2017
johnsja01,James Johnson,PF,MIA,76,2085,769,87,256,0.34,281,513,0.548,2016-2017
johnsjo02,Joe Johnson,SF,UTA,78,1843,626,106,258,0.411,167,368,0.454,2016-2017
johnsst04,Stanley Johnson,SF,DET,77,1371,365,45,154,0.292,84,211,0.398,2016-2017
johnsty01,Tyler Johnson,PG,MIA,73,2178,824,93,250,0.372,264,574,0.46,2016-2017
johnswe01,Wesley Johnson,SF,LAC,68,810,200,29,118,0.246,44,82,0.537,2016-2017
jokicni01,Nikola Jokić,C,DEN,73,2038,854,45,139,0.324,449,715,0.628,2016-2017
jonesda02,Dahntay Jones,SF,CLE,1,12,8,0,2,0.0,3,6,0.5,2016-2017
jonesda03,Damian Jones,C,GSW,10,85,16,0,0,,8,16,0.5,2016-2017
jonesde02,Derrick Jones Jr.,SF,PHO,32,545,121,3,11,0.273,65,110,0.591,2016-2017
jonesja02,James Jones,SF,CLE,48,381,92,31,66,0.47,13,26,0.5,2016-2017
joneste01,Terrence Jones,PF,TOT,54,1270,492,19,75,0.253,212,417,0.508,2016-2017
jonesty01,Tyus Jones,PG,MIN,60,774,181,26,73,0.356,49,108,0.454,2016-2017
jordade01,DeAndre Jordan,C,LAC,81,2570,577,0,2,0.0,412,575,0.717,2016-2017
josepco01,Cory Joseph,PG,TOR,80,2003,661,48,135,0.356,251,526,0.477,2016-2017
kaminfr01,Frank Kaminsky,C,CHO,75,1954,802,116,354,0.328,204,448,0.455,2016-2017
kanteen01,Enes Kanter,C,OKC,72,1533,737,5,38,0.132,397,699,0.568,2016-2017
kellyry01,Ryan Kelly,PF,ATL,16,110,28,4,10,0.4,4,18,0.222,2016-2017
kiddgmi01,Michael Kidd-Gilchrist,SF,CHO,81,2349,618,1,9,0.111,294,609,0.483,2016-2017
kilpase01,Sean Kilpatrick,SG,BRK,70,1754,735,105,308,0.341,200,427,0.468,2016-2017
knighbr03,Brandon Knight,SG,PHO,54,1140,525,45,139,0.324,164,386,0.425,2016-2017
korveky01,Kyle Korver,SG,TOT,67,1753,515,162,359,0.451,77,156,0.494,2016-2017
koufoko01,Kosta Koufos,C,SAC,71,1419,392,0,1,0.0,216,391,0.552,2016-2017
kuzmimi01,Mindaugas Kuzminskas,SF,NYK,68,1016,369,54,168,0.321,104,201,0.517,2016-2017
labissk01,Skal Labissière,PF,SAC,33,612,218,3,8,0.375,114,210,0.543,2016-2017
lambje01,Jeremy Lamb,SG,CHO,62,1143,491,41,146,0.281,185,345,0.536,2016-2017
laproni01,Nicolás Laprovíttola,PG,SAS,18,174,47,10,27,0.37,10,20,0.5,2016-2017
lauvejo01,Joffrey Lauvergne,PF,TOT,70,980,336,33,98,0.337,115,238,0.483,2016-2017
lavinza01,Zach LaVine,SG,MIN,47,1749,710,120,310,0.387,206,400,0.515,2016-2017
lawsoty01,Ty Lawson,PG,SAC,69,1732,522,34,118,0.288,203,404,0.502,2016-2017
laymaja01,Jake Layman,SF,POR,35,249,89,13,51,0.255,13,38,0.342,2016-2017
leeco01,Courtney Lee,SG,NYK,77,2459,704,108,269,0.401,213,435,0.49,2016-2017
leeda02,David Lee,PF,SAS,79,1477,420,0,0,,248,420,0.59,2016-2017
lenal01,Alex Len,C,PHO,77,1560,463,3,12,0.25,227,451,0.503,2016-2017
leonaka01,Kawhi Leonard,SF,SAS,74,2474,1312,147,387,0.38,489,925,0.529,2016-2017
leoname01,Meyers Leonard,PF,POR,74,1222,378,74,213,0.347,72,165,0.436,2016-2017
leuerjo01,Jon Leuer,PF,DET,75,1944,646,49,167,0.293,261,479,0.545,2016-2017
leverca01,Caris LeVert,SF,BRK,57,1237,380,59,184,0.321,112,196,0.571,2016-2017
liggide01,DeAndre Liggins,SG,TOT,62,777,142,17,46,0.37,38,96,0.396,2016-2017
lillada01,Damian Lillard,PG,POR,75,2694,1488,214,579,0.37,447,909,0.492,2016-2017
linje01,Jeremy Lin,PG,BRK,36,883,400,58,156,0.372,117,244,0.48,2016-2017
livinsh01,Shaun Livingston,PG,GSW,76,1345,316,1,3,0.333,172,313,0.55,2016-2017
longsh01,Shawn Long,C,PHI,18,234,109,7,19,0.368,54,90,0.6,2016-2017
looneke01,Kevon Looney,C,GSW,53,447,107,2,9,0.222,54,98,0.551,2016-2017
lopezbr01,Brook Lopez,C,BRK,75,2222,1172,134,387,0.346,421,785,0.536,2016-2017
lopezro01,Robin Lopez,C,CHI,81,2271,775,0,2,0.0,382,773,0.494,2016-2017
loveke01,Kevin Love,PF,CLE,60,1885,867,145,389,0.373,225,478,0.471,2016-2017
lowryky01,Kyle Lowry,PG,TOR,60,2244,918,193,468,0.412,233,450,0.518,2016-2017
lucasjo02,John Lucas III,PG,MIN,5,11,4,0,1,0.0,1,3,0.333,2016-2017
luwawti01,Timothé Luwawu-Cabarrot,SF,PHI,69,1190,361,50,161,0.311,95,200,0.475,2016-2017
lylestr01,Trey Lyles,PF,UTA,71,1158,439,65,204,0.319,94,235,0.4,2016-2017
mcclesh01,Sheldon Mac,SG,WAS,30,287,75,7,30,0.233,23,45,0.511,2016-2017
macksh01,Shelvin Mack,PG,UTA,55,1205,381,37,120,0.308,133,261,0.51,2016-2017
mahinia01,Ian Mahinmi,C,WAS,31,555,111,0,0,,65,111,0.586,2016-2017
makerth01,Thon Maker,C,MIL,57,562,181,28,74,0.378,55,107,0.514,2016-2017
marjabo01,Boban Marjanović,C,DET,35,293,132,0,0,,72,132,0.545,2016-2017
martija01,Jarell Martin,PF,MEM,42,558,151,9,25,0.36,49,126,0.389,2016-2017
matthwe02,Wesley Matthews,SG,DAL,73,2495,847,174,479,0.363,159,368,0.432,2016-2017
mbahalu01,Luc Mbah a Moute,SF,LAC,80,1787,378,43,110,0.391,148,268,0.552,2016-2017
mcadoja01,James Michael McAdoo,PF,GSW,52,457,117,2,8,0.25,60,109,0.55,2016-2017
mccawpa01,Patrick McCaw,SG,GSW,71,1074,245,41,123,0.333,65,122,0.533,2016-2017
mccolcj01,CJ McCollum,SG,POR,80,2796,1441,185,439,0.421,507,1002,0.506,2016-2017
mccontj01,T.J. McConnell,PG,PHI,81,2133,512,11,55,0.2,225,457,0.492,2016-2017
mcculch01,Chris McCullough,PF,TOT,16,80,32,1,7,0.143,15,25,0.6,2016-2017
mcdankj01,K.J. McDaniels,SF,TOT,49,505,169,20,66,0.303,57,103,0.553,2016-2017
mcderdo01,Doug McDermott,SF,TOT,66,1508,497,77,208,0.37,145,289,0.502,2016-2017
mcgeeja01,JaVale McGee,C,GSW,77,739,319,0,3,0.0,208,316,0.658,2016-2017
mcgruro01,Rodney McGruder,SG,MIA,78,1966,460,73,220,0.332,117,240,0.488,2016-2017
mclembe01,Ben McLemore,SG,SAC,61,1176,419,65,170,0.382,115,249,0.462,2016-2017
mcraejo01,Jordan McRae,SG,CLE,37,384,150,18,51,0.353,40,99,0.404,2016-2017
mcrobjo01,Josh McRoberts,PF,MIA,22,381,118,13,31,0.419,31,87,0.356,2016-2017
meeksjo01,Jodie Meeks,SG,ORL,36,738,256,56,137,0.409,47,119,0.395,2016-2017
mejrisa01,Salah Mejri,C,DAL,73,905,137,1,3,0.333,87,134,0.649,2016-2017
mickejo01,Jordan Mickey,PF,BOS,25,141,34,0,1,0.0,15,33,0.455,2016-2017
middlkh01,Khris Middleton,SF,MIL,29,889,333,45,104,0.433,105,229,0.459,2016-2017
milescj01,C.J. Miles,SF,IND,76,1776,647,169,409,0.413,112,238,0.471,2016-2017
millemi01,Mike Miller,SF,DEN,20,151,23,8,20,0.4,1,3,0.333,2016-2017
millspa02,Patty Mills,PG,SAS,80,1754,621,147,355,0.414,126,266,0.474,2016-2017
millsel01,Elijah Millsap,SG,PHO,2,23,7,0,2,0.0,1,5,0.2,2016-2017
millspa01,Paul Millsap,PF,ATL,69,2343,972,75,241,0.311,355,731,0.486,2016-2017
mirotni01,Nikola Mirotić,PF,CHI,70,1679,625,129,377,0.342,129,248,0.52,2016-2017
monrogr01,Greg Monroe,C,MIL,81,1823,726,0,4,0.0,387,722,0.536,2016-2017
mooreet01,E'Twaun Moore,SG,NOP,73,1820,619,77,208,0.37,206,411,0.501,2016-2017
morrima03,Marcus Morris,SF,DET,79,2565,1007,118,357,0.331,303,650,0.466,2016-2017
morrima02,Markieff Morris,PF,WAS,76,2374,889,71,196,0.362,335,693,0.483,2016-2017
morroan01,Anthony Morrow,SG,TOT,49,714,252,41,133,0.308,57,119,0.479,2016-2017
motiedo01,Donatas Motiejūnas,PF,NOP,34,479,138,11,47,0.234,46,91,0.505,2016-2017
mozgoti01,Timofey Mozgov,C,LAL,54,1104,328,0,1,0.0,169,327,0.517,2016-2017
mudiaem01,Emmanuel Mudiay,PG,DEN,55,1406,551,56,178,0.315,152,373,0.408,2016-2017
muhamsh01,Shabazz Muhammad,SF,MIN,78,1516,598,49,145,0.338,239,453,0.528,2016-2017
murrade01,Dejounte Murray,PG,SAS,38,322,116,9,23,0.391,41,93,0.441,2016-2017
murraja01,Jamal Murray,SG,DEN,82,1764,730,115,344,0.334,180,386,0.466,2016-2017
muscami01,Mike Muscala,C,ATL,70,1237,337,46,110,0.418,124,227,0.546,2016-2017
nancela02,Larry Nance Jr.,PF,LAL,63,1442,361,10,36,0.278,180,325,0.554,2016-2017
napiesh01,Shabazz Napier,PG,POR,53,512,183,34,92,0.37,39,91,0.429,2016-2017
ndourma01,Maurice Ndour,PF,NYK,32,331,86,1,7,0.143,38,79,0.481,2016-2017
nealga01,Gary Neal,SG,ATL,2,18,7,0,2,0.0,0,5,0.0,2016-2017
nelsoja01,Jameer Nelson,PG,DEN,75,2045,604,106,273,0.388,162,331,0.489,2016-2017
netora01,Raul Neto,PG,UTA,40,346,91,10,31,0.323,31,60,0.517,2016-2017
niangge01,Georges Niang,PF,IND,23,93,36,1,12,0.083,8,24,0.333,2016-2017
nichoan01,Andrew Nicholson,PF,TOT,38,342,111,5,27,0.185,38,84,0.452,2016-2017
noahjo01,Joakim Noah,C,NYK,46,1015,202,0,1,0.0,99,201,0.493,2016-2017
noelne01,Nerlens Noel,C,TOT,51,1047,309,0,1,0.0,184,308,0.597,2016-2017
noguelu01,Lucas Nogueira,C,TOR,57,1088,156,3,12,0.25,100,144,0.694,2016-2017
novakst01,Steve Novak,PF,MIL,8,22,7,1,6,0.167,1,1,1.0,2016-2017
nowitdi01,Dirk Nowitzki,PF,DAL,54,1424,678,79,209,0.378,217,469,0.463,2016-2017
nurkiju01,Jusuf Nurkić,C,TOT,65,1391,534,0,1,0.0,271,533,0.508,2016-2017
nwabada01,David Nwaba,SG,LAL,20,397,81,1,5,0.2,46,76,0.605,2016-2017
obryajo01,Johnny O'Bryant,PF,TOT,11,80,30,3,6,0.5,12,24,0.5,2016-2017
oquinky01,Kyle O'Quinn,C,NYK,79,1229,413,2,17,0.118,213,396,0.538,2016-2017
ochefda01,Daniel Ochefu,C,WAS,19,75,27,0,0,,12,27,0.444,2016-2017
okafoja01,Jahlil Okafor,C,PHI,50,1134,471,0,0,,242,471,0.514,2016-2017
oladivi01,Victor Oladipo,SG,OKC,67,2222,932,127,352,0.361,285,580,0.491,2016-2017
olynyke01,Kelly Olynyk,C,BOS,75,1538,508,68,192,0.354,192,316,0.608,2016-2017
onuakar01,Arinze Onuaku,C,ORL,8,28,4,0,0,,2,4,0.5,2016-2017
onuakch01,Chinanu Onuaku,C,HOU,5,52,7,0,0,,5,7,0.714,2016-2017
oubreke01,Kelly Oubre Jr.,SF,WAS,79,1605,442,54,188,0.287,132,254,0.52,2016-2017
pachuza01,Zaza Pachulia,C,GSW,70,1268,307,0,2,0.0,164,305,0.538,2016-2017
papagge01,Georgios Papagiannis,C,SAC,22,355,102,0,2,0.0,56,100,0.56,2016-2017
parkeja01,Jabari Parker,PF,MIL,51,1728,814,65,178,0.365,334,636,0.525,2016-2017
parketo01,Tony Parker,PG,SAS,63,1587,569,23,69,0.333,242,500,0.484,2016-2017
parsoch01,Chandler Parsons,SF,MEM,34,675,222,25,93,0.269,50,129,0.388,2016-2017
pattela01,Lamar Patterson,SG,ATL,5,40,15,1,6,0.167,2,9,0.222,2016-2017
pattepa01,Patrick Patterson,PF,TOR,65,1599,384,94,253,0.372,60,131,0.458,2016-2017
paulch01,Chris Paul,PG,LAC,61,1921,785,124,302,0.411,250,483,0.518,2016-2017
paynead01,Adreian Payne,PF,MIN,18,135,54,3,15,0.2,20,39,0.513,2016-2017
payneca01,Cameron Payne,PG,TOT,31,462,193,27,86,0.314,37,107,0.346,2016-2017
paytoel01,Elfrid Payton,PG,ORL,82,2412,912,40,146,0.274,390,766,0.509,2016-2017
paytoga02,Gary Payton II,PG,MIL,6,99,22,1,9,0.111,7,13,0.538,2016-2017
piercpa01,Paul Pierce*,SF,LAC,25,277,70,15,43,0.349,13,27,0.481,2016-2017
plumlma02,Marshall Plumlee,C,NYK,21,170,30,0,0,,16,30,0.533,2016-2017
plumlma01,Mason Plumlee,C,TOT,81,2148,623,0,6,0.0,334,617,0.541,2016-2017
plumlmi01,Miles Plumlee,C,TOT,45,484,92,0,0,,44,92,0.478,2016-2017
poeltja01,Jakob Poeltl,C,TOR,54,626,115,0,0,,67,115,0.583,2016-2017
porteot01,Otto Porter,SF,WAS,80,2605,803,148,341,0.434,266,462,0.576,2016-2017
portibo01,Bobby Portis,PF,CHI,64,1000,375,32,96,0.333,151,279,0.541,2016-2017
porzikr01,Kristaps Porziņģis,PF,NYK,66,2164,985,112,314,0.357,331,671,0.493,2016-2017
poweldw01,Dwight Powell,C,DAL,77,1333,377,21,74,0.284,173,303,0.571,2016-2017
powelno01,Norman Powell,SG,TOR,76,1368,506,56,173,0.324,171,333,0.514,2016-2017
poythal01,Alex Poythress,PF,PHI,6,157,54,6,19,0.316,19,35,0.543,2016-2017
pricero01,Ronnie Price,PG,PHO,14,134,24,3,17,0.176,1,7,0.143,2016-2017
princta02,Taurean Prince,SF,ATL,59,981,285,33,102,0.324,81,183,0.443,2016-2017
quartti01,Tim Quarterman,SG,POR,16,80,29,5,13,0.385,8,16,0.5,2016-2017
randlch01,Chasson Randle,PG,TOT,26,299,98,16,47,0.34,24,51,0.471,2016-2017
randlju01,Julius Randle,PF,LAL,74,2132,773,17,63,0.27,360,710,0.507,2016-2017
randoza01,Zach Randolph,PF,MEM,73,1786,964,21,94,0.223,412,870,0.474,2016-2017
redicjj01,J.J. Redick,SG,LAC,78,2198,890,201,468,0.429,195,422,0.462,2016-2017
reedwi02,Willie Reed,C,MIA,71,1031,285,1,4,0.25,161,281,0.573,2016-2017
richajo01,Josh Richardson,SG,MIA,53,1614,513,75,227,0.33,127,286,0.444,2016-2017
richama01,Malachi Richardson,SG,SAC,22,198,68,8,28,0.286,20,40,0.5,2016-2017
riverau01,Austin Rivers,SG,LAC,74,2054,731,111,299,0.371,212,432,0.491,2016-2017
roberan03,Andre Roberson,SF,OKC,79,2376,463,45,184,0.245,170,279,0.609,2016-2017
roberbr01,Brian Roberts,PG,CHO,41,416,122,17,44,0.386,29,78,0.372,2016-2017
robingl02,Glenn Robinson III,SF,IND,69,1427,338,49,125,0.392,109,213,0.512,2016-2017
robinth01,Thomas Robinson,PF,LAL,48,560,196,0,1,0.0,105,195,0.538,2016-2017
rodrise01,Sergio Rodríguez,PG,PHI,68,1518,536,92,252,0.365,118,284,0.415,2016-2017
rondora01,Rajon Rondo,PG,CHI,69,1843,561,50,133,0.376,179,428,0.418,2016-2017
rosede01,Derrick Rose,PG,NYK,64,2082,977,13,60,0.217,447,917,0.487,2016-2017
rosste01,Terrence Ross,SF,TOT,78,1955,746,142,391,0.363,184,355,0.518,2016-2017
roziete01,Terry Rozier,PG,BOS,74,1263,411,57,179,0.318,94,232,0.405,2016-2017
rubiori01,Ricky Rubio,PG,MIN,75,2469,650,60,196,0.306,201,454,0.443,2016-2017
rudezda01,Damjan Rudež,SF,ORL,45,314,88,20,64,0.313,11,24,0.458,2016-2017
rushbr01,Brandon Rush,SG,MIN,47,1030,187,44,114,0.386,26,73,0.356,2016-2017
russeda01,D'Angelo Russell,PG,LAL,63,1811,867,135,384,0.352,216,483,0.447,2016-2017
sabondo01,Domantas Sabonis,PF,OKC,81,1632,481,51,159,0.321,141,322,0.438,2016-2017
sandela01,Larry Sanders,C,CLE,5,13,4,0,0,,1,4,0.25,2016-2017
saricda01,Dario Šarić,PF,PHI,81,2129,927,106,341,0.311,275,586,0.469,2016-2017
satorto01,Tomáš Satoranský,SG,WAS,57,719,147,9,37,0.243,52,110,0.473,2016-2017
schrode01,Dennis Schröder,PG,ATL,79,2485,1214,100,294,0.34,448,920,0.487,2016-2017
scolalu01,Luis Scola,PF,BRK,36,461,151,17,50,0.34,54,101,0.535,2016-2017
scottmi01,Mike Scott,PF,ATL,18,195,59,4,27,0.148,13,32,0.406,2016-2017
sefolth01,Thabo Sefolosha,SF,ATL,62,1596,395,41,120,0.342,133,275,0.484,2016-2017
seldewa01,Wayne Selden,SG,TOT,14,236,58,7,28,0.25,18,30,0.6,2016-2017
serapke01,Kevin Séraphin,PF,IND,49,559,198,0,2,0.0,109,196,0.556,2016-2017
sessira01,Ramon Sessions,PG,CHO,50,811,263,21,62,0.339,79,201,0.393,2016-2017
shumpim01,Iman Shumpert,SG,CLE,76,1937,489,94,261,0.36,107,228,0.469,2016-2017
siakapa01,Pascal Siakam,PF,TOR,55,859,205,1,7,0.143,102,198,0.515,2016-2017
simmojo02,Jonathon Simmons,SG,SAS,78,1392,421,30,102,0.294,147,319,0.461,2016-2017
singlky01,Kyle Singler,SF,OKC,32,385,83,7,37,0.189,27,46,0.587,2016-2017
smartma01,Marcus Smart,SG,BOS,79,2399,749,94,332,0.283,175,417,0.42,2016-2017
smithis01,Ish Smith,PG,DET,81,1955,749,28,105,0.267,301,644,0.467,2016-2017
smithjr01,J.R. Smith,SG,CLE,41,1187,356,95,271,0.351,28,85,0.329,2016-2017
smithja02,Jason Smith,C,WAS,74,1068,329,37,78,0.474,137,251,0.546,2016-2017
snellto01,Tony Snell,SG,MIL,80,2336,541,144,355,0.406,102,186,0.548,2016-2017
speigma01,Marreese Speights,C,LAC,82,1286,548,103,277,0.372,141,271,0.52,2016-2017
splitti01,Tiago Splitter,C,PHI,8,76,31,2,6,0.333,12,25,0.48,2016-2017
stausni01,Nik Stauskas,SG,PHI,80,2188,634,132,359,0.368,119,275,0.433,2016-2017
stephla01,Lance Stephenson,SG,TOT,18,361,120,6,20,0.3,48,100,0.48,2016-2017
stokeja01,Jarnell Stokes,C,DEN,2,7,1,0,0,,1,1,1.0,2016-2017
stonedi01,Diamond Stone,C,LAC,7,24,13,0,0,,3,13,0.231,2016-2017
stuckro01,Rodney Stuckey,PG,IND,39,696,244,19,60,0.317,72,184,0.391,2016-2017
sullija01,Jared Sullinger,PF,TOR,11,118,47,3,18,0.167,12,29,0.414,2016-2017
tavarwa01,Edy Tavares,C,TOT,2,28,5,0,0,,4,5,0.8,2016-2017
taylois01,Isaiah Taylor,PG,HOU,4,52,7,0,2,0.0,1,5,0.2,2016-2017
teaguje01,Jeff Teague,PG,IND,82,2657,909,90,252,0.357,312,657,0.475,2016-2017
teletmi01,Mirza Teletović,PF,MIL,70,1133,418,104,305,0.341,52,113,0.46,2016-2017
templga01,Garrett Temple,SG,SAC,65,1728,432,82,220,0.373,101,212,0.476,2016-2017
terryja01,Jason Terry,SG,MIL,74,1365,243,73,171,0.427,32,72,0.444,2016-2017
thomais02,Isaiah Thomas,PG,BOS,76,2569,1473,245,646,0.379,437,827,0.528,2016-2017
thomala01,Lance Thomas,PF,NYK,46,968,244,38,85,0.447,59,159,0.371,2016-2017
thompho01,Hollis Thompson,SG,TOT,40,752,200,32,95,0.337,45,105,0.429,2016-2017
thompkl01,Klay Thompson,SG,GSW,78,2649,1376,268,647,0.414,376,729,0.516,2016-2017
thomptr01,Tristan Thompson,C,CLE,78,2336,437,0,3,0.0,262,434,0.604,2016-2017
thornma01,Marcus Thornton,SG,WAS,33,575,210,28,80,0.35,56,130,0.431,2016-2017
tobeymi01,Mike Tobey,C,CHO,2,25,4,0,0,,1,4,0.25,2016-2017
tollian01,Anthony Tolliver,PF,SAC,65,1477,351,90,230,0.391,65,121,0.537,2016-2017
toupaax01,Axel Toupane,SF,TOT,4,47,9,1,4,0.25,4,5,0.8,2016-2017
townska01,Karl-Anthony Towns,C,MIN,82,3030,1480,101,275,0.367,701,1205,0.582,2016-2017
tuckepj01,P.J. Tucker,SF,TOT,81,2236,482,70,196,0.357,129,286,0.451,2016-2017
turneev01,Evan Turner,SF,POR,65,1658,552,31,118,0.263,204,434,0.47,2016-2017
turnemy01,Myles Turner,C,IND,81,2541,869,40,115,0.348,404,754,0.536,2016-2017
udrihbe01,Beno Udrih,PG,DET,39,560,197,11,32,0.344,81,165,0.491,2016-2017
ulisty01,Tyler Ulis,PG,PHO,61,1123,437,21,79,0.266,163,358,0.455,2016-2017
uthofja01,Jarrod Uthoff,PF,DAL,9,115,38,3,9,0.333,13,29,0.448,2016-2017
valanjo01,Jonas Valančiūnas,C,TOR,80,2066,702,1,2,0.5,390,700,0.557,2016-2017
valende01,Denzel Valentine,SG,CHI,57,976,288,73,208,0.351,29,80,0.363,2016-2017
vanvlfr01,Fred VanVleet,PG,TOR,37,294,111,11,29,0.379,28,82,0.341,2016-2017
varejan01,Anderson Varejão,C,GSW,14,92,14,0,0,,5,14,0.357,2016-2017
vasqugr01,Greivis Vásquez,PG,BRK,3,39,8,1,3,0.333,1,5,0.2,2016-2017
vaughra01,Rashad Vaughn,SG,MIL,41,458,156,26,81,0.321,31,75,0.413,2016-2017
vonleno01,Noah Vonleh,PF,POR,74,1265,270,7,20,0.35,123,250,0.492,2016-2017
vucevni01,Nikola Vučević,C,ORL,75,2163,1031,23,75,0.307,460,956,0.481,2016-2017
vujacsa01,Sasha Vujačić,SG,NYK,42,408,136,23,74,0.311,19,62,0.306,2016-2017
wadedw01,Dwyane Wade,SG,CHI,60,1792,955,45,145,0.31,369,810,0.456,2016-2017
waitedi01,Dion Waiters,SG,MIA,46,1384,663,85,215,0.395,196,448,0.438,2016-2017
walkeke02,Kemba Walker,PG,CHO,79,2739,1449,240,602,0.399,403,847,0.476,2016-2017
walljo01,John Wall,PG,WAS,78,2836,1435,89,272,0.327,558,1163,0.48,2016-2017
warretj01,T.J. Warren,SF,PHO,66,2048,814,26,98,0.265,377,716,0.527,2016-2017
watsocj01,C.J. Watson,PG,ORL,62,1012,248,32,105,0.305,64,143,0.448,2016-2017
weberbr01,Briante Weber,PG,TOT,20,205,60,1,10,0.1,24,50,0.48,2016-2017
westda01,David West,C,GSW,68,854,252,3,8,0.375,132,244,0.541,2016-2017
westbru01,Russell Westbrook,PG,OKC,81,2802,1941,200,583,0.343,624,1358,0.459,2016-2017
whiteok01,Okaro White,PF,MIA,35,471,87,12,34,0.353,21,53,0.396,2016-2017
whiteis01,Isaiah Whitehead,PG,BRK,73,1643,508,44,149,0.295,160,359,0.446,2016-2017
whiteha01,Hassan Whiteside,C,MIA,77,2513,973,0,0,,542,973,0.557,2016-2017
wiggian01,Andrew Wiggins,SF,MIN,82,3048,1570,103,289,0.356,606,1281,0.473,2016-2017
wilcocj01,C.J. Wilcox,SG,ORL,22,108,31,3,15,0.2,5,16,0.313,2016-2017
willial03,Alan Williams,C,PHO,47,708,267,0,1,0.0,138,266,0.519,2016-2017
willide01,Deron Williams,PG,TOT,64,1657,600,85,234,0.363,178,366,0.486,2016-2017
willide02,Derrick Williams,PF,TOT,50,804,244,30,97,0.309,78,147,0.531,2016-2017
willilo02,Lou Williams,SG,TOT,81,1994,998,163,446,0.365,265,552,0.48,2016-2017
willima02,Marvin Williams,PF,CHO,76,2295,704,124,354,0.35,173,350,0.494,2016-2017
willire02,Reggie Williams,SF,NOP,6,79,23,5,11,0.455,3,12,0.25,2016-2017
willitr02,Troy Williams,SF,TOT,30,557,167,18,62,0.29,55,105,0.524,2016-2017
wiltjky01,Kyle Wiltjer,PF,HOU,14,44,14,4,13,0.308,0,1,0.0,2016-2017
winslju01,Justise Winslow,SF,MIA,18,625,225,7,35,0.2,73,190,0.384,2016-2017
witheje01,Jeff Withey,C,UTA,51,432,103,0,1,0.0,55,102,0.539,2016-2017
woodch01,Christian Wood,PF,CHO,13,107,23,0,5,0.0,12,18,0.667,2016-2017
artesro01,Metta World Peace,SF,LAL,25,160,68,9,38,0.237,10,30,0.333,2016-2017
wrighbr03,Brandan Wright,PF,MEM,28,447,135,0,1,0.0,83,134,0.619,2016-2017
wrighde01,Delon Wright,PG,TOR,27,446,116,10,30,0.333,39,86,0.453,2016-2017
youngja01,James Young,SG,BOS,29,220,58,12,35,0.343,13,23,0.565,2016-2017
youngjo01,Joe Young,PG,IND,33,135,72,5,23,0.217,21,49,0.429,2016-2017
youngni01,Nick Young,SG,LAL,60,1556,633,170,421,0.404,102,212,0.481,2016-2017
youngth01,Thaddeus Young,PF,IND,74,2237,687,45,118,0.381,317,569,0.557,2016-2017
zelleco01,Cody Zeller,C,CHO,62,1725,443,0,1,0.0,253,442,0.572,2016-2017
zellety01,Tyler Zeller,C,BOS,51,525,158,0,1,0.0,78,157,0.497,2016-2017
zimmest01,Stephen Zimmerman,C,ORL,19,108,31,0,0,,10,31,0.323,2016-2017
zipsepa01,Paul Zipser,SF,CHI,44,843,221,33,99,0.333,55,122,0.451,2016-2017
zubaciv01,Ivica Zubac,C,LAL,38,609,238,0,3,0.0,126,235,0.536,2016-2017
