PlayerID,Player,Pos,Tm,G,MP,FGA,3P,3PA,3P%,2P,2PA,2P%,Season
abrinal01,Álex Abrines,SG,OKC,75,1134,291,84,221,0.38,31,70,0.443,2017-2018
acyqu01,Quincy Acy,PF,BRK,70,1359,365,102,292,0.349,28,73,0.384,2017-2018
adamsst01,Steven Adams,C,OKC,76,2487,712,0,2,0.0,448,710,0.631,2017-2018
adebaba01,Bam Adebayo,C,MIA,69,1368,340,0,7,0.0,174,333,0.523,2017-2018
afflaar01,Arron Afflalo,SG,ORL,53,682,162,27,70,0.386,38,92,0.413,2017-2018
aldrico01,Cole Aldrich,C,MIN,21,49,15,0,0,,5,15,0.333,2017-2018
aldrila01,LaMarcus Aldridge,C,SAS,75,2509,1347,27,92,0.293,660,1255,0.526,2017-2018
allenja01,Jarrett Allen,C,BRK,72,1441,397,5,15,0.333,229,382,0.599,2017-2018
allenka01,Kadeem Allen,PG,BOS,18,107,22,0,11,0.0,6,11,0.545,2017-2018
allento01,Tony Allen,SF,NOP,22,273,91,4,12,0.333,40,79,0.506,2017-2018
aminual01,Al-Farouq Aminu,PF,POR,69,2072,582,125,339,0.369,105,243,0.432,2017-2018
anderju01,Justin Anderson,SF,PHI,38,519,202,34,103,0.33,53,99,0.535,2017-2018
anderky01,Kyle Anderson,SF,SAS,74,1978,438,19,57,0.333,212,381,0.556,2017-2018
anderry01,Ryan Anderson,PF,HOU,66,1725,480,131,339,0.386,76,141,0.539,2017-2018
anigbik01,Ike Anigbogu,C,IND,11,30,9,0,0,,4,9,0.444,2017-2018
antetgi01,Giannis Antetokounmpo,PF,MIL,75,2756,1402,43,140,0.307,699,1262,0.554,2017-2018
anthoca01,Carmelo Anthony,PF,OKC,78,2501,1168,169,474,0.357,303,694,0.437,2017-2018
anunoog01,OG Anunoby,SF,TOR,74,1481,346,73,197,0.371,90,149,0.604,2017-2018
arcidry01,Ryan Arcidiacono,PG,CHI,24,304,41,9,31,0.29,8,10,0.8,2017-2018
arizatr01,Trevor Ariza,SF,HOU,67,2269,651,170,462,0.368,98,189,0.519,2017-2018
arthuda01,Darrell Arthur,PF,DEN,19,141,47,8,23,0.348,14,24,0.583,2017-2018
artisja01,Jamel Artis,SG,ORL,15,279,79,8,29,0.276,23,50,0.46,2017-2018
asikom01,Ömer Aşık,C,TOT,18,182,22,0,0,,9,22,0.409,2017-2018
augusdj01,D.J. Augustin,PG,ORL,75,1760,540,114,272,0.419,130,268,0.485,2017-2018
babbilu01,Luke Babbitt,SF,TOT,50,715,215,60,156,0.385,31,59,0.525,2017-2018
bacondw01,Dwayne Bacon,SG,CHO,53,713,192,11,43,0.256,61,149,0.409,2017-2018
bakerro01,Ron Baker,SG,NYK,29,385,59,11,33,0.333,9,26,0.346,2017-2018
baldwwa01,Wade Baldwin,PG,POR,7,80,21,4,5,0.8,10,16,0.625,2017-2018
balllo01,Lonzo Ball,PG,LAL,52,1780,564,90,295,0.305,113,269,0.42,2017-2018
bareajo01,J.J. Barea,PG,DAL,69,1603,690,115,313,0.367,188,377,0.499,2017-2018
barneha02,Harrison Barnes,PF,DAL,77,2634,1208,119,333,0.357,418,875,0.478,2017-2018
bartowi01,Will Barton,SG,DEN,81,2683,1028,156,422,0.37,309,606,0.51,2017-2018
batumni01,Nicolas Batum,SG,CHO,64,1981,650,92,274,0.336,178,376,0.473,2017-2018
bayleje01,Jerryd Bayless,SG,PHI,39,925,262,54,146,0.37,55,116,0.474,2017-2018
baynear01,Aron Baynes,C,BOS,81,1485,446,3,21,0.143,207,425,0.487,2017-2018
bazemke01,Kent Bazemore,SG,ATL,65,1789,676,108,274,0.394,176,402,0.438,2017-2018
bealbr01,Bradley Beal,SG,WAS,82,2977,1484,199,530,0.375,484,954,0.507,2017-2018
beaslma01,Malik Beasley,SG,DEN,62,583,178,28,82,0.341,45,96,0.469,2017-2018
beaslmi01,Michael Beasley,PF,NYK,74,1653,807,34,86,0.395,375,721,0.52,2017-2018
belinma01,Marco Belinelli,SG,TOT,80,1947,764,149,395,0.377,188,369,0.509,2017-2018
belljo01,Jordan Bell,C,GSW,57,809,185,0,4,0.0,116,181,0.641,2017-2018
bembrde01,DeAndre' Bembry,SF,ATL,26,455,128,11,30,0.367,42,98,0.429,2017-2018
bendedr01,Dragan Bender,PF,PHO,82,2069,484,118,322,0.366,69,162,0.426,2017-2018
bertada01,Dāvis Bertāns,PF,SAS,77,1086,366,94,252,0.373,67,114,0.588,2017-2018
beverpa01,Patrick Beverley,SG,LAC,11,334,119,24,60,0.4,24,59,0.407,2017-2018
birchkh01,Khem Birch,C,ORL,42,578,126,0,0,,68,126,0.54,2017-2018
birdja01,Jabari Bird,SG,BOS,13,115,26,3,7,0.429,12,19,0.632,2017-2018
biyombi01,Bismack Biyombo,C,ORL,82,1495,352,0,1,0.0,183,351,0.521,2017-2018
bjeline01,Nemanja Bjelica,PF,MIN,67,1371,371,76,183,0.415,95,188,0.505,2017-2018
blackta01,Tarik Black,C,HOU,51,536,127,1,11,0.091,74,116,0.638,2017-2018
blakean01,Antonio Blakeney,SG,CHI,19,314,143,15,52,0.288,38,91,0.418,2017-2018
bledser01,Eric Bledsoe,PG,TOT,74,2322,989,125,360,0.347,343,629,0.545,2017-2018
blueva01,Vander Blue,SG,LAL,5,45,5,0,2,0.0,1,3,0.333,2017-2018
bogdabo01,Bogdan Bogdanović,SG,SAC,78,2175,772,129,329,0.392,215,443,0.485,2017-2018
bogdabo02,Bojan Bogdanović,SF,IND,80,2464,852,155,386,0.402,249,466,0.534,2017-2018
bogutan01,Andrew Bogut,C,LAL,24,216,25,0,0,,17,25,0.68,2017-2018
bolomjo01,Joel Bolomboy,PF,MIL,6,38,6,0,1,0.0,3,5,0.6,2017-2018
bookede01,Devin Booker,SG,PHO,54,1865,1054,147,384,0.383,308,670,0.46,2017-2018
booketr01,Trevor Booker,PF,TOT,68,1158,343,8,33,0.242,169,310,0.545,2017-2018
bouchch01,Chris Boucher,PF,GSW,1,1,1,0,1,0.0,0,0,,2017-2018
bradlav01,Avery Bradley,SG,TOT,46,1433,625,75,203,0.369,184,422,0.436,2017-2018
bradlto01,Tony Bradley,C,UTA,9,29,11,0,1,0.0,3,10,0.3,2017-2018
breweco01,Corey Brewer,SF,TOT,72,1208,316,31,110,0.282,111,206,0.539,2017-2018
brogdma01,Malcolm Brogdon,PG,MIL,48,1436,503,62,161,0.385,182,342,0.532,2017-2018
brookaa01,Aaron Brooks,PG,MIN,32,189,69,11,31,0.355,17,38,0.447,2017-2018
brookdi01,Dillon Brooks,SF,MEM,82,2350,772,94,264,0.356,246,508,0.484,2017-2018
brookma01,MarShon Brooks,SG,MEM,7,193,102,19,32,0.594,32,70,0.457,2017-2018
brownan02,Anthony Brown,SF,MIN,1,4,1,1,1,1.0,0,0,,2017-2018
brownbo02,Bobby Brown,PG,HOU,20,115,58,11,40,0.275,8,18,0.444,2017-2018
brownja02,Jaylen Brown,SG,BOS,70,2152,803,121,306,0.395,252,497,0.507,2017-2018
brownlo01,Lorenzo Brown,PG,TOR,14,139,34,2,12,0.167,12,22,0.545,2017-2018
brownma02,Markel Brown,SG,HOU,4,31,7,1,5,0.2,1,2,0.5,2017-2018
brownst02,Sterling Brown,SG,MIL,54,776,205,32,91,0.352,50,114,0.439,2017-2018
brussni01,Nicolás Brussino,SF,ATL,4,10,2,0,2,0.0,0,0,,2017-2018
bryanth01,Thomas Bryant,C,LAL,15,72,21,1,10,0.1,7,11,0.636,2017-2018
bullore01,Reggie Bullock,SF,DET,62,1732,546,125,281,0.445,142,265,0.536,2017-2018
burketr01,Trey Burke,PG,NYK,36,785,384,38,105,0.362,155,279,0.556,2017-2018
burksal01,Alec Burks,SG,UTA,64,1059,414,47,142,0.331,123,272,0.452,2017-2018
butleji01,Jimmy Butler,SG,MIN,59,2164,921,70,200,0.35,367,721,0.509,2017-2018
buyckdw01,Dwight Buycks,PG,DET,29,427,198,15,45,0.333,67,153,0.438,2017-2018
cabocbr01,Bruno Caboclo,SF,TOT,12,107,31,3,17,0.176,6,14,0.429,2017-2018
caldejo01,José Calderón,PG,CLE,57,914,185,45,97,0.464,48,88,0.545,2017-2018
caldwke01,Kentavious Caldwell-Pope,SG,LAL,74,2458,798,159,415,0.383,181,383,0.473,2017-2018
canaais01,Isaiah Canaan,PG,TOT,20,422,137,22,66,0.333,30,71,0.423,2017-2018
capelca01,Clint Capela,C,HOU,74,2034,676,0,1,0.0,441,675,0.653,2017-2018
carrode01,DeMarre Carroll,PF,BRK,73,2180,785,145,391,0.371,180,394,0.457,2017-2018
cartevi01,Vince Carter,SF,SAC,58,1026,283,57,165,0.345,57,118,0.483,2017-2018
cartemi01,Michael Carter-Williams,PG,CHO,52,835,229,14,59,0.237,62,170,0.365,2017-2018
carusal01,Alex Caruso,PG,LAL,37,562,116,13,43,0.302,37,73,0.507,2017-2018
casspom01,Omri Casspi,SF,GSW,53,740,207,10,22,0.455,110,185,0.595,2017-2018
caulewi01,Willie Cauley-Stein,C,SAC,73,2044,773,3,12,0.25,385,761,0.506,2017-2018
cavanty01,Tyler Cavanaugh,PF,ATL,39,518,152,32,89,0.36,35,63,0.556,2017-2018
chalmma01,Mario Chalmers,PG,MEM,66,1421,443,53,191,0.277,115,252,0.456,2017-2018
chandty01,Tyson Chandler,C,PHO,46,1151,187,0,0,,121,187,0.647,2017-2018
chandwi01,Wilson Chandler,SF,DEN,74,2346,631,88,246,0.358,193,385,0.501,2017-2018
chrisma01,Marquese Chriss,PF,PHO,72,1527,477,56,190,0.295,146,287,0.509,2017-2018
clarkia01,Ian Clark,SG,NOP,74,1455,495,62,195,0.318,160,300,0.533,2017-2018
clarkjo01,Jordan Clarkson,SG,TOT,81,1888,954,112,318,0.352,318,636,0.5,2017-2018
clavegi01,Gian Clavell,SG,DAL,7,64,18,6,15,0.4,0,3,0.0,2017-2018
clevean01,Antonius Cleveland,SG,TOT,17,123,21,3,4,0.75,5,17,0.294,2017-2018
collijo01,John Collins,PF,ATL,74,1785,545,16,47,0.34,298,498,0.598,2017-2018
colliza01,Zach Collins,C,POR,66,1045,289,35,113,0.31,80,176,0.455,2017-2018
colliky01,Kyle Collinsworth,SF,DAL,32,480,99,4,17,0.235,34,82,0.415,2017-2018
collida01,Darren Collison,PG,IND,69,2018,638,96,205,0.468,220,433,0.508,2017-2018
collini01,Nick Collison,PF,OKC,15,75,19,0,0,,13,19,0.684,2017-2018
conlemi01,Mike Conley,PG,MEM,12,373,168,24,77,0.312,40,91,0.44,2017-2018
connapa01,Pat Connaughton,SG,POR,82,1488,390,74,210,0.352,91,180,0.506,2017-2018
cookqu01,Quinn Cook,PG,GSW,33,740,252,46,104,0.442,76,148,0.514,2017-2018
cookech01,Charles Cooke,SG,NOP,13,38,14,1,8,0.125,1,6,0.167,2017-2018
cooleja01,Jack Cooley,PF,SAC,7,87,27,0,0,,13,27,0.481,2017-2018
costema01,Matt Costello,C,SAS,4,32,4,0,0,,2,4,0.5,2017-2018
couside01,DeMarcus Cousins,C,NOP,48,1737,864,104,294,0.354,302,570,0.53,2017-2018
covinro01,Robert Covington,SF,PHI,80,2532,836,203,550,0.369,142,286,0.497,2017-2018
crabbal01,Allen Crabbe,SG,BRK,75,2197,827,201,532,0.378,136,295,0.461,2017-2018
craigto01,Torrey Craig,SF,DEN,39,629,137,17,58,0.293,45,79,0.57,2017-2018
crawfja01,Jamal Crawford,SG,MIN,80,1653,742,104,314,0.331,204,428,0.477,2017-2018
crawfjo02,Jordan Crawford,SG,NOP,5,53,27,8,14,0.571,4,13,0.308,2017-2018
crowdja01,Jae Crowder,SF,TOT,80,2090,671,110,341,0.323,161,330,0.488,2017-2018
cunnida01,Dante Cunningham,SF,TOT,73,1562,364,58,168,0.345,106,196,0.541,2017-2018
curryst01,Stephen Curry,PG,GSW,51,1631,864,212,501,0.423,216,363,0.595,2017-2018
danietr01,Troy Daniels,SG,PHO,79,1622,575,183,458,0.4,49,117,0.419,2017-2018
davisan02,Anthony Davis,PF,NOP,75,2727,1462,55,162,0.34,725,1300,0.558,2017-2018
davisde01,Deyonta Davis,C,MEM,62,943,265,0,0,,161,265,0.608,2017-2018
davised01,Ed Davis,C,POR,78,1471,292,0,1,0.0,170,291,0.584,2017-2018
dedmode01,Dewayne Dedmon,C,ATL,62,1542,477,50,141,0.355,200,336,0.595,2017-2018
dekkesa01,Sam Dekker,PF,LAC,73,883,259,10,60,0.167,118,199,0.593,2017-2018
delanma01,Malcolm Delaney,PG,ATL,54,1014,285,46,124,0.371,63,161,0.391,2017-2018
dellama01,Matthew Dellavedova,PG,MIL,38,712,152,29,78,0.372,26,74,0.351,2017-2018
denglu01,Luol Deng,SF,LAL,1,13,2,0,0,,1,2,0.5,2017-2018
derozde01,DeMar DeRozan,SG,TOR,80,2711,1413,89,287,0.31,556,1126,0.494,2017-2018
diallch01,Cheick Diallo,PF,NOP,52,581,176,0,0,,102,176,0.58,2017-2018
dienggo01,Gorgui Dieng,C,MIN,79,1333,388,19,61,0.311,167,327,0.511,2017-2018
dinwisp01,Spencer Dinwiddie,PG,BRK,80,2306,838,141,433,0.326,183,405,0.452,2017-2018
dorsety01,Tyler Dorsey,SG,ATL,56,974,382,72,199,0.362,72,183,0.393,2017-2018
dotsoda01,Damyean Dotson,SG,NYK,44,474,161,22,68,0.324,50,93,0.538,2017-2018
doylemi01,Milton Doyle,SG,BRK,10,125,47,4,23,0.174,9,24,0.375,2017-2018
doziepj01,PJ Dozier,PG,OKC,2,3,2,0,0,,1,2,0.5,2017-2018
dragigo01,Goran Dragić,PG,MIA,75,2378,1075,111,300,0.37,373,775,0.481,2017-2018
drewla02,Larry Drew II,PG,TOT,10,70,24,3,9,0.333,4,15,0.267,2017-2018
drumman01,Andre Drummond,C,DET,78,2625,881,0,11,0.0,466,870,0.536,2017-2018
dudleja01,Jared Dudley,PF,PHO,48,686,122,29,80,0.363,19,42,0.452,2017-2018
dunnkr01,Kris Dunn,PG,CHI,52,1525,666,43,134,0.321,243,532,0.457,2017-2018
duranke01,Kevin Durant,SF,GSW,68,2325,1222,173,413,0.419,457,809,0.565,2017-2018
eddieja01,Jarell Eddie,SF,TOT,3,9,2,0,2,0.0,0,0,,2017-2018
ellenhe01,Henry Ellenson,PF,DET,38,329,146,20,60,0.333,33,86,0.384,2017-2018
ellinwa01,Wayne Ellington,SG,MIA,77,2041,700,227,579,0.392,58,121,0.479,2017-2018
embiijo01,Joel Embiid,C,PHI,63,1912,1056,66,214,0.308,444,842,0.527,2017-2018
ennisja01,James Ennis,SF,TOT,72,1604,384,51,153,0.333,131,231,0.567,2017-2018
ennisty01,Tyler Ennis,PG,LAL,54,683,224,14,56,0.25,80,168,0.476,2017-2018
evansja01,Jawun Evans,PG,LAC,48,778,253,15,54,0.278,74,199,0.372,2017-2018
evansje01,Jeremy Evans,SF,ATL,1,5,1,0,0,,1,1,1.0,2017-2018
evansty01,Tyreke Evans,PG,MEM,52,1607,809,114,286,0.399,252,523,0.482,2017-2018
exumda01,Dante Exum,PG,UTA,14,235,87,5,18,0.278,37,69,0.536,2017-2018
farieke01,Kenneth Faried,PF,DEN,32,461,148,0,1,0.0,76,147,0.517,2017-2018
favorde01,Derrick Favors,C,UTA,77,2153,702,14,63,0.222,381,639,0.596,2017-2018
feldeka01,Kay Felder,PG,TOT,16,140,70,4,19,0.211,17,51,0.333,2017-2018
feliccr01,Cristiano Felício,C,CHI,55,977,215,0,2,0.0,127,213,0.596,2017-2018
feltora01,Raymond Felton,PG,OKC,82,1365,552,81,230,0.352,143,322,0.444,2017-2018
fergute01,Terrance Ferguson,SG,OKC,61,763,169,40,120,0.333,30,49,0.612,2017-2018
ferreyo01,Yogi Ferrell,SG,DAL,82,2282,730,134,359,0.373,177,371,0.477,2017-2018
finnedo01,Dorian Finney-Smith,PF,DAL,21,448,121,20,67,0.299,26,54,0.481,2017-2018
forbebr01,Bryn Forbes,SG,SAS,80,1517,497,89,228,0.39,120,269,0.446,2017-2018
fournev01,Evan Fournier,SF,ORL,57,1837,802,127,335,0.379,241,467,0.516,2017-2018
foxde01,De'Aaron Fox,PG,SAC,73,2026,797,47,153,0.307,281,644,0.436,2017-2018
fraziti01,Tim Frazier,PG,WAS,59,838,172,17,56,0.304,51,116,0.44,2017-2018
fryech01,Channing Frye,C,TOT,53,695,212,39,115,0.339,65,97,0.67,2017-2018
fultzma01,Markelle Fultz,SG,PHI,14,253,111,0,1,0.0,45,110,0.409,2017-2018
gallida01,Danilo Gallinari,SF,LAC,21,671,256,36,111,0.324,66,145,0.455,2017-2018
gallola01,Langston Galloway,SG,DET,58,863,340,75,218,0.344,51,122,0.418,2017-2018
gasolma01,Marc Gasol,C,MEM,73,2408,1033,109,320,0.341,325,713,0.456,2017-2018
gasolpa01,Pau Gasol,C,SAS,77,1812,627,43,120,0.358,244,507,0.481,2017-2018
gayru01,Rudy Gay,PF,SAS,57,1231,537,37,118,0.314,216,419,0.516,2017-2018
georgpa01,Paul George,SF,OKC,79,2891,1340,244,609,0.401,332,731,0.454,2017-2018
georgma01,Marcus Georges-Hunt,SG,MIN,42,224,48,4,15,0.267,17,33,0.515,2017-2018
gibsojo01,Jonathan Gibson,PG,BOS,4,40,23,6,12,0.5,8,11,0.727,2017-2018
gibsota01,Taj Gibson,PF,MIN,82,2726,737,7,35,0.2,418,702,0.595,2017-2018
ginobma01,Manu Ginóbili,SG,SAS,65,1299,463,64,192,0.333,137,271,0.506,2017-2018
goberru01,Rudy Gobert,C,UTA,56,1816,444,0,0,,276,444,0.622,2017-2018
gordoaa01,Aaron Gordon,PF,ORL,58,1909,865,115,342,0.336,260,523,0.497,2017-2018
gordoer01,Eric Gordon,SG,HOU,69,2154,970,218,608,0.359,197,362,0.544,2017-2018
gortama01,Marcin Gortat,C,WAS,82,2075,560,0,0,,290,560,0.518,2017-2018
grahatr01,Treveon Graham,SG,CHO,63,1050,221,40,97,0.412,56,124,0.452,2017-2018
grantje01,Jerami Grant,PF,OKC,81,1647,456,32,110,0.291,212,346,0.613,2017-2018
grantje02,Jerian Grant,PG,CHI,74,1686,503,61,187,0.326,148,316,0.468,2017-2018
grayjo01,Josh Gray,PG,PHO,5,86,41,3,13,0.231,8,28,0.286,2017-2018
greenda02,Danny Green,SG,SAS,70,1791,561,116,320,0.363,101,241,0.419,2017-2018
greendr01,Draymond Green,PF,GSW,70,2287,619,77,256,0.301,204,363,0.562,2017-2018
greenge01,Gerald Green,SG,HOU,41,929,413,110,298,0.369,58,115,0.504,2017-2018
greenja01,JaMychal Green,PF,MEM,55,1542,488,43,127,0.339,180,361,0.499,2017-2018
greenje02,Jeff Green,PF,CLE,78,1828,618,53,170,0.312,242,448,0.54,2017-2018
griffbl01,Blake Griffin,PF,TOT,58,1970,996,111,322,0.345,325,674,0.482,2017-2018
hamilda02,Daniel Hamilton,SG,OKC,6,28,11,2,5,0.4,3,6,0.5,2017-2018
hardati02,Tim Hardaway Jr.,SG,NYK,57,1885,856,130,410,0.317,230,446,0.516,2017-2018
hardeja01,James Harden,SG,HOU,72,2551,1449,265,722,0.367,386,727,0.531,2017-2018
harklma01,Maurice Harkless,SF,POR,59,1264,297,49,118,0.415,98,179,0.547,2017-2018
harremo01,Montrezl Harrell,C,LAC,76,1293,548,1,7,0.143,347,541,0.641,2017-2018
harride01,Devin Harris,PG,TOT,71,1340,454,79,227,0.348,108,227,0.476,2017-2018
harriga01,Gary Harris,SG,DEN,67,2304,908,156,394,0.396,284,514,0.553,2017-2018
harrijo01,Joe Harris,SG,BRK,78,1975,621,150,358,0.419,155,263,0.589,2017-2018
harrito02,Tobias Harris,PF,TOT,80,2668,1221,183,445,0.411,379,776,0.488,2017-2018
harriaa01,Aaron Harrison,SG,DAL,9,233,69,9,43,0.209,10,26,0.385,2017-2018
harrian01,Andrew Harrison,PG,MEM,56,1326,429,47,142,0.331,134,287,0.467,2017-2018
harrish01,Shaquille Harrison,PG,PHO,23,384,124,6,26,0.231,53,98,0.541,2017-2018
hartjo01,Josh Hart,SG,LAL,63,1461,375,78,197,0.396,98,178,0.551,2017-2018
hasleud01,Udonis Haslem,C,MIA,14,72,15,1,8,0.125,2,7,0.286,2017-2018
hayesni01,Nigel Hayes,SF,TOT,9,122,33,4,16,0.25,7,17,0.412,2017-2018
haywago01,Gordon Hayward,SF,BOS,1,5,2,0,1,0.0,1,1,1.0,2017-2018
hearnre01,Reggie Hearn,SG,DET,3,7,2,1,2,0.5,0,0,,2017-2018
henrymy01,Myke Henry,SF,MEM,20,378,109,19,58,0.328,22,51,0.431,2017-2018
hensojo01,John Henson,C,MIL,76,1970,502,1,7,0.143,286,495,0.578,2017-2018
hernaju01,Juan Hernangómez,PF,DEN,25,277,75,14,50,0.28,15,25,0.6,2017-2018
hernawi01,Willy Hernangómez,C,TOT,48,495,164,5,12,0.417,86,152,0.566,2017-2018
hezonma01,Mario Hezonja,SF,ORL,75,1657,617,90,267,0.337,183,350,0.523,2017-2018
hicksis01,Isaiah Hicks,PF,NYK,18,240,72,2,9,0.222,31,63,0.492,2017-2018
hieldbu01,Buddy Hield,SG,SAC,80,2024,933,176,408,0.431,240,525,0.457,2017-2018
hilarne01,Nenê,C,HOU,52,758,239,0,2,0.0,136,237,0.574,2017-2018
hillge01,George Hill,PG,TOT,67,1812,513,85,205,0.415,151,308,0.49,2017-2018
hillso01,Solomon Hill,SF,NOP,12,187,41,4,21,0.19,7,20,0.35,2017-2018
hillida01,Darrun Hilliard,SG,SAS,14,95,19,0,6,0.0,5,13,0.385,2017-2018
holidjr01,Jrue Holiday,SG,NOP,81,2927,1244,120,356,0.337,495,888,0.557,2017-2018
holidju01,Justin Holiday,SG,CHI,72,2265,782,161,449,0.359,129,333,0.387,2017-2018
hollajo02,John Holland,SF,CLE,24,174,59,11,36,0.306,6,23,0.261,2017-2018
holliro01,Rondae Hollis-Jefferson,SF,BRK,68,1920,724,13,54,0.241,329,670,0.491,2017-2018
holmeri01,Richaun Holmes,C,PHI,48,746,241,4,31,0.129,131,210,0.624,2017-2018
hoodro01,Rodney Hood,SG,TOT,60,1616,751,127,333,0.381,195,418,0.467,2017-2018
hopsosc01,Scotty Hopson,SG,DAL,1,8,1,0,0,,0,1,0.0,2017-2018
horfoal01,Al Horford,C,BOS,72,2277,753,97,226,0.429,271,527,0.514,2017-2018
houseda01,Danuel House,SG,PHO,23,403,129,15,58,0.259,41,71,0.577,2017-2018
howardw01,Dwight Howard,C,CHO,81,2463,911,1,7,0.143,505,904,0.559,2017-2018
huestjo01,Josh Huestis,PF,OKC,69,982,182,33,115,0.287,27,67,0.403,2017-2018
hunterj01,R.J. Hunter,SG,HOU,5,45,20,3,14,0.214,4,6,0.667,2017-2018
huntevi01,Vince Hunter,PF,MEM,4,7,5,0,0,,3,5,0.6,2017-2018
ibakase01,Serge Ibaka,PF,TOR,76,2093,784,107,297,0.36,272,487,0.559,2017-2018
iguodan01,Andre Iguodala,SF,GSW,64,1622,320,33,117,0.282,115,203,0.567,2017-2018
ilyaser01,Ersan İlyasova,PF,TOT,69,1729,613,91,253,0.36,186,360,0.517,2017-2018
inglejo01,Joe Ingles,SF,UTA,82,2578,718,204,464,0.44,131,254,0.516,2017-2018
ingraan01,Andre Ingram,SG,LAL,2,64,17,5,9,0.556,3,8,0.375,2017-2018
ingrabr01,Brandon Ingram,SF,LAL,59,1975,761,41,105,0.39,317,656,0.483,2017-2018
irvinky01,Kyrie Irving,PG,BOS,60,1931,1087,166,407,0.408,368,680,0.541,2017-2018
isaacjo01,Jonathan Isaac,PF,ORL,27,536,145,16,46,0.348,39,99,0.394,2017-2018
iwundwe01,Wesley Iwundu,SF,ORL,62,1020,218,9,46,0.196,84,172,0.488,2017-2018
jackja01,Jarrett Jack,PG,NYK,62,1548,443,25,86,0.291,164,357,0.459,2017-2018
jacksaa01,Aaron Jackson,PG,HOU,1,35,9,1,4,0.25,2,5,0.4,2017-2018
jacksde01,Demetrius Jackson,PG,TOT,15,80,18,1,7,0.143,6,11,0.545,2017-2018
jacksjo02,Josh Jackson,SF,PHO,77,1959,932,57,217,0.263,332,715,0.464,2017-2018
jacksju01,Justin Jackson,SF,SAC,68,1506,419,57,185,0.308,128,234,0.547,2017-2018
jacksre01,Reggie Jackson,PG,DET,45,1201,577,52,169,0.308,194,408,0.475,2017-2018
jamesle01,LeBron James,PF,CLE,82,3026,1580,149,406,0.367,708,1174,0.603,2017-2018
jamesmi02,Mike James,PG,TOT,36,687,321,26,98,0.265,97,223,0.435,2017-2018
jeffeal01,Al Jefferson,C,IND,36,484,208,0,3,0.0,111,205,0.541,2017-2018
jefferi01,Richard Jefferson,SF,DEN,20,163,27,2,7,0.286,10,20,0.5,2017-2018
jennibr01,Brandon Jennings,PG,MIL,14,205,72,9,33,0.273,18,39,0.462,2017-2018
jerebjo01,Jonas Jerebko,PF,UTA,74,1134,341,65,157,0.414,94,184,0.511,2017-2018
johnsam01,Amir Johnson,C,PHI,74,1171,260,10,32,0.313,130,228,0.57,2017-2018
johnsbr02,Brice Johnson,PF,TOT,18,98,42,0,1,0.0,20,41,0.488,2017-2018
johnsda04,Dakari Johnson,C,OKC,31,161,39,0,0,,22,39,0.564,2017-2018
johnsja01,James Johnson,PF,MIA,73,1943,614,57,185,0.308,252,429,0.587,2017-2018
johnsjo02,Joe Johnson,SF,TOT,55,1205,360,40,145,0.276,106,215,0.493,2017-2018
johnsom01,Omari Johnson,PF,MEM,4,75,21,4,12,0.333,5,9,0.556,2017-2018
johnsst04,Stanley Johnson,SF,DET,69,1894,560,67,234,0.286,143,326,0.439,2017-2018
johnsty01,Tyler Johnson,PG,MIA,72,2052,711,119,324,0.367,190,387,0.491,2017-2018
johnswe01,Wesley Johnson,SF,LAC,74,1486,368,60,177,0.339,90,191,0.471,2017-2018
jokicni01,Nikola Jokić,C,DEN,75,2443,1010,111,280,0.396,393,730,0.538,2017-2018
jonesda03,Damian Jones,C,GSW,15,89,22,0,0,,11,22,0.5,2017-2018
jonesde02,Derrick Jones Jr.,SF,TOT,20,245,53,3,18,0.167,18,35,0.514,2017-2018
jonesja04,Jalen Jones,SF,TOT,16,181,68,10,26,0.385,16,42,0.381,2017-2018
jonesty01,Tyus Jones,PG,MIN,82,1467,328,45,129,0.349,105,199,0.528,2017-2018
jordade01,DeAndre Jordan,C,LAC,77,2424,578,0,0,,373,578,0.645,2017-2018
josepco01,Cory Joseph,PG,IND,82,2210,604,67,190,0.353,189,414,0.457,2017-2018
kaminfr01,Frank Kaminsky,PF,CHO,79,1835,716,104,274,0.38,203,442,0.459,2017-2018
kanteen01,Enes Kanter,C,NYK,71,1830,713,0,2,0.0,422,711,0.594,2017-2018
kennalu01,Luke Kennard,SG,DET,73,1463,465,81,195,0.415,125,270,0.463,2017-2018
kiddgmi01,Michael Kidd-Gilchrist,SF,CHO,74,1850,560,0,2,0.0,282,558,0.505,2017-2018
kilpase01,Sean Kilpatrick,SG,TOT,52,640,294,46,144,0.319,64,150,0.427,2017-2018
klebima01,Maxi Kleber,PF,DAL,72,1206,309,40,128,0.313,111,181,0.613,2017-2018
korkmfu01,Furkan Korkmaz,SG,PHI,14,80,28,5,17,0.294,3,11,0.273,2017-2018
kornelu01,Luke Kornet,PF,NYK,20,326,125,28,79,0.354,21,46,0.457,2017-2018
korveky01,Kyle Korver,SG,CLE,73,1574,484,164,376,0.436,58,108,0.537,2017-2018
koufoko01,Kosta Koufos,C,SAC,71,1391,389,0,0,,222,389,0.571,2017-2018
kuzmaky01,Kyle Kuzma,PF,LAL,77,2401,1039,159,434,0.366,309,605,0.511,2017-2018
kuzmimi01,Mindaugas Kuzminskas,SF,NYK,1,2,2,0,0,,0,2,0.0,2017-2018
labissk01,Skal Labissière,PF,SAC,60,1240,458,18,51,0.353,187,407,0.459,2017-2018
lambje01,Jeremy Lamb,SG,CHO,80,1967,832,94,254,0.37,286,578,0.495,2017-2018
larkish01,Shane Larkin,PG,BOS,54,775,219,31,86,0.36,53,133,0.398,2017-2018
lauvejo01,Joffrey Lauvergne,C,SAS,55,534,190,0,5,0.0,98,185,0.53,2017-2018
lavinza01,Zach LaVine,SG,CHI,24,656,355,42,123,0.341,94,232,0.405,2017-2018
laymaja01,Jake Layman,SF,POR,35,160,47,4,20,0.2,10,27,0.37,2017-2018
leaftj01,T.J. Leaf,PF,IND,53,459,136,18,42,0.429,46,94,0.489,2017-2018
leeco01,Courtney Lee,SG,NYK,76,2310,755,113,278,0.406,230,477,0.482,2017-2018
leeda03,Damion Lee,SG,ATL,15,404,152,15,60,0.25,47,92,0.511,2017-2018
lemonwa01,Walt Lemon Jr.,PG,NOP,5,35,16,1,1,1.0,6,15,0.4,2017-2018
lenal01,Alex Len,C,PHO,69,1395,378,1,3,0.333,213,375,0.568,2017-2018
leonaka01,Kawhi Leonard,SF,SAS,9,210,111,11,35,0.314,41,76,0.539,2017-2018
leoname01,Meyers Leonard,C,POR,33,254,78,11,26,0.423,35,52,0.673,2017-2018
leuerjo01,Jon Leuer,PF,DET,8,136,36,0,3,0.0,15,33,0.455,2017-2018
leverca01,Caris LeVert,SF,BRK,71,1864,735,85,245,0.347,235,490,0.48,2017-2018
liggide01,DeAndre Liggins,SG,TOT,58,724,106,19,53,0.358,21,53,0.396,2017-2018
lillada01,Damian Lillard,PG,POR,73,2670,1415,227,629,0.361,394,786,0.501,2017-2018
linje01,Jeremy Lin,PG,BRK,1,25,12,1,2,0.5,4,10,0.4,2017-2018
livinsh01,Shaun Livingston,PG,GSW,71,1129,343,0,5,0.0,172,338,0.509,2017-2018
looneke01,Kevon Looney,C,GSW,66,910,193,1,5,0.2,111,188,0.59,2017-2018
lopezbr01,Brook Lopez,C,LAL,74,1735,793,112,325,0.345,257,468,0.549,2017-2018
lopezro01,Robin Lopez,C,CHI,64,1690,645,4,14,0.286,338,631,0.536,2017-2018
loveke01,Kevin Love,C,CLE,59,1651,729,137,330,0.415,197,399,0.494,2017-2018
lowryky01,Kyle Lowry,PG,TOR,78,2510,944,238,596,0.399,165,348,0.474,2017-2018
luwawti01,Timothé Luwawu-Cabarrot,SF,PHI,52,807,267,53,158,0.335,47,109,0.431,2017-2018
lydonty01,Tyler Lydon,PF,DEN,1,2,0,0,0,,0,0,,2017-2018
lylestr01,Trey Lyles,PF,DEN,73,1391,550,83,218,0.381,187,332,0.563,2017-2018
macksh01,Shelvin Mack,PG,ORL,69,1365,414,48,139,0.345,130,275,0.473,2017-2018
magetjo01,Josh Magette,PG,ATL,18,216,46,8,22,0.364,7,24,0.292,2017-2018
mahinia01,Ian Mahinmi,C,WAS,77,1145,248,0,2,0.0,138,246,0.561,2017-2018
makerth01,Thon Maker,C,MIL,74,1238,316,31,104,0.298,99,212,0.467,2017-2018
marjabo01,Boban Marjanović,C,TOT,39,337,148,0,0,,79,148,0.534,2017-2018
markkla01,Lauri Markkanen,PF,CHI,68,2020,862,145,401,0.362,229,461,0.497,2017-2018
martija01,Jarell Martin,PF,MEM,73,1661,496,34,98,0.347,187,398,0.47,2017-2018
masonfr01,Frank Mason III,PG,SAC,52,984,380,31,86,0.36,113,294,0.384,2017-2018
mathima01,Mangok Mathiang,C,CHO,4,20,7,0,0,,4,7,0.571,2017-2018
matthwe02,Wesley Matthews,SF,DAL,63,2131,697,153,402,0.381,130,295,0.441,2017-2018
mbahalu01,Luc Mbah a Moute,PF,HOU,61,1564,345,63,173,0.364,103,172,0.599,2017-2018
mcadoja01,James Michael McAdoo,PF,PHI,3,18,7,2,7,0.286,0,0,,2017-2018
mccawpa01,Patrick McCaw,SG,GSW,57,961,225,19,80,0.238,73,145,0.503,2017-2018
mccolcj01,CJ McCollum,SG,POR,81,2923,1505,189,476,0.397,478,1029,0.465,2017-2018
mccontj01,T.J. McConnell,PG,PHI,76,1706,421,27,62,0.435,183,359,0.51,2017-2018
mccreer01,Erik McCree,SF,UTA,4,8,2,0,1,0.0,0,1,0.0,2017-2018
mcculch01,Chris McCullough,PF,WAS,19,90,42,1,8,0.125,17,34,0.5,2017-2018
mcderdo01,Doug McDermott,SF,TOT,81,1768,508,92,216,0.426,145,292,0.497,2017-2018
mcgeeja01,JaVale McGee,C,GSW,65,615,219,0,6,0.0,136,213,0.638,2017-2018
mcgruro01,Rodney McGruder,SG,MIA,18,299,73,15,35,0.429,21,38,0.553,2017-2018
mckintr01,Trey McKinney-Jones,SG,IND,1,1,0,0,0,,0,0,,2017-2018
mckinal01,Alfonzo McKinnie,SF,TOR,14,53,15,3,9,0.333,5,6,0.833,2017-2018
mclembe01,Ben McLemore,SG,MEM,56,1091,373,55,159,0.346,102,214,0.477,2017-2018
mcrobjo01,Josh McRoberts,PF,DAL,2,6,1,0,1,0.0,0,0,,2017-2018
meeksjo01,Jodie Meeks,SG,WAS,77,1119,393,72,210,0.343,85,183,0.464,2017-2018
mejrisa01,Salah Mejri,C,DAL,61,729,137,0,3,0.0,88,134,0.657,2017-2018
mickejo01,Jordan Mickey,PF,MIA,23,284,82,2,16,0.125,37,66,0.561,2017-2018
middlkh01,Khris Middleton,SF,MIL,82,2982,1272,146,407,0.359,447,865,0.517,2017-2018
milescj01,C.J. Miles,SF,TOR,70,1337,599,164,454,0.361,63,145,0.434,2017-2018
milleda01,Darius Miller,SF,NOP,82,1944,487,147,358,0.411,69,129,0.535,2017-2018
millema01,Malcolm Miller,SF,TOR,15,126,28,8,21,0.381,5,7,0.714,2017-2018
millspa02,Patty Mills,PG,SAS,82,2107,682,154,414,0.372,126,268,0.47,2017-2018
millspa01,Paul Millsap,PF,DEN,38,1143,435,39,113,0.345,163,322,0.506,2017-2018
mirotni01,Nikola Mirotić,PF,TOT,55,1494,684,135,358,0.377,171,326,0.525,2017-2018
mitchdo01,Donovan Mitchell,SG,UTA,79,2638,1362,187,550,0.34,408,812,0.502,2017-2018
mitrona01,Naz Mitrou-Long,SG,UTA,1,1,1,1,1,1.0,0,0,,2017-2018
monkma01,Malik Monk,SG,CHO,63,854,425,83,243,0.342,70,182,0.385,2017-2018
monrogr01,Greg Monroe,C,TOT,51,1040,386,0,0,,218,386,0.565,2017-2018
montelu01,Luis Montero,SG,DET,2,8,1,0,0,,0,1,0.0,2017-2018
moorebe01,Ben Moore,PF,IND,2,9,0,0,0,,0,0,,2017-2018
mooreet01,E'Twaun Moore,SG,NOP,82,2586,832,128,301,0.425,295,531,0.556,2017-2018
moreler01,Eric Moreland,PF,DET,67,805,122,0,0,,66,122,0.541,2017-2018
morrija01,Jaylen Morris,SG,ATL,6,98,32,2,10,0.2,11,22,0.5,2017-2018
morrima03,Marcus Morris,PF,BOS,54,1442,611,86,234,0.368,176,377,0.467,2017-2018
morrima02,Markieff Morris,PF,WAS,73,1968,687,76,207,0.367,254,480,0.529,2017-2018
morrimo01,Monte Morris,PG,DEN,3,25,6,0,1,0.0,4,5,0.8,2017-2018
motlejo01,Johnathan Motley,PF,DAL,11,176,75,1,6,0.167,39,69,0.565,2017-2018
mozgoti01,Timofey Mozgov,C,BRK,31,359,93,4,18,0.222,48,75,0.64,2017-2018
mudiaem01,Emmanuel Mudiay,PG,TOT,64,1245,526,47,148,0.318,157,378,0.415,2017-2018
muhamsh01,Shabazz Muhammad,SF,TOT,43,418,188,7,27,0.259,77,161,0.478,2017-2018
munfoxa02,Xavier Munford,SG,MIL,6,21,6,0,2,0.0,1,4,0.25,2017-2018
murrade01,Dejounte Murray,PG,SAS,81,1743,609,9,34,0.265,261,575,0.454,2017-2018
murraja01,Jamal Murray,PG,DEN,81,2565,1062,165,436,0.378,314,626,0.502,2017-2018
muscami01,Mike Muscala,C,ATL,53,1060,312,62,167,0.371,81,145,0.559,2017-2018
naderab01,Abdel Nader,SF,BOS,48,522,149,23,65,0.354,27,84,0.321,2017-2018
nancela02,Larry Nance Jr.,C,TOT,66,1421,413,2,12,0.167,238,401,0.594,2017-2018
napiesh01,Shabazz Napier,PG,POR,74,1535,531,82,218,0.376,141,313,0.45,2017-2018
nelsoja01,Jameer Nelson,PG,TOT,50,1013,244,41,124,0.331,54,120,0.45,2017-2018
netora01,Raul Neto,PG,UTA,41,498,151,19,47,0.404,50,104,0.481,2017-2018
niangge01,Georges Niang,PF,UTA,9,32,11,0,4,0.0,4,7,0.571,2017-2018
noahjo01,Joakim Noah,C,NYK,7,40,10,0,0,,5,10,0.5,2017-2018
noelne01,Nerlens Noel,C,DAL,30,472,105,0,1,0.0,55,104,0.529,2017-2018
noguelu01,Lucas Nogueira,C,TOR,49,418,80,5,19,0.263,44,61,0.721,2017-2018
nowitdi01,Dirk Nowitzki,C,DAL,77,1900,758,138,337,0.409,208,421,0.494,2017-2018
ntilila01,Frank Ntilikina,PG,NYK,78,1706,500,50,157,0.318,132,343,0.385,2017-2018
nurkiju01,Jusuf Nurkić,C,POR,79,2088,951,0,7,0.0,480,944,0.508,2017-2018
nwabada01,David Nwaba,SG,CHI,70,1646,423,18,52,0.346,184,371,0.496,2017-2018
obryajo01,Johnny O'Bryant,PF,CHO,36,379,171,14,43,0.326,54,128,0.422,2017-2018
onealro01,Royce O'Neale,SF,UTA,69,1150,284,42,118,0.356,78,166,0.47,2017-2018
oquinky01,Kyle O'Quinn,C,NYK,77,1387,384,4,17,0.235,220,367,0.599,2017-2018
ojelese01,Semi Ojeleye,PF,BOS,73,1150,188,40,125,0.32,25,63,0.397,2017-2018
okafoem01,Emeka Okafor,C,NOP,26,353,95,0,0,,48,95,0.505,2017-2018
okafoja01,Jahlil Okafor,C,TOT,28,353,138,1,4,0.25,76,134,0.567,2017-2018
oladivi01,Victor Oladipo,SG,IND,75,2552,1342,161,434,0.371,479,908,0.528,2017-2018
olynyke01,Kelly Olynyk,PF,MIA,76,1779,636,106,280,0.379,210,356,0.59,2017-2018
onuakch01,Chinanu Onuaku,C,HOU,1,22,5,0,0,,2,5,0.4,2017-2018
osmande01,Cedi Osman,SF,CLE,61,672,186,32,87,0.368,58,99,0.586,2017-2018
oubreke01,Kelly Oubre Jr.,SF,WAS,81,2231,790,126,369,0.341,192,421,0.456,2017-2018
pachuza01,Zaza Pachulia,C,GSW,69,972,264,0,1,0.0,149,263,0.567,2017-2018
paigema01,Marcus Paige,PG,CHO,5,28,14,2,8,0.25,2,6,0.333,2017-2018
papagge01,Georgios Papagiannis,C,TOT,17,122,42,0,0,,18,42,0.429,2017-2018
parkeja01,Jabari Parker,PF,MIL,31,743,332,31,81,0.383,129,251,0.514,2017-2018
parketo01,Tony Parker,PG,SAS,55,1071,388,10,37,0.27,168,351,0.479,2017-2018
parsoch01,Chandler Parsons,SF,MEM,36,691,234,51,121,0.421,57,113,0.504,2017-2018
pattepa01,Patrick Patterson,PF,OKC,82,1270,266,66,171,0.386,40,95,0.421,2017-2018
pattoju01,Justin Patton,C,MIN,1,4,2,0,0,,1,2,0.5,2017-2018
paulbr01,Brandon Paul,SG,SAS,64,576,127,15,54,0.278,40,73,0.548,2017-2018
paulch01,Chris Paul,PG,HOU,58,1847,798,144,379,0.38,223,419,0.532,2017-2018
paynead01,Adreian Payne,PF,ORL,5,43,10,2,3,0.667,5,7,0.714,2017-2018
payneca01,Cameron Payne,PG,CHI,25,582,215,35,91,0.385,52,124,0.419,2017-2018
paytoel01,Elfrid Payton,PG,TOT,63,1808,667,30,92,0.326,299,575,0.52,2017-2018
paytoga02,Gary Payton II,PG,TOT,23,221,74,6,25,0.24,24,49,0.49,2017-2018
perkike01,Kendrick Perkins,C,CLE,1,15,2,0,0,,1,2,0.5,2017-2018
perralo01,London Perrantes,PG,CLE,14,66,13,0,3,0.0,2,10,0.2,2017-2018
peteral01,Alec Peters,PF,PHO,20,225,74,18,58,0.31,10,16,0.625,2017-2018
plumlma02,Marshall Plumlee,C,MIL,8,52,3,0,0,,1,3,0.333,2017-2018
plumlma01,Mason Plumlee,C,DEN,74,1439,368,0,1,0.0,221,367,0.602,2017-2018
plumlmi01,Miles Plumlee,C,ATL,55,918,180,0,0,,105,180,0.583,2017-2018
poeltja01,Jakob Poeltl,C,TOR,82,1524,384,1,2,0.5,252,382,0.66,2017-2018
pondequ01,Quincy Pondexter,SF,CHI,23,196,49,3,22,0.136,11,27,0.407,2017-2018
porteot01,Otto Porter,SF,WAS,77,2432,885,138,313,0.441,307,572,0.537,2017-2018
portibo01,Bobby Portis,PF,CHI,73,1643,811,80,223,0.359,302,588,0.514,2017-2018
porzikr01,Kristaps Porziņģis,PF,NYK,48,1553,889,90,228,0.395,300,661,0.454,2017-2018
poweldw01,Dwight Powell,C,DAL,79,1672,430,28,84,0.333,227,346,0.656,2017-2018
powelno01,Norman Powell,SG,TOR,70,1062,374,53,186,0.285,97,188,0.516,2017-2018
poythal01,Alex Poythress,PF,IND,25,104,26,4,11,0.364,7,15,0.467,2017-2018
princta02,Taurean Prince,SF,ATL,82,2464,975,176,457,0.385,239,518,0.461,2017-2018
pulleja01,Jacob Pullen,PG,PHI,3,6,2,0,1,0.0,1,1,1.0,2017-2018
purviro01,Rodney Purvis,SG,ORL,16,290,107,13,52,0.25,22,55,0.4,2017-2018
qizh01,Zhou Qi,C,HOU,18,124,32,2,19,0.105,4,13,0.308,2017-2018
quartti01,Tim Quarterman,SG,HOU,3,13,3,0,2,0.0,1,1,1.0,2017-2018
rabbiv01,Ivan Rabb,PF,MEM,36,516,152,0,0,,86,152,0.566,2017-2018
randlju01,Julius Randle,C,LAL,82,2190,904,10,45,0.222,494,859,0.575,2017-2018
randoza01,Zach Randolph,PF,SAC,59,1508,763,51,147,0.347,310,616,0.503,2017-2018
rathaxa01,Xavier Rathan-Mayes,SG,MEM,5,118,42,1,14,0.071,11,28,0.393,2017-2018
redicjj01,J.J. Redick,SG,PHI,70,2116,879,193,460,0.42,211,419,0.504,2017-2018
reedda01,Davon Reed,SG,PHO,21,242,76,11,38,0.289,11,38,0.289,2017-2018
reedwi02,Willie Reed,C,TOT,42,428,121,1,2,0.5,80,119,0.672,2017-2018
richajo01,Josh Richardson,SF,MIA,81,2689,885,127,336,0.378,272,549,0.495,2017-2018
richama01,Malachi Richardson,SG,TOT,26,324,90,12,40,0.3,18,50,0.36,2017-2018
riverau01,Austin Rivers,SG,LAC,61,2057,805,136,360,0.378,205,445,0.461,2017-2018
roberan03,Andre Roberson,SG,OKC,39,1037,162,8,36,0.222,79,126,0.627,2017-2018
robinde01,Devin Robinson,SF,WAS,1,13,3,0,0,,1,3,0.333,2017-2018
robingl02,Glenn Robinson III,SF,IND,23,338,85,14,34,0.412,22,51,0.431,2017-2018
rondora01,Rajon Rondo,PG,NOP,65,1705,494,50,150,0.333,181,344,0.526,2017-2018
rosede01,Derrick Rose,PG,TOT,25,420,186,7,30,0.233,74,156,0.474,2017-2018
rosste01,Terrence Ross,SG,ORL,24,600,191,30,93,0.323,46,98,0.469,2017-2018
roziete01,Terry Rozier,PG,BOS,80,2068,800,153,402,0.381,163,398,0.41,2017-2018
rubiori01,Ricky Rubio,PG,UTA,77,2254,827,96,273,0.352,250,554,0.451,2017-2018
russeda01,D'Angelo Russell,PG,BRK,48,1234,672,90,278,0.324,188,394,0.477,2017-2018
sabondo01,Domantas Sabonis,C,IND,74,1810,661,13,37,0.351,327,624,0.524,2017-2018
sampsja02,JaKarr Sampson,SF,SAC,22,344,81,5,10,0.5,39,71,0.549,2017-2018
saricda01,Dario Šarić,PF,PHI,78,2310,890,157,399,0.393,246,491,0.501,2017-2018
satorto01,Tomáš Satoranský,SG,WAS,73,1643,384,47,101,0.465,154,283,0.544,2017-2018
schrode01,Dennis Schröder,PG,ATL,67,2078,1146,76,262,0.29,424,884,0.48,2017-2018
scottmi01,Mike Scott,PF,WAS,76,1406,524,66,163,0.405,210,361,0.582,2017-2018
sefolth01,Thabo Sefolosha,SF,UTA,38,806,240,32,84,0.381,86,156,0.551,2017-2018
seldewa01,Wayne Selden,SG,MEM,35,692,269,49,122,0.402,67,147,0.456,2017-2018
sessira01,Ramon Sessions,PG,TOT,28,392,117,8,26,0.308,34,91,0.374,2017-2018
shumpim01,Iman Shumpert,SG,CLE,14,276,58,7,26,0.269,15,32,0.469,2017-2018
siakapa01,Pascal Siakam,PF,TOR,81,1679,498,29,132,0.22,224,366,0.612,2017-2018
silasxa01,Xavier Silas,SG,BOS,2,7,3,0,2,0.0,0,1,0.0,2017-2018
simmobe01,Ben Simmons,PG,PHI,81,2732,998,0,11,0.0,544,987,0.551,2017-2018
simmojo02,Jonathon Simmons,SG,ORL,69,2029,761,69,204,0.338,285,557,0.512,2017-2018
simmoko01,Kobi Simmons,PG,MEM,32,643,189,11,39,0.282,69,150,0.46,2017-2018
singlky01,Kyle Singler,SF,OKC,12,59,21,2,5,0.4,5,16,0.313,2017-2018
smartma01,Marcus Smart,SG,BOS,54,1614,515,75,249,0.301,114,266,0.429,2017-2018
smithde03,Dennis Smith Jr.,PG,DAL,69,2049,1024,106,339,0.313,298,685,0.435,2017-2018
smithis01,Ish Smith,PG,DET,82,2043,801,35,101,0.347,354,700,0.506,2017-2018
smithjr01,J.R. Smith,SG,CLE,80,2244,595,143,381,0.375,97,214,0.453,2017-2018
smithja02,Jason Smith,C,WAS,33,285,115,4,32,0.125,41,83,0.494,2017-2018
smithjo03,Josh Smith,PF,NOP,3,12,4,0,0,,1,4,0.25,2017-2018
snellto01,Tony Snell,SG,MIL,75,2053,425,108,268,0.403,77,157,0.49,2017-2018
speigma01,Marreese Speights,C,ORL,52,675,349,86,233,0.369,52,116,0.448,2017-2018
stausni01,Nik Stauskas,SG,TOT,41,523,154,40,100,0.4,20,54,0.37,2017-2018
stephla01,Lance Stephenson,SG,IND,82,1850,709,67,232,0.289,236,477,0.495,2017-2018
stockda01,David Stockton,PG,UTA,3,9,3,2,3,0.667,0,0,,2017-2018
stoneju01,Julyan Stone,SG,CHO,23,175,13,6,13,0.462,0,0,,2017-2018
sumneed01,Edmond Sumner,PG,IND,1,2,1,0,0,,1,1,1.0,2017-2018
swanica01,Caleb Swanigan,PF,POR,27,189,60,1,8,0.125,23,52,0.442,2017-2018
tatumja01,Jayson Tatum,SF,BOS,80,2443,835,105,242,0.434,292,593,0.492,2017-2018
taylois01,Isaiah Taylor,PG,ATL,67,1167,390,20,80,0.25,143,310,0.461,2017-2018
teaguje01,Jeff Teague,PG,MIN,70,2311,794,84,228,0.368,270,566,0.477,2017-2018
teaguma01,Marquis Teague,PG,MEM,3,74,16,1,4,0.25,3,12,0.25,2017-2018
teletmi01,Mirza Teletović,PF,MIL,10,159,57,21,45,0.467,4,12,0.333,2017-2018
templga01,Garrett Temple,SG,SAC,65,1615,476,89,227,0.392,110,249,0.442,2017-2018
teodomi01,Miloš Teodosić,PG,LAC,45,1134,360,88,232,0.379,63,128,0.492,2017-2018
terryja01,Jason Terry,SG,MIL,51,814,154,40,115,0.348,19,39,0.487,2017-2018
theisda01,Daniel Theis,C,BOS,63,936,233,18,58,0.31,108,175,0.617,2017-2018
thomais02,Isaiah Thomas,PG,TOT,32,862,421,55,188,0.293,102,233,0.438,2017-2018
thomala01,Lance Thomas,PF,NYK,73,1353,267,50,124,0.403,52,143,0.364,2017-2018
thompkl01,Klay Thompson,SG,GSW,73,2506,1179,229,521,0.44,346,658,0.526,2017-2018
thomptr01,Tristan Thompson,C,CLE,53,1072,235,0,0,,132,235,0.562,2017-2018
thornsi01,Sindarius Thornwell,SG,LAC,73,1156,233,23,61,0.377,77,172,0.448,2017-2018
tollian01,Anthony Tolliver,PF,DET,79,1757,472,159,365,0.436,60,107,0.561,2017-2018
townska01,Karl-Anthony Towns,C,MIN,82,2918,1172,120,285,0.421,519,887,0.585,2017-2018
tuckepj01,P.J. Tucker,PF,HOU,82,2281,441,115,310,0.371,57,131,0.435,2017-2018
turneev01,Evan Turner,SF,POR,79,2034,577,42,132,0.318,216,445,0.485,2017-2018
turnemy01,Myles Turner,C,IND,65,1836,639,56,157,0.357,250,482,0.519,2017-2018
udohek01,Ekpe Udoh,C,UTA,63,810,120,0,1,0.0,60,119,0.504,2017-2018
ulisty01,Tyler Ulis,PG,PHO,71,1658,551,42,146,0.288,172,405,0.425,2017-2018
valanjo01,Jonas Valančiūnas,C,TOR,77,1727,687,30,74,0.405,360,613,0.587,2017-2018
valende01,Denzel Valentine,SG,CHI,77,2095,721,143,370,0.386,158,351,0.45,2017-2018
vanvlfr01,Fred VanVleet,PG,TOR,76,1520,545,108,261,0.414,124,284,0.437,2017-2018
vaughra01,Rashad Vaughn,SG,TOT,28,212,56,14,37,0.378,9,19,0.474,2017-2018
vonleno01,Noah Vonleh,PF,TOT,54,875,234,20,66,0.303,84,168,0.5,2017-2018
vucevni01,Nikola Vučević,C,ORL,57,1683,840,64,204,0.314,335,636,0.527,2017-2018
wadedw01,Dwyane Wade,SG,TOT,67,1536,682,32,111,0.288,267,571,0.468,2017-2018
waitedi01,Dion Waiters,SG,MIA,30,918,410,52,170,0.306,111,240,0.463,2017-2018
walkeke02,Kemba Walker,PG,CHO,80,2736,1363,231,601,0.384,357,762,0.469,2017-2018
walljo01,John Wall,PG,WAS,41,1410,667,62,167,0.371,218,500,0.436,2017-2018
wallaty01,Tyrone Wallace,PG,LAC,30,851,247,10,40,0.25,100,207,0.483,2017-2018
waltode01,Derrick Walton,PG,MIA,16,147,25,7,17,0.412,1,8,0.125,2017-2018
warneja01,Jameel Warney,PF,DAL,3,27,12,0,0,,7,12,0.583,2017-2018
warretj01,T.J. Warren,SF,PHO,65,2142,1063,20,90,0.222,509,973,0.523,2017-2018
weartr01,Travis Wear,SF,LAL,17,228,72,17,47,0.362,8,25,0.32,2017-2018
webbja01,James Webb III,SF,BRK,10,120,24,4,19,0.211,2,5,0.4,2017-2018
weberbr01,Briante Weber,PG,TOT,18,237,43,4,11,0.364,15,32,0.469,2017-2018
westda01,David West,C,GSW,73,999,378,3,8,0.375,213,370,0.576,2017-2018
westbru01,Russell Westbrook,PG,OKC,80,2914,1687,97,326,0.298,660,1361,0.485,2017-2018
whitean01,Andrew White,SF,ATL,15,209,73,18,49,0.367,7,24,0.292,2017-2018
whitede01,Derrick White,PG,SAS,17,139,33,8,13,0.615,8,20,0.4,2017-2018
whiteok01,Okaro White,PF,MIA,6,80,16,4,11,0.364,3,5,0.6,2017-2018
whiteis01,Isaiah Whitehead,PG,BRK,16,180,86,7,18,0.389,33,68,0.485,2017-2018
whiteha01,Hassan Whiteside,C,MIA,54,1364,578,2,2,1.0,310,576,0.538,2017-2018
wiggian01,Andrew Wiggins,SF,MIN,82,2979,1300,112,338,0.331,457,962,0.475,2017-2018
wileyja01,Jacob Wiley,PF,BRK,5,33,4,1,2,0.5,0,2,0.0,2017-2018
wilkida02,Damien Wilkins,SF,IND,19,152,39,4,18,0.222,9,21,0.429,2017-2018
willial03,Alan Williams,PF,PHO,5,70,18,0,0,,7,18,0.389,2017-2018
willicj01,C.J. Williams,SG,LAC,38,707,197,22,78,0.282,65,119,0.546,2017-2018
willide02,Derrick Williams,PF,LAL,2,9,4,0,2,0.0,1,2,0.5,2017-2018
willilo02,Lou Williams,SG,LAC,79,2589,1337,186,518,0.359,396,819,0.484,2017-2018
willima02,Marvin Williams,PF,CHO,78,2006,563,126,305,0.413,132,258,0.512,2017-2018
willima05,Matt Williams,SG,MIA,3,11,6,1,5,0.2,1,1,1.0,2017-2018
willitr02,Troy Williams,SF,TOT,21,307,109,11,38,0.289,40,71,0.563,2017-2018
wilsodj01,D.J. Wilson,PF,MIL,22,71,16,2,5,0.4,7,11,0.636,2017-2018
wilsoja02,Jamil Wilson,SF,LAC,15,274,81,27,63,0.429,11,18,0.611,2017-2018
winslju01,Justise Winslow,PF,MIA,68,1680,488,49,129,0.38,158,359,0.44,2017-2018
witheje01,Jeff Withey,C,DAL,9,39,16,2,10,0.2,4,6,0.667,2017-2018
woltena01,Nate Wolters,PG,UTA,5,19,6,0,0,,1,6,0.167,2017-2018
wrighbr03,Brandan Wright,PF,TOT,28,381,102,0,0,,59,102,0.578,2017-2018
wrighde01,Delon Wright,PG,TOR,69,1433,432,56,153,0.366,145,279,0.52,2017-2018
yabusgu01,Guerschon Yabusele,PF,BOS,33,235,61,12,37,0.324,14,24,0.583,2017-2018
youngja01,James Young,SG,PHI,6,61,14,3,10,0.3,2,4,0.5,2017-2018
youngjo01,Joe Young,PG,IND,53,558,186,25,66,0.379,55,120,0.458,2017-2018
youngni01,Nick Young,SG,GSW,80,1393,488,123,326,0.377,78,162,0.481,2017-2018
youngth01,Thaddeus Young,PF,IND,81,2607,864,58,181,0.32,363,683,0.531,2017-2018
zelleco01,Cody Zeller,C,CHO,33,627,156,2,3,0.667,83,153,0.542,2017-2018
zellety01,Tyler Zeller,C,TOT,66,1109,334,10,28,0.357,177,306,0.578,2017-2018
zipsepa01,Paul Zipser,SF,CHI,54,824,234,37,110,0.336,44,124,0.355,2017-2018
zizican01,Ante Žižić,C,CLE,32,214,67,0,0,,49,67,0.731,2017-2018
zubaciv01,Ivica Zubac,C,LAL,43,410,122,0,1,0.0,61,121,0.504,2017-2018
