PlayerID,Player,Pos,Tm,G,MP,FGA,3P,3PA,3P%,2P,2PA,2P%,Season
adamsst01,Steven Adams,C,OKC,63,1680,478,1,3,0.333,282,475,0.594,2019-2020
adebaba01,Bam Adebayo,PF,MIA,72,2417,790,2,14,0.143,438,776,0.564,2019-2020
aldrila01,LaMarcus Aldridge,C,SAS,53,1754,793,61,157,0.389,330,636,0.519,2019-2020
alexaky01,Kyle Alexander,C,MIA,2,13,2,0,0,,1,2,0.5,2019-2020
alexani01,Nickeil Alexander-Walker,SG,NOP,47,591,266,46,133,0.346,52,133,0.391,2019-2020
allengr01,Grayson Allen,SG,MEM,38,718,251,57,141,0.404,60,110,0.545,2019-2020
allenja01,Jarrett Allen,C,BRK,70,1852,465,0,6,0.0,302,459,0.658,2019-2020
allenka01,Kadeem Allen,PG,NYK,10,117,44,5,16,0.313,14,28,0.5,2019-2020
aminual01,Al-Farouq Aminu,PF,ORL,18,380,86,9,36,0.25,16,50,0.32,2019-2020
anderju01,Justin Anderson,SG,BRK,10,107,38,6,29,0.207,4,9,0.444,2019-2020
anderky01,Kyle Anderson,SF,MEM,67,1330,331,24,85,0.282,133,246,0.541,2019-2020
anderry01,Ryan Anderson,C,HOU,2,14,7,1,5,0.2,1,2,0.5,2019-2020
antetgi01,Giannis Antetokounmpo,PF,MIL,63,1917,1238,89,293,0.304,596,945,0.631,2019-2020
antetko01,Kostas Antetokounmpo,PF,LAL,5,20,3,0,0,,3,3,1.0,2019-2020
antetth01,Thanasis Antetokounmpo,SF,MIL,20,129,48,0,10,0.0,24,38,0.632,2019-2020
anthoca01,Carmelo Anthony,PF,POR,58,1902,782,87,226,0.385,249,556,0.448,2019-2020
anunoog01,OG Anunoby,SF,TOR,69,2066,566,89,228,0.39,197,338,0.583,2019-2020
arcidry01,Ryan Arcidiacono,PG,CHI,58,930,220,54,138,0.391,36,82,0.439,2019-2020
arizatr01,Trevor Ariza,SF,TOT,53,1493,324,77,207,0.372,65,117,0.556,2019-2020
augusdj01,D.J. Augustin,PG,ORL,57,1420,461,70,201,0.348,114,260,0.438,2019-2020
aytonde01,Deandre Ayton,C,PHO,38,1236,568,3,13,0.231,307,555,0.553,2019-2020
bacondw01,Dwayne Bacon,SG,CHO,39,687,244,19,67,0.284,66,177,0.373,2019-2020
baglema01,Marvin Bagley III,C,SAC,13,334,167,4,22,0.182,74,145,0.51,2019-2020
balllo01,Lonzo Ball,PG,NOP,63,2025,687,148,395,0.375,129,292,0.442,2019-2020
bambamo01,Mo Bamba,C,ORL,62,878,286,37,107,0.346,95,179,0.531,2019-2020
bareajo01,J.J. Barea,PG,DAL,29,450,207,32,85,0.376,53,122,0.434,2019-2020
barneha02,Harrison Barnes,PF,SAC,72,2482,793,102,268,0.381,263,525,0.501,2019-2020
barrerj01,RJ Barrett,SG,NYK,56,1704,727,63,197,0.32,229,530,0.432,2019-2020
bartowi01,Will Barton,SF,DEN,58,1916,738,108,288,0.375,224,450,0.498,2019-2020
bateske01,Keita Bates-Diop,PF,TOT,44,744,234,34,103,0.33,66,131,0.504,2019-2020
batumni01,Nicolas Batum,SF,CHO,22,505,81,14,49,0.286,14,32,0.438,2019-2020
baynear01,Aron Baynes,C,PHO,42,934,381,59,168,0.351,124,213,0.582,2019-2020
bazemke01,Kent Bazemore,SF,TOT,68,1688,534,84,244,0.344,116,290,0.4,2019-2020
bazleda01,Darius Bazley,PF,OKC,61,1130,317,49,141,0.348,76,176,0.432,2019-2020
bealbr01,Bradley Beal,SG,WAS,57,2053,1303,170,481,0.353,423,822,0.515,2019-2020
beaslma01,Malik Beasley,SG,TOT,55,1209,534,107,276,0.388,120,258,0.465,2019-2020
belinma01,Marco Belinelli,SG,SAS,57,883,314,67,178,0.376,56,136,0.412,2019-2020
belljo01,Jordan Bell,C,TOT,29,256,67,4,12,0.333,31,55,0.564,2019-2020
bembrde01,DeAndre' Bembry,SG,ATL,43,915,228,15,65,0.231,89,163,0.546,2019-2020
bendedr01,Dragan Bender,PF,TOT,16,286,92,15,43,0.349,26,49,0.531,2019-2020
bertada01,Dāvis Bertāns,PF,WAS,54,1583,610,200,472,0.424,65,138,0.471,2019-2020
beverpa01,Patrick Beverley,PG,LAC,51,1342,341,80,206,0.388,67,135,0.496,2019-2020
birchkh01,Khem Birch,C,ORL,48,922,143,0,1,0.0,73,142,0.514,2019-2020
bitadgo01,Goga Bitadze,C,IND,54,471,150,8,42,0.19,62,108,0.574,2019-2020
biyombi01,Bismack Biyombo,C,CHO,53,1029,278,0,0,,151,278,0.543,2019-2020
bjeline01,Nemanja Bjelica,PF,SAC,72,2011,653,134,320,0.419,180,333,0.541,2019-2020
bledser01,Eric Bledsoe,PG,MIL,61,1646,703,74,215,0.344,260,488,0.533,2019-2020
bogdabo01,Bogdan Bogdanović,SG,SAC,61,1766,766,164,441,0.372,173,325,0.532,2019-2020
bogdabo02,Bojan Bogdanović,SF,UTA,63,2083,935,189,457,0.414,229,478,0.479,2019-2020
bolbo01,Bol Bol,PF,DEN,7,87,28,4,9,0.444,10,19,0.526,2019-2020
boldejo01,Jonah Bolden,C,TOT,7,47,11,0,4,0.0,4,7,0.571,2019-2020
boldema01,Marques Bolden,C,CLE,1,3,0,0,0,,0,0,,2019-2020
bonejo01,Jordan Bone,PG,DET,10,53,20,2,10,0.2,3,10,0.3,2019-2020
bongais01,Isaac Bonga,SF,WAS,66,1250,234,25,71,0.352,93,163,0.571,2019-2020
bookede01,Devin Booker,SG,PHO,70,2512,1283,141,398,0.354,486,885,0.549,2019-2020
bouchch01,Chris Boucher,C,TOR,62,819,299,38,118,0.322,103,181,0.569,2019-2020
bowenbr02,Brian Bowen,SF,IND,6,31,10,0,2,0.0,3,8,0.375,2019-2020
bowmaky01,Ky Bowman,PG,GSW,45,1015,321,33,107,0.308,101,214,0.472,2019-2020
bradlav01,Avery Bradley,SG,LAL,49,1186,383,63,173,0.364,107,210,0.51,2019-2020
bradlto01,Tony Bradley,C,UTA,58,663,189,3,3,1.0,123,186,0.661,2019-2020
brantja01,Jarrell Brantley,PF,UTA,9,96,28,3,13,0.231,7,15,0.467,2019-2020
brazdig01,Ignas Brazdeikis,SF,NYK,9,53,22,1,9,0.111,5,13,0.385,2019-2020
breweco01,Corey Brewer,PF,SAC,5,33,4,0,1,0.0,2,3,0.667,2019-2020
bridgmi01,Mikal Bridges,SF,PHO,73,2042,484,70,194,0.361,177,290,0.61,2019-2020
bridgmi02,Miles Bridges,SF,CHO,65,1995,753,99,300,0.33,220,453,0.486,2019-2020
brissos01,Oshae Brissett,SF,TOR,19,135,36,3,15,0.2,10,21,0.476,2019-2020
broekry01,Ryan Broekhoff,SF,DAL,17,180,59,20,51,0.392,2,8,0.25,2019-2020
brogdma01,Malcolm Brogdon,PG,IND,54,1666,744,75,230,0.326,251,514,0.488,2019-2020
brookdi01,Dillon Brooks,SG,MEM,73,2112,1068,147,411,0.358,288,657,0.438,2019-2020
brownbr01,Bruce Brown,PG,DET,58,1634,447,33,96,0.344,165,351,0.47,2019-2020
brownch02,Charlie Brown,SG,ATL,10,40,19,3,9,0.333,3,10,0.3,2019-2020
brownja02,Jaylen Brown,SG,BOS,57,1934,887,129,338,0.382,298,549,0.543,2019-2020
brownmo01,Moses Brown,C,POR,9,33,10,0,0,,4,10,0.4,2019-2020
brownst02,Sterling Brown,SF,MIL,52,767,256,44,136,0.324,51,120,0.425,2019-2020
browntr01,Troy Brown Jr.,SF,WAS,69,1782,622,61,179,0.341,212,443,0.479,2019-2020
brunsja01,Jalen Brunson,PG,DAL,57,1022,388,43,120,0.358,138,268,0.515,2019-2020
bryanth01,Thomas Bryant,C,WAS,46,1147,418,37,91,0.407,206,327,0.63,2019-2020
bullore01,Reggie Bullock,SG,NYK,29,684,224,37,111,0.333,53,113,0.469,2019-2020
burketr01,Trey Burke,PG,TOT,33,520,209,32,75,0.427,62,134,0.463,2019-2020
burksal01,Alec Burks,SF,TOT,66,1754,768,116,301,0.385,205,467,0.439,2019-2020
burtode02,Deonte Burton,SF,OKC,39,356,125,10,53,0.189,33,72,0.458,2019-2020
butleji01,Jimmy Butler,SF,MIA,58,1959,758,29,119,0.244,316,639,0.495,2019-2020
cabocbr01,Bruno Caboclo,C,TOT,30,244,89,6,33,0.182,32,56,0.571,2019-2020
cacokde01,Devontae Cacok,C,LAL,1,9,6,0,0,,3,6,0.5,2019-2020
caldwke01,Kentavious Caldwell-Pope,SG,LAL,69,1762,507,92,239,0.385,145,268,0.541,2019-2020
cancavl01,Vlatko Čančar,PF,DEN,14,45,15,1,6,0.167,5,9,0.556,2019-2020
capelca01,Clint Capela,C,HOU,39,1279,388,0,0,,244,388,0.629,2019-2020
carrode01,DeMarre Carroll,SF,TOT,24,290,66,8,33,0.242,17,33,0.515,2019-2020
carteje01,Jevon Carter,PG,PHO,58,945,243,62,146,0.425,39,97,0.402,2019-2020
cartevi01,Vince Carter,PF,ATL,60,876,304,61,202,0.302,46,102,0.451,2019-2020
cartewe01,Wendell Carter Jr.,C,CHI,43,1256,343,6,29,0.207,177,314,0.564,2019-2020
cartemi01,Michael Carter-Williams,SG,ORL,45,833,260,22,75,0.293,89,185,0.481,2019-2020
carusal01,Alex Caruso,PG,LAL,64,1175,291,40,120,0.333,80,171,0.468,2019-2020
caulewi01,Willie Cauley-Stein,C,TOT,54,1097,302,0,1,0.0,175,301,0.581,2019-2020
chandty01,Tyson Chandler,C,HOU,26,219,18,0,0,,14,18,0.778,2019-2020
chandwi01,Wilson Chandler,PF,BRK,35,734,183,37,121,0.306,37,62,0.597,2019-2020
chealjo01,Joe Chealey,PG,CHO,4,33,7,0,4,0.0,0,3,0.0,2019-2020
cheatzy01,Zylan Cheatham,PF,NOP,4,51,9,0,1,0.0,6,8,0.75,2019-2020
chiozch01,Chris Chiozza,PG,TOT,28,401,140,27,72,0.375,28,68,0.412,2019-2020
chrisma01,Marquese Chriss,PF,GSW,59,1196,385,8,39,0.205,202,346,0.584,2019-2020
clarkga01,Gary Clark,SF,TOT,42,567,133,39,111,0.351,15,22,0.682,2019-2020
clarkbr01,Brandon Clarke,PF,MEM,58,1300,479,23,64,0.359,273,415,0.658,2019-2020
clarkjo01,Jordan Clarkson,SG,TOT,71,1705,867,152,413,0.368,242,454,0.533,2019-2020
claxtni01,Nicolas Claxton,C,BRK,15,187,48,1,7,0.143,26,41,0.634,2019-2020
clemoch01,Chris Clemons,SG,HOU,33,291,142,37,107,0.346,20,35,0.571,2019-2020
clevean01,Antonius Cleveland,SG,DAL,11,46,14,0,3,0.0,4,11,0.364,2019-2020
coffeam01,Amir Coffey,SG,LAC,18,159,54,6,19,0.316,17,35,0.486,2019-2020
collijo01,John Collins,PF,ATL,41,1363,605,59,147,0.401,294,458,0.642,2019-2020
colliza01,Zach Collins,PF,POR,11,290,68,7,19,0.368,25,49,0.51,2019-2020
conlemi01,Mike Conley,PG,UTA,47,1363,567,96,256,0.375,136,311,0.437,2019-2020
connapa01,Pat Connaughton,SG,MIL,67,1243,301,55,166,0.331,82,135,0.607,2019-2020
cookqu01,Quinn Cook,PG,LAL,44,508,214,31,85,0.365,60,129,0.465,2019-2020
cookty01,Tyler Cook,PF,TOT,13,54,12,0,0,,8,12,0.667,2019-2020
covinro01,Robert Covington,PF,TOT,70,2137,723,161,480,0.335,144,243,0.593,2019-2020
crabbal01,Allen Crabbe,SG,TOT,37,653,177,36,119,0.303,27,58,0.466,2019-2020
craigto01,Torrey Craig,SF,DEN,58,1072,269,45,138,0.326,79,131,0.603,2019-2020
crawfja01,Jamal Crawford,SG,BRK,1,6,4,1,2,0.5,1,2,0.5,2019-2020
crowdja01,Jae Crowder,SF,TOT,65,1875,563,135,394,0.343,91,169,0.538,2019-2020
culveja01,Jarrett Culver,SG,MIN,63,1506,569,66,221,0.299,164,348,0.471,2019-2020
curryse01,Seth Curry,SG,DAL,64,1576,574,145,321,0.452,139,253,0.549,2019-2020
curryst01,Stephen Curry,PG,GSW,5,139,82,12,49,0.245,21,33,0.636,2019-2020
danietr01,Troy Daniels,SG,TOT,47,532,186,46,132,0.348,26,54,0.481,2019-2020
davisan02,Anthony Davis,PF,LAL,62,2131,1096,72,218,0.33,479,878,0.546,2019-2020
davised01,Ed Davis,C,UTA,28,303,46,0,0,,22,46,0.478,2019-2020
daviste02,Terence Davis,SG,TOR,72,1209,436,94,242,0.388,105,194,0.541,2019-2020
dedmode01,Dewayne Dedmon,C,TOT,44,774,255,22,107,0.206,80,148,0.541,2019-2020
dellama01,Matthew Dellavedova,PG,CLE,57,821,175,21,91,0.231,41,84,0.488,2019-2020
derozde01,DeMar DeRozan,SF,SAS,68,2316,1049,9,35,0.257,548,1014,0.54,2019-2020
diallch01,Cheick Diallo,C,PHO,47,479,142,1,3,0.333,91,139,0.655,2019-2020
diallha01,Hamidou Diallo,SF,OKC,46,896,296,16,57,0.281,116,239,0.485,2019-2020
dienggo01,Gorgui Dieng,C,TOT,63,1096,364,54,152,0.355,112,212,0.528,2019-2020
dinwisp01,Spencer Dinwiddie,PG,BRK,64,1994,1021,123,400,0.308,301,621,0.485,2019-2020
divindo01,Donte DiVincenzo,SG,MIL,66,1520,510,83,247,0.336,149,263,0.567,2019-2020
doncilu01,Luka Dončić,PG,DAL,61,2047,1255,171,541,0.316,410,714,0.574,2019-2020
dortlu01,Luguentz Dort,SF,OKC,36,820,218,30,101,0.297,56,117,0.479,2019-2020
dotsoda01,Damyean Dotson,SG,NYK,48,836,290,59,163,0.362,61,127,0.48,2019-2020
doumbse01,Sekou Doumbouya,PF,DET,38,754,236,28,98,0.286,64,138,0.464,2019-2020
doziepj01,PJ Dozier,SG,DEN,29,412,157,17,49,0.347,48,108,0.444,2019-2020
dragigo01,Goran Dragić,PG,MIA,59,1663,724,124,338,0.367,195,386,0.505,2019-2020
drumman01,Andre Drummond,C,TOT,57,1879,784,5,35,0.143,413,749,0.551,2019-2020
dudleja01,Jared Dudley,PF,LAL,45,364,60,18,42,0.429,6,18,0.333,2019-2020
dunnkr01,Kris Dunn,PG,CHI,51,1269,342,29,112,0.259,123,230,0.535,2019-2020
edwarca01,Carsen Edwards,SG,BOS,37,351,128,24,76,0.316,18,52,0.346,2019-2020
ellenhe01,Henry Ellenson,C,BRK,5,15,7,0,4,0.0,1,3,0.333,2019-2020
ellinwa01,Wayne Ellington,SG,NYK,36,558,174,50,143,0.35,11,31,0.355,2019-2020
embiijo01,Joel Embiid,C,PHI,51,1506,801,57,172,0.331,325,629,0.517,2019-2020
ennisja01,James Ennis,SF,TOT,69,1265,359,55,169,0.325,105,190,0.553,2019-2020
eubandr01,Drew Eubanks,C,SAS,22,272,67,1,1,1.0,42,66,0.636,2019-2020
evansja02,Jacob Evans,SG,TOT,29,418,134,13,39,0.333,32,95,0.337,2019-2020
exumda01,Dante Exum,SG,TOT,35,485,119,15,43,0.349,41,76,0.539,2019-2020
fallta01,Tacko Fall,C,BOS,7,33,14,0,0,,11,14,0.786,2019-2020
favorde01,Derrick Favors,C,NOP,51,1243,339,1,7,0.143,208,332,0.627,2019-2020
feliccr01,Cristiano Felício,C,CHI,22,386,54,0,2,0.0,34,52,0.654,2019-2020
fergute01,Terrance Ferguson,SF,OKC,56,1257,220,49,168,0.292,29,52,0.558,2019-2020
fernabr01,Bruno Fernando,C,ATL,56,713,199,5,37,0.135,98,162,0.605,2019-2020
ferreyo01,Yogi Ferrell,PG,SAC,50,530,188,24,79,0.304,55,109,0.505,2019-2020
finnedo01,Dorian Finney-Smith,PF,DAL,71,2120,522,114,303,0.376,129,219,0.589,2019-2020
forbebr01,Bryn Forbes,SG,SAS,63,1579,581,148,381,0.388,94,200,0.47,2019-2020
fournev01,Evan Fournier,SF,ORL,66,2076,929,173,434,0.399,261,495,0.527,2019-2020
foxde01,De'Aaron Fox,PG,SAC,51,1634,815,54,185,0.292,337,630,0.535,2019-2020
frazime01,Melvin Frazier,SG,ORL,19,126,34,8,16,0.5,7,18,0.389,2019-2020
frazimi01,Michael Frazier,SG,HOU,13,145,29,4,23,0.174,3,6,0.5,2019-2020
fraziti01,Tim Frazier,PG,DET,27,355,94,10,30,0.333,24,64,0.375,2019-2020
fultzma01,Markelle Fultz,PG,ORL,72,1996,772,36,135,0.267,323,637,0.507,2019-2020
gabriwe01,Wenyen Gabriel,PF,TOT,30,235,48,6,20,0.3,15,28,0.536,2019-2020
gaffoda01,Daniel Gafford,C,CHI,43,609,134,0,0,,94,134,0.701,2019-2020
gallida01,Danilo Gallinari,PF,OKC,62,1834,817,178,439,0.405,180,378,0.476,2019-2020
gallola01,Langston Galloway,SG,DET,66,1702,542,132,331,0.399,104,211,0.493,2019-2020
garlada01,Darius Garland,SG,CLE,59,1824,699,105,296,0.355,175,403,0.434,2019-2020
gasolma01,Marc Gasol,C,TOR,44,1161,279,57,148,0.385,62,131,0.473,2019-2020
gayru01,Rudy Gay,PF,SAS,67,1461,596,74,220,0.336,192,376,0.511,2019-2020
georgpa01,Paul George,SF,LAC,48,1419,782,157,381,0.412,186,401,0.464,2019-2020
gibsota01,Taj Gibson,C,NYK,62,1025,286,4,14,0.286,163,272,0.599,2019-2020
gilesha01,Harry Giles,C,SAC,46,667,251,0,2,0.0,139,249,0.558,2019-2020
gilgesh01,Shai Gilgeous-Alexander,SG,OKC,70,2428,1015,87,251,0.347,391,764,0.512,2019-2020
goberru01,Rudy Gobert,C,UTA,68,2333,557,0,0,,386,557,0.693,2019-2020
goodwbr01,Brandon Goodwin,PG,ATL,34,430,190,26,87,0.299,50,103,0.485,2019-2020
gordoaa01,Aaron Gordon,PF,ORL,62,2017,767,73,237,0.308,262,530,0.494,2019-2020
gordoer01,Eric Gordon,SF,HOU,36,1016,463,96,303,0.317,75,160,0.469,2019-2020
grahade01,Devonte' Graham,PG,CHO,63,2211,963,218,585,0.373,150,378,0.397,2019-2020
grahatr01,Treveon Graham,SF,TOT,55,929,242,33,120,0.275,54,122,0.443,2019-2020
grantje01,Jerami Grant,PF,DEN,71,1892,634,98,252,0.389,205,382,0.537,2019-2020
grantje02,Jerian Grant,SG,WAS,6,80,27,2,8,0.25,8,19,0.421,2019-2020
grayjo01,Josh Gray,PG,NOP,2,23,2,0,0,,1,2,0.5,2019-2020
greenda02,Danny Green,SG,LAL,68,1687,474,120,327,0.367,77,147,0.524,2019-2020
greendr01,Draymond Green,PF,GSW,43,1222,316,36,129,0.279,87,187,0.465,2019-2020
greenja01,JaMychal Green,PF,LAC,63,1307,352,92,238,0.387,59,114,0.518,2019-2020
greenja02,Javonte Green,SG,BOS,48,468,126,9,33,0.273,54,93,0.581,2019-2020
greenje02,Jeff Green,PF,TOT,48,960,344,62,183,0.339,97,161,0.602,2019-2020
griffbl01,Blake Griffin,PF,DET,18,512,250,27,111,0.243,61,139,0.439,2019-2020
gudurma01,Marko Guduric,SG,MEM,44,484,157,25,83,0.301,37,74,0.5,2019-2020
guyky01,Kyle Guy,SG,SAC,3,10,5,0,3,0.0,2,2,1.0,2019-2020
hachiru01,Rui Hachimura,PF,WAS,48,1444,545,25,87,0.287,229,458,0.5,2019-2020
hallde01,Devon Hall,PG,OKC,11,81,30,4,17,0.235,2,13,0.154,2019-2020
halldo01,Donta Hall,C,TOT,9,133,22,0,0,,15,22,0.682,2019-2020
hannadu01,Dusty Hannahs,SG,MEM,2,13,9,2,3,0.667,2,6,0.333,2019-2020
hardati02,Tim Hardaway Jr.,SG,DAL,71,2091,884,204,513,0.398,180,371,0.485,2019-2020
hardeja01,James Harden,SG,HOU,68,2483,1514,299,843,0.355,373,671,0.556,2019-2020
harklma01,Maurice Harkless,PF,TOT,62,1427,283,34,98,0.347,108,185,0.584,2019-2020
harpeja01,Jared Harper,PG,PHO,3,8,4,0,2,0.0,1,2,0.5,2019-2020
harremo01,Montrezl Harrell,C,LAC,63,1749,812,0,18,0.0,471,794,0.593,2019-2020
harriga01,Gary Harris,SG,DEN,56,1780,519,70,210,0.333,148,309,0.479,2019-2020
harrijo01,Joe Harris,SF,BRK,69,2123,784,172,406,0.424,209,378,0.553,2019-2020
harrito02,Tobias Harris,PF,PHI,72,2469,1173,131,357,0.367,422,816,0.517,2019-2020
harrish01,Shaquille Harrison,SG,CHI,43,484,165,16,42,0.381,61,123,0.496,2019-2020
hartjo01,Josh Hart,SF,NOP,65,1755,532,121,354,0.342,104,178,0.584,2019-2020
harteis01,Isaiah Hartenstein,C,HOU,23,266,67,0,5,0.0,44,62,0.71,2019-2020
hasleud01,Udonis Haslem,C,MIA,4,44,11,1,3,0.333,3,8,0.375,2019-2020
hayesja02,Jaxson Hayes,C,NOP,64,1080,259,1,4,0.25,173,255,0.678,2019-2020
haywago01,Gordon Hayward,SF,BOS,52,1740,700,85,222,0.383,265,478,0.554,2019-2020
hensojo01,John Henson,C,TOT,40,600,171,8,36,0.222,87,135,0.644,2019-2020
hernade01,Dewan Hernandez,C,TOR,6,28,14,1,2,0.5,4,12,0.333,2019-2020
hernaju01,Juan Hernangómez,PF,TOT,48,833,247,44,129,0.341,56,118,0.475,2019-2020
hernawi01,Willy Hernangómez,C,CHO,31,375,139,5,22,0.227,69,117,0.59,2019-2020
herroty01,Tyler Herro,SG,MIA,55,1508,631,116,298,0.389,154,333,0.462,2019-2020
herveke01,Kevin Hervey,PF,OKC,10,52,27,3,20,0.15,4,7,0.571,2019-2020
hezonma01,Mario Hezonja,PF,POR,53,871,218,24,78,0.308,68,140,0.486,2019-2020
hieldbu01,Buddy Hield,SG,SAC,72,2216,1162,271,688,0.394,227,474,0.479,2019-2020
hillge01,George Hill,PG,MIL,59,1271,376,81,176,0.46,113,200,0.565,2019-2020
hillso01,Solomon Hill,PF,TOT,59,1088,278,63,171,0.368,47,107,0.439,2019-2020
hoardja01,Jaylen Hoard,PF,POR,13,103,32,0,3,0.0,15,29,0.517,2019-2020
holidaa01,Aaron Holiday,PG,IND,66,1617,563,87,221,0.394,146,342,0.427,2019-2020
holidjr01,Jrue Holiday,SG,NOP,61,2117,1006,122,346,0.353,336,660,0.509,2019-2020
holidju01,Justin Holiday,SF,IND,73,1826,486,134,331,0.405,74,155,0.477,2019-2020
holliro01,Rondae Hollis-Jefferson,PF,TOR,60,1122,329,3,23,0.13,152,306,0.497,2019-2020
holmeri01,Richaun Holmes,C,SAC,44,1242,344,0,0,,223,344,0.648,2019-2020
hoodro01,Rodney Hood,SF,POR,21,619,172,35,71,0.493,52,101,0.515,2019-2020
horfoal01,Al Horford,C,PHI,67,2025,709,99,283,0.35,220,426,0.516,2019-2020
hortota01,Talen Horton-Tucker,SG,LAL,6,81,30,4,13,0.308,10,17,0.588,2019-2020
houseda01,Danuel House,SF,HOU,63,1913,539,129,355,0.363,101,184,0.549,2019-2020
howardw01,Dwight Howard,C,LAL,69,1306,277,3,5,0.6,199,272,0.732,2019-2020
howarwi01,William Howard,PF,HOU,2,13,4,0,4,0.0,0,0,,2019-2020
huertke01,Kevin Huerter,SG,ATL,56,1760,610,127,334,0.38,125,276,0.453,2019-2020
huntede01,De'Andre Hunter,SF,ATL,63,2018,683,108,304,0.355,172,379,0.454,2019-2020
hutchch01,Chandler Hutchison,SF,CHI,28,527,175,12,38,0.316,68,137,0.496,2019-2020
ibakase01,Serge Ibaka,C,TOR,55,1485,670,70,182,0.385,273,488,0.559,2019-2020
iguodan01,Andre Iguodala,SF,MIA,21,418,88,14,47,0.298,24,41,0.585,2019-2020
ilyaser01,Ersan İlyasova,PF,MIL,63,986,313,50,137,0.365,96,176,0.545,2019-2020
inglejo01,Joe Ingles,PF,UTA,72,2137,553,141,353,0.399,105,200,0.525,2019-2020
ingrabr01,Brandon Ingram,PF,NOP,62,2104,1096,150,384,0.391,357,712,0.501,2019-2020
irvinky01,Kyrie Irving,PG,BRK,20,658,416,56,142,0.394,143,274,0.522,2019-2020
isaacjo01,Jonathan Isaac,PF,ORL,34,980,332,32,94,0.34,124,238,0.521,2019-2020
iwundwe01,Wesley Iwundu,SF,ORL,52,953,233,28,82,0.341,69,151,0.457,2019-2020
jacksfr01,Frank Jackson,PG,NOP,59,797,331,47,144,0.326,87,187,0.465,2019-2020
jacksja02,Jaren Jackson Jr.,C,MEM,57,1622,753,145,368,0.394,208,385,0.54,2019-2020
jacksjo02,Josh Jackson,SF,MEM,22,381,159,23,72,0.319,47,87,0.54,2019-2020
jacksju01,Justin Jackson,PF,DAL,65,1045,341,48,163,0.294,87,178,0.489,2019-2020
jacksre01,Reggie Jackson,SG,TOT,31,743,326,57,145,0.393,77,181,0.425,2019-2020
jamesju01,Justin James,SF,SAC,36,232,84,9,29,0.31,26,55,0.473,2019-2020
jamesle01,LeBron James,PG,LAL,67,2316,1303,148,425,0.348,495,878,0.564,2019-2020
jeffeam01,Amile Jefferson,PF,ORL,18,74,14,0,0,,5,14,0.357,2019-2020
jeffrda01,DaQuan Jeffries,SG,SAC,13,141,40,5,18,0.278,15,22,0.682,2019-2020
jeromty01,Ty Jerome,SG,PHO,31,328,113,14,50,0.28,24,63,0.381,2019-2020
johnsal02,Alize Johnson,PF,IND,17,118,29,3,8,0.375,9,21,0.429,2019-2020
johnsbj01,B.J. Johnson,SF,ORL,10,83,32,3,9,0.333,6,23,0.261,2019-2020
johnsca02,Cameron Johnson,PF,PHO,57,1255,405,106,272,0.39,70,133,0.526,2019-2020
johnsja01,James Johnson,PF,TOT,32,619,215,33,91,0.363,70,124,0.565,2019-2020
johnske04,Keldon Johnson,SF,SAS,17,301,89,13,22,0.591,40,67,0.597,2019-2020
johnsst04,Stanley Johnson,PF,TOR,25,150,59,7,24,0.292,15,35,0.429,2019-2020
johnsty01,Tyler Johnson,PG,TOT,39,709,250,38,119,0.319,59,131,0.45,2019-2020
jokicni01,Nikola Jokić,C,DEN,73,2336,1071,80,255,0.314,485,816,0.594,2019-2020
jonesda03,Damian Jones,C,ATL,55,887,178,2,9,0.222,119,169,0.704,2019-2020
jonesde02,Derrick Jones Jr.,SF,MIA,59,1375,349,37,132,0.28,147,217,0.677,2019-2020
jonesty01,Tyus Jones,PG,MEM,65,1232,429,47,124,0.379,150,305,0.492,2019-2020
jordade01,DeAndre Jordan,C,BRK,56,1234,287,0,0,,191,287,0.666,2019-2020
josepco01,Cory Joseph,PG,SAC,72,1759,412,56,159,0.352,115,253,0.455,2019-2020
kabenmf01,Mfiondu Kabengele,C,LAC,12,64,32,9,20,0.45,5,12,0.417,2019-2020
kaminfr01,Frank Kaminsky,C,PHO,39,777,307,41,124,0.331,97,183,0.53,2019-2020
kanteen01,Enes Kanter,C,BOS,58,983,348,1,7,0.143,198,341,0.581,2019-2020
kennalu01,Luke Kennard,SG,DET,28,922,342,73,183,0.399,78,159,0.491,2019-2020
kiddst01,Stanton Kidd,SG,UTA,4,15,3,0,1,0.0,0,2,0.0,2019-2020
kiddgmi01,Michael Kidd-Gilchrist,PF,TOT,25,281,66,5,20,0.25,17,46,0.37,2019-2020
kinglo02,Louis King,SF,DET,10,62,21,4,11,0.364,4,10,0.4,2019-2020
klebima01,Maxi Kleber,PF,DAL,74,1890,514,119,319,0.373,118,195,0.605,2019-2020
knighbr03,Brandon Knight,SG,TOT,25,462,167,45,131,0.344,14,36,0.389,2019-2020
knoxke01,Kevin Knox,SF,NYK,65,1166,401,65,199,0.327,79,202,0.391,2019-2020
konchjo01,John Konchar,SG,MEM,19,181,37,5,10,0.5,19,27,0.704,2019-2020
korkmfu01,Furkan Korkmaz,SG,PHI,72,1559,563,143,356,0.402,99,207,0.478,2019-2020
kornelu01,Luke Kornet,C,CHI,36,559,187,31,108,0.287,51,79,0.646,2019-2020
korveky01,Kyle Korver,SF,MIL,58,960,293,99,237,0.418,27,56,0.482,2019-2020
kurucro01,Rodions Kurucs,PF,BRK,47,684,177,33,90,0.367,46,87,0.529,2019-2020
kuzmaky01,Kyle Kuzma,PF,LAL,61,1526,668,86,272,0.316,205,396,0.518,2019-2020
labissk01,Skal Labissière,C,POR,33,567,147,3,13,0.231,78,134,0.582,2019-2020
lambje01,Jeremy Lamb,SG,IND,46,1291,479,53,158,0.335,163,321,0.508,2019-2020
langfro01,Romeo Langford,SG,BOS,32,370,80,5,27,0.185,23,53,0.434,2019-2020
lavinza01,Zach LaVine,SG,CHI,60,2085,1199,184,484,0.38,355,715,0.497,2019-2020
lawvi01,Vic Law,PF,ORL,8,62,18,1,7,0.143,5,11,0.455,2019-2020
laymaja01,Jake Layman,SF,MIN,23,505,179,24,72,0.333,57,107,0.533,2019-2020
leaftj01,T.J. Leaf,PF,IND,28,222,86,5,18,0.278,31,68,0.456,2019-2020
lecquja01,Jalen Lecque,SG,PHO,5,32,10,0,4,0.0,4,6,0.667,2019-2020
leeco01,Courtney Lee,SG,DAL,24,345,82,21,47,0.447,19,35,0.543,2019-2020
leeda03,Damion Lee,SG,GSW,49,1423,511,85,239,0.356,128,272,0.471,2019-2020
lenal01,Alex Len,C,TOT,55,970,319,16,59,0.271,161,260,0.619,2019-2020
leonaka01,Kawhi Leonard,SF,LAC,57,1848,1133,123,325,0.378,409,808,0.506,2019-2020
leoname01,Meyers Leonard,C,MIA,51,1034,234,53,128,0.414,66,106,0.623,2019-2020
leverca01,Caris LeVert,SG,BRK,45,1330,732,80,220,0.364,231,512,0.451,2019-2020
lillada01,Damian Lillard,PG,POR,66,2474,1349,270,674,0.401,354,675,0.524,2019-2020
littlna01,Nassir Little,PF,POR,48,573,151,14,59,0.237,51,92,0.554,2019-2020
looneke01,Kevon Looney,C,GSW,20,262,79,1,14,0.071,28,65,0.431,2019-2020
lopezbr01,Brook Lopez,C,MIL,68,1817,671,102,325,0.314,190,346,0.549,2019-2020
lopezro01,Robin Lopez,C,MIL,66,958,299,35,105,0.333,112,194,0.577,2019-2020
loveke01,Kevin Love,PF,CLE,56,1780,727,146,390,0.374,181,337,0.537,2019-2020
lowryky01,Kyle Lowry,PG,TOR,58,2098,803,164,466,0.352,170,337,0.504,2019-2020
luwawti01,Timothé Luwawu-Cabarrot,SF,BRK,47,853,269,62,160,0.388,55,109,0.505,2019-2020
lylestr01,Trey Lyles,PF,SAS,63,1271,343,65,168,0.387,88,175,0.503,2019-2020
maconda01,Daryl Macon,PG,MIA,4,14,3,1,2,0.5,0,1,0.0,2019-2020
macurjp01,J.P. Macura,SG,CLE,1,1,0,0,0,,0,0,,2019-2020
magetjo01,Josh Magette,PG,ORL,8,38,15,1,4,0.25,4,11,0.364,2019-2020
mahinia01,Ian Mahinmi,C,WAS,38,808,210,5,26,0.192,99,184,0.538,2019-2020
makerth01,Thon Maker,C,DET,60,776,193,22,64,0.344,71,129,0.55,2019-2020
mannte01,Terance Mann,SF,LAC,41,362,79,7,20,0.35,30,59,0.508,2019-2020
marjabo01,Boban Marjanović,C,DAL,44,422,211,4,17,0.235,117,194,0.603,2019-2020
markkla01,Lauri Markkanen,PF,CHI,50,1492,591,109,317,0.344,142,274,0.518,2019-2020
martica02,Caleb Martin,SF,CHO,18,317,84,20,37,0.541,17,47,0.362,2019-2020
martico01,Cody Martin,SF,CHO,48,903,207,18,77,0.234,71,130,0.546,2019-2020
martije02,Jeremiah Martin,PG,BRK,9,99,53,5,18,0.278,19,35,0.543,2019-2020
martike03,Kelan Martin,SF,MIN,31,495,181,25,96,0.26,46,85,0.541,2019-2020
masonfr01,Frank Mason III,PG,MIL,9,118,51,6,21,0.286,17,30,0.567,2019-2020
mathega01,Garrison Mathews,SG,WAS,18,227,56,19,46,0.413,5,10,0.5,2019-2020
matthwe02,Wesley Matthews,SG,MIL,67,1635,422,108,297,0.364,59,125,0.472,2019-2020
mbahalu01,Luc Mbah a Moute,PF,HOU,3,25,5,0,2,0.0,2,3,0.667,2019-2020
mccawpa01,Patrick McCaw,SF,TOR,37,908,162,23,71,0.324,44,91,0.484,2019-2020
mccolcj01,CJ McCollum,SG,POR,70,2556,1356,194,512,0.379,417,844,0.494,2019-2020
mccontj01,T.J. McConnell,PG,IND,71,1326,411,5,17,0.294,207,394,0.525,2019-2020
mcdanja01,Jalen McDaniels,SF,CHO,16,293,70,9,24,0.375,24,46,0.522,2019-2020
mcderdo01,Doug McDermott,PF,IND,69,1372,547,128,294,0.435,139,253,0.549,2019-2020
mcgeeja01,JaVale McGee,C,LAL,68,1130,306,3,6,0.5,192,300,0.64,2019-2020
mcgruro01,Rodney McGruder,SG,LAC,56,871,181,24,89,0.27,48,92,0.522,2019-2020
mckinal01,Alfonzo McKinnie,SF,CLE,40,593,171,14,65,0.215,59,106,0.557,2019-2020
mclaujo01,Jordan McLaughlin,PG,MIN,30,590,178,29,76,0.382,58,102,0.569,2019-2020
mclembe01,Ben McLemore,SF,HOU,71,1619,545,181,452,0.4,61,93,0.656,2019-2020
mcraejo01,Jordan McRae,SG,TOT,37,784,366,45,126,0.357,104,240,0.433,2019-2020
mellini01,Nicolò Melli,C,NOP,60,1042,323,69,206,0.335,67,117,0.573,2019-2020
meltode01,De'Anthony Melton,PG,MEM,60,1167,401,40,140,0.286,121,261,0.464,2019-2020
metuch01,Chimezie Metu,C,SAS,18,105,42,0,2,0.0,24,40,0.6,2019-2020
middlkh01,Khris Middleton,SF,MIL,62,1853,947,147,354,0.415,324,593,0.546,2019-2020
mikaer01,Eric Mika,C,SAC,1,19,3,0,0,,2,3,0.667,2019-2020
milescj01,C.J. Miles,SF,WAS,10,161,59,11,35,0.314,8,24,0.333,2019-2020
millema01,Malcolm Miller,SF,TOR,28,162,29,8,22,0.364,4,7,0.571,2019-2020
millspa02,Patty Mills,PG,SAS,66,1485,598,154,403,0.382,104,195,0.533,2019-2020
millspa01,Paul Millsap,PF,DEN,51,1240,438,54,124,0.435,157,314,0.5,2019-2020
miltosh01,Shake Milton,SG,PHI,40,805,277,58,135,0.43,76,142,0.535,2019-2020
mitchdo01,Donovan Mitchell,SG,UTA,69,2364,1342,173,473,0.366,429,869,0.494,2019-2020
mitrona01,Naz Mitrou-Long,SG,IND,5,47,17,2,12,0.167,4,5,0.8,2019-2020
mokokad01,Adam Mokoka,SF,CHI,11,112,28,6,15,0.4,6,13,0.462,2019-2020
monkma01,Malik Monk,SG,CHO,55,1169,488,58,204,0.284,154,284,0.542,2019-2020
moonema01,Matt Mooney,SG,CLE,4,19,4,0,2,0.0,1,2,0.5,2019-2020
mooreet01,E'Twaun Moore,SG,NOP,56,1020,437,63,167,0.377,123,270,0.456,2019-2020
moranja01,Ja Morant,PG,MEM,67,2074,937,60,179,0.335,387,758,0.511,2019-2020
morgaju01,Juwan Morgan,PF,UTA,21,134,26,3,8,0.375,12,18,0.667,2019-2020
morrima03,Marcus Morris,SF,TOT,62,1936,810,142,348,0.408,213,462,0.461,2019-2020
morrima02,Markieff Morris,PF,TOT,58,1187,458,88,228,0.386,115,230,0.5,2019-2020
morrimo01,Monte Morris,PG,DEN,73,1636,566,65,172,0.378,195,394,0.495,2019-2020
motlejo01,Johnathan Motley,PF,LAC,13,41,15,1,1,1.0,10,14,0.714,2019-2020
mudiaem01,Emmanuel Mudiay,PG,UTA,54,850,327,30,87,0.345,121,240,0.504,2019-2020
muldemy01,Mychal Mulder,SF,GSW,7,204,67,16,52,0.308,10,15,0.667,2019-2020
murrade01,Dejounte Murray,PG,SAS,66,1687,637,41,111,0.369,253,526,0.481,2019-2020
murraja01,Jamal Murray,PG,DEN,59,1904,894,112,324,0.346,296,570,0.519,2019-2020
musadz01,Džanan Musa,SF,BRK,40,487,172,19,78,0.244,45,94,0.479,2019-2020
muscami01,Mike Muscala,C,OKC,47,572,189,54,143,0.378,23,46,0.5,2019-2020
mykhasv01,Svi Mykhailiuk,SF,DET,56,1265,405,115,285,0.404,51,120,0.425,2019-2020
naderab01,Abdel Nader,SF,OKC,55,867,263,48,128,0.375,75,135,0.556,2019-2020
nancela02,Larry Nance Jr.,PF,CLE,56,1472,431,56,159,0.352,173,272,0.636,2019-2020
napiesh01,Shabazz Napier,PG,TOT,56,1344,456,76,240,0.317,112,216,0.519,2019-2020
netora01,Raul Neto,PG,PHI,54,668,222,34,88,0.386,67,134,0.5,2019-2020
newmama01,Malik Newman,SG,CLE,1,4,2,0,1,0.0,0,1,0.0,2019-2020
niangge01,Georges Niang,PF,UTA,66,923,322,90,225,0.4,51,97,0.526,2019-2020
noahjo01,Joakim Noah,C,LAC,5,50,8,0,0,,4,8,0.5,2019-2020
noelne01,Nerlens Noel,C,OKC,61,1127,269,1,3,0.333,183,266,0.688,2019-2020
norveza01,Zach Norvell,SG,TOT,5,41,12,3,8,0.375,0,4,0.0,2019-2020
nowelja01,Jaylen Nowell,SG,MIN,15,151,53,3,26,0.115,16,27,0.593,2019-2020
ntilila01,Frank Ntilikina,PG,NYK,57,1187,333,44,137,0.321,87,196,0.444,2019-2020
nunnke01,Kendrick Nunn,PG,MIA,67,1962,914,137,391,0.35,264,523,0.505,2019-2020
nurkiju01,Jusuf Nurkić,C,POR,8,253,109,2,10,0.2,52,99,0.525,2019-2020
nwabada01,David Nwaba,SF,BRK,20,268,71,12,28,0.429,25,43,0.581,2019-2020
onealro01,Royce O'Neale,SF,UTA,71,2049,365,92,244,0.377,66,121,0.545,2019-2020
oquinky01,Kyle O'Quinn,C,PHI,29,313,85,7,27,0.259,35,58,0.603,2019-2020
ojelese01,Semi Ojeleye,PF,BOS,69,1011,196,48,127,0.378,32,69,0.464,2019-2020
okafoja01,Jahlil Okafor,C,NOP,30,467,162,1,3,0.333,100,159,0.629,2019-2020
okoboel01,Elie Okobo,PG,PHO,55,719,181,25,71,0.352,47,110,0.427,2019-2020
okogijo01,Josh Okogie,SG,MIN,62,1547,398,41,154,0.266,129,244,0.529,2019-2020
okpalkz01,KZ Okpala,PF,MIA,5,26,5,0,1,0.0,3,4,0.75,2019-2020
oladivi01,Victor Oladipo,SG,IND,19,528,246,33,104,0.317,64,142,0.451,2019-2020
olynyke01,Kelly Olynyk,C,MIA,67,1300,398,95,234,0.406,89,164,0.543,2019-2020
onimi01,Miye Oni,SF,UTA,10,109,32,7,19,0.368,5,13,0.385,2019-2020
osmande01,Cedi Osman,SF,CLE,65,1910,609,123,321,0.383,143,288,0.497,2019-2020
oubreke01,Kelly Oubre Jr.,SF,PHO,56,1933,826,108,307,0.352,265,519,0.511,2019-2020
owensta01,Tariq Owens,PF,PHO,3,15,5,0,2,0.0,1,3,0.333,2019-2020
pargoje01,Jeremy Pargo,PG,GSW,3,44,22,3,7,0.429,8,15,0.533,2019-2020
parkeja01,Jabari Parker,PF,TOT,38,917,429,32,119,0.269,187,310,0.603,2019-2020
parsoch01,Chandler Parsons,PF,ATL,5,54,18,4,14,0.286,1,4,0.25,2019-2020
pascher01,Eric Paschall,PF,GSW,60,1654,640,37,129,0.287,281,511,0.55,2019-2020
pasecan01,Anžejs Pasečņiks,C,WAS,27,437,116,0,3,0.0,61,113,0.54,2019-2020
pattepa01,Patrick Patterson,PF,LAC,59,776,233,67,172,0.39,28,61,0.459,2019-2020
pattoju01,Justin Patton,C,OKC,5,24,10,1,4,0.25,3,6,0.5,2019-2020
paulch01,Chris Paul,PG,OKC,70,2208,887,111,304,0.365,323,583,0.554,2019-2020
payneca01,Cameron Payne,SG,PHO,8,183,68,15,29,0.517,18,39,0.462,2019-2020
paytoel01,Elfrid Payton,PG,NYK,45,1246,440,14,69,0.203,179,371,0.482,2019-2020
paytoga02,Gary Payton II,SF,WAS,29,432,116,13,46,0.283,35,70,0.5,2019-2020
pelleno01,Norvel Pelle,C,PHI,24,232,48,0,1,0.0,25,47,0.532,2019-2020
pinsoth01,Theo Pinson,SG,BRK,33,365,155,15,80,0.188,30,75,0.4,2019-2020
plumlma01,Mason Plumlee,C,DEN,61,1057,288,0,5,0.0,177,283,0.625,2019-2020
poeltja01,Jakob Poeltl,C,SAS,66,1171,266,0,0,,166,266,0.624,2019-2020
poirivi01,Vincent Poirier,C,BOS,22,130,36,1,2,0.5,16,34,0.471,2019-2020
pondssh01,Shamorie Ponds,PG,TOR,4,11,5,1,2,0.5,2,3,0.667,2019-2020
poolejo01,Jordan Poole,SG,GSW,57,1274,502,74,265,0.279,93,237,0.392,2019-2020
porteke02,Kevin Porter Jr.,SF,CLE,50,1162,421,53,158,0.335,133,263,0.506,2019-2020
portemi01,Michael Porter Jr.,SF,DEN,55,903,383,62,147,0.422,133,236,0.564,2019-2020
porteot01,Otto Porter,SF,CHI,14,331,140,24,62,0.387,38,78,0.487,2019-2020
portibo01,Bobby Portis,PF,NYK,66,1393,589,67,187,0.358,198,402,0.493,2019-2020
porzikr01,Kristaps Porziņģis,C,DAL,57,1814,932,142,403,0.352,256,529,0.484,2019-2020
poweldw01,Dwight Powell,C,DAL,40,1061,229,10,39,0.256,136,190,0.716,2019-2020
powelno01,Norman Powell,SG,TOR,52,1479,598,109,273,0.399,187,325,0.575,2019-2020
princta02,Taurean Prince,PF,BRK,64,1857,739,146,431,0.339,132,308,0.429,2019-2020
randlch01,Chasson Randle,PG,GSW,3,40,4,0,2,0.0,0,2,0.0,2019-2020
randlju01,Julius Randle,PF,NYK,64,2080,1006,64,231,0.277,399,775,0.515,2019-2020
reavejo02,Josh Reaves,SF,DAL,4,28,9,0,2,0.0,3,7,0.429,2019-2020
reddica01,Cam Reddish,SF,ATL,58,1551,554,83,250,0.332,130,304,0.428,2019-2020
redicjj01,J.J. Redick,SG,NOP,60,1581,631,180,397,0.453,106,234,0.453,2019-2020
reidna01,Naz Reid,C,MIN,30,495,243,32,97,0.33,68,146,0.466,2019-2020
richajo01,Josh Richardson,SG,PHI,55,1693,646,85,249,0.341,193,397,0.486,2019-2020
riverau01,Austin Rivers,SG,HOU,68,1594,501,96,270,0.356,115,231,0.498,2019-2020
roberan03,Andre Roberson,SF,OKC,7,87,29,3,14,0.214,5,15,0.333,2019-2020
robindu01,Duncan Robinson,SG,MIA,73,2166,687,270,606,0.446,53,81,0.654,2019-2020
robingl02,Glenn Robinson III,SF,TOT,62,1786,592,77,197,0.391,211,395,0.534,2019-2020
robinje01,Jerome Robinson,SG,TOT,63,979,310,49,153,0.32,66,157,0.42,2019-2020
robinju01,Justin Robinson,PG,WAS,9,49,12,3,5,0.6,2,7,0.286,2019-2020
robinmi01,Mitchell Robinson,C,NYK,61,1412,341,0,0,,253,341,0.742,2019-2020
robyis01,Isaiah Roby,PF,OKC,3,11,1,0,0,,0,1,0.0,2019-2020
rondora01,Rajon Rondo,PG,LAL,48,984,328,41,125,0.328,96,203,0.473,2019-2020
rosede01,Derrick Rose,PG,DET,50,1298,753,45,147,0.306,324,606,0.535,2019-2020
rosste01,Terrence Ross,SG,ORL,69,1889,846,177,504,0.351,164,342,0.48,2019-2020
roziete01,Terry Rozier,PG,CHO,63,2164,941,172,423,0.407,226,518,0.436,2019-2020
rubiori01,Ricky Rubio,PG,PHO,65,2016,692,78,216,0.361,209,476,0.439,2019-2020
russeda01,D'Angelo Russell,PG,TOT,45,1452,846,158,431,0.367,202,415,0.487,2019-2020
sabondo01,Domantas Sabonis,PF,IND,62,2159,848,17,67,0.254,441,781,0.565,2019-2020
samanlu01,Luka Šamanić,PF,SAS,3,48,16,3,8,0.375,2,8,0.25,2019-2020
sampsja02,JaKarr Sampson,PF,IND,34,471,115,2,13,0.154,66,102,0.647,2019-2020
saricda01,Dario Šarić,PF,PHO,66,1632,538,84,235,0.357,172,303,0.568,2019-2020
satorto01,Tomáš Satoranský,SG,CHI,65,1878,551,64,199,0.322,173,352,0.491,2019-2020
schofad01,Admiral Schofield,PF,WAS,33,368,92,19,61,0.311,16,31,0.516,2019-2020
schrode01,Dennis Schröder,PG,OKC,65,1999,965,125,325,0.385,328,640,0.513,2019-2020
scottmi01,Mike Scott,PF,PHI,68,1207,350,80,217,0.369,69,133,0.519,2019-2020
sefolth01,Thabo Sefolosha,PF,HOU,41,436,91,15,54,0.278,22,37,0.595,2019-2020
sextoco01,Collin Sexton,PG,CLE,65,2143,1086,97,255,0.38,416,831,0.501,2019-2020
shamela01,Landry Shamet,SG,LAC,53,1452,391,111,296,0.375,47,95,0.495,2019-2020
shayoma01,Marial Shayok,SG,PHI,4,28,12,2,6,0.333,1,6,0.167,2019-2020
shumpim01,Iman Shumpert,SF,BRK,13,241,64,8,33,0.242,13,31,0.419,2019-2020
siakapa01,Pascal Siakam,PF,TOR,60,2110,1104,131,365,0.359,369,739,0.499,2019-2020
silvach01,Chris Silva,PF,MIA,44,346,78,0,3,0.0,48,75,0.64,2019-2020
simmobe01,Ben Simmons,PG,PHI,57,2017,647,2,7,0.286,373,640,0.583,2019-2020
simonan01,Anfernee Simons,SG,POR,70,1449,536,75,226,0.332,139,310,0.448,2019-2020
smailal01,Alen Smailagić,C,GSW,14,139,40,3,13,0.231,17,27,0.63,2019-2020
smartma01,Marcus Smart,SG,BOS,60,1919,682,137,395,0.347,119,287,0.415,2019-2020
smithde03,Dennis Smith Jr.,PG,NYK,34,537,211,16,54,0.296,56,157,0.357,2019-2020
smithis01,Ish Smith,PG,WAS,68,1787,689,62,169,0.367,246,520,0.473,2019-2020
smithjr01,J.R. Smith,SG,LAL,6,79,22,1,11,0.091,6,11,0.545,2019-2020
smithzh01,Zhaire Smith,SF,PHI,7,32,11,0,3,0.0,3,8,0.375,2019-2020
snellto01,Tony Snell,SF,DET,59,1641,382,102,254,0.402,68,128,0.531,2019-2020
spellom01,Omari Spellman,C,GSW,49,886,295,43,110,0.391,84,185,0.454,2019-2020
strusma01,Max Strus,SF,CHI,2,6,3,0,1,0.0,2,2,1.0,2019-2020
sumneed01,Edmond Sumner,SG,IND,31,447,142,14,53,0.264,47,89,0.528,2019-2020
swanica01,Caleb Swanigan,PF,TOT,27,288,47,0,2,0.0,28,45,0.622,2019-2020
tatumja01,Jayson Tatum,PF,BOS,66,2265,1226,189,469,0.403,363,757,0.48,2019-2020
teaguje01,Jeff Teague,PG,TOT,59,1464,489,43,117,0.368,170,372,0.457,2019-2020
templga01,Garrett Temple,SG,BRK,62,1730,587,127,386,0.329,95,201,0.473,2019-2020
theisda01,Daniel Theis,C,BOS,65,1566,426,32,96,0.333,209,330,0.633,2019-2020
thomais02,Isaiah Thomas,PG,WAS,40,925,426,78,189,0.413,96,237,0.405,2019-2020
thomakh01,Khyri Thomas,SG,DET,8,61,17,5,14,0.357,0,3,0.0,2019-2020
thomala01,Lance Thomas,PF,BRK,7,98,23,4,13,0.308,4,10,0.4,2019-2020
thomama02,Matt Thomas,SG,TOR,41,440,150,47,99,0.475,26,51,0.51,2019-2020
thomptr01,Tristan Thompson,PF,CLE,57,1721,562,9,23,0.391,279,539,0.518,2019-2020
thornsi01,Sindarius Thornwell,SF,NOP,2,35,11,2,4,0.5,4,7,0.571,2019-2020
thybuma01,Matisse Thybulle,SG,PHI,65,1287,265,56,157,0.357,56,108,0.519,2019-2020
tollian01,Anthony Tolliver,PF,TOT,55,872,182,49,145,0.338,16,37,0.432,2019-2020
toscaju01,Juan Toscano-Anderson,SG,GSW,13,272,63,8,23,0.348,21,40,0.525,2019-2020
townska01,Karl-Anthony Towns,C,MIN,35,1187,622,114,277,0.412,202,345,0.586,2019-2020
trentga02,Gary Trent Jr.,SF,POR,61,1332,441,112,268,0.418,84,173,0.486,2019-2020
trieral01,Allonzo Trier,SG,NYK,24,291,106,19,53,0.358,32,53,0.604,2019-2020
tuckepj01,P.J. Tucker,PF,HOU,72,2467,426,107,299,0.358,70,127,0.551,2019-2020
tuckera01,Rayjon Tucker,SG,UTA,20,161,43,3,17,0.176,17,26,0.654,2019-2020
turneev01,Evan Turner,SG,ATL,19,251,67,0,5,0.0,25,62,0.403,2019-2020
turnemy01,Myles Turner,C,IND,62,1826,587,86,250,0.344,182,337,0.54,2019-2020
uthofja01,Jarrod Uthoff,PF,TOT,7,53,18,3,9,0.333,4,9,0.444,2019-2020
valanjo01,Jonas Valančiūnas,C,MEM,70,1845,739,32,91,0.352,400,648,0.617,2019-2020
valende01,Denzel Valentine,SF,CHI,36,488,237,46,137,0.336,51,100,0.51,2019-2020
vandeja01,Jarred Vanderbilt,PF,TOT,11,46,8,0,1,0.0,5,7,0.714,2019-2020
vanvlfr01,Fred VanVleet,SG,TOR,54,1928,773,146,374,0.39,173,399,0.434,2019-2020
vincega01,Gabe Vincent,PG,MIA,9,83,37,6,27,0.222,2,10,0.2,2019-2020
vonleno01,Noah Vonleh,C,TOT,36,377,92,3,15,0.2,49,77,0.636,2019-2020
vucevni01,Nikola Vučević,C,ORL,62,1998,1033,98,289,0.339,395,744,0.531,2019-2020
wadede01,Dean Wade,PF,CLE,12,71,13,2,4,0.5,7,9,0.778,2019-2020
wagnemo01,Moritz Wagner,C,WAS,45,835,266,25,80,0.313,120,186,0.645,2019-2020
waitedi01,Dion Waiters,SG,TOT,10,207,99,15,47,0.319,26,52,0.5,2019-2020
walkeke02,Kemba Walker,PG,BOS,56,1742,889,180,473,0.381,198,416,0.476,2019-2020
walkelo01,Lonnie Walker,SG,SAS,61,988,357,41,101,0.406,111,256,0.434,2019-2020
wallaty01,Tyrone Wallace,SG,ATL,14,160,44,1,15,0.067,13,29,0.448,2019-2020
waltode01,Derrick Walton,PG,TOT,26,248,39,10,24,0.417,8,15,0.533,2019-2020
wanambr01,Brad Wanamaker,PG,BOS,71,1369,362,37,102,0.363,125,260,0.481,2019-2020
warretj01,T.J. Warren,SF,IND,67,2202,997,91,226,0.403,443,771,0.575,2019-2020
washipj01,P.J. Washington,PF,CHO,58,1759,589,86,230,0.374,182,359,0.507,2019-2020
watanyu01,Yuta Watanabe,SF,MEM,18,105,34,3,8,0.375,12,26,0.462,2019-2020
watertr01,Tremont Waters,PG,BOS,11,119,49,4,24,0.167,10,25,0.4,2019-2020
watsopa01,Paul Watson,SF,TOT,10,87,26,4,12,0.333,6,14,0.429,2019-2020
weathqu01,Quinndary Weatherspoon,SG,SAS,11,78,17,1,5,0.2,4,12,0.333,2019-2020
westbru01,Russell Westbrook,PG,HOU,57,2049,1281,55,213,0.258,549,1068,0.514,2019-2020
whiteco01,Coby White,PG,CHI,65,1674,792,133,376,0.354,179,416,0.43,2019-2020
whitede01,Derrick White,SG,SAS,68,1677,552,79,216,0.366,174,336,0.518,2019-2020
whiteha01,Hassan Whiteside,C,POR,67,2008,702,4,7,0.571,432,695,0.622,2019-2020
wiggian01,Andrew Wiggins,SF,TOT,54,1858,978,111,334,0.332,326,644,0.506,2019-2020
willigr01,Grant Williams,PF,BOS,69,1043,211,24,96,0.25,63,115,0.548,2019-2020
willijo04,Johnathan Williams,PF,WAS,15,180,34,0,2,0.0,19,32,0.594,2019-2020
willike04,Kenrich Williams,PF,NOP,39,832,147,25,97,0.258,26,50,0.52,2019-2020
willilo02,Lou Williams,PG,LAC,65,1864,936,111,315,0.352,280,621,0.451,2019-2020
willima02,Marvin Williams,PF,TOT,58,1129,267,56,156,0.359,63,111,0.568,2019-2020
williro04,Robert Williams,C,BOS,29,388,88,0,0,,64,88,0.727,2019-2020
willini01,Nigel Williams-Goss,PG,UTA,10,50,16,2,7,0.286,3,9,0.333,2019-2020
willizi01,Zion Williamson,PF,NOP,24,668,360,6,14,0.429,204,346,0.59,2019-2020
wilsodj01,D.J. Wilson,PF,MIL,37,363,132,18,73,0.247,34,59,0.576,2019-2020
winslju01,Justise Winslow,SG,MIA,11,352,129,6,27,0.222,44,102,0.431,2019-2020
woodch01,Christian Wood,PF,DET,62,1325,508,54,140,0.386,234,368,0.636,2019-2020
wrighde01,Delon Wright,PG,DAL,73,1570,411,47,127,0.37,143,284,0.504,2019-2020
wrighju02,Justin Wright-Foreman,PG,UTA,4,45,20,2,10,0.2,5,10,0.5,2019-2020
youngth01,Thaddeus Young,PF,CHI,64,1591,601,79,222,0.356,190,379,0.501,2019-2020
youngtr01,Trae Young,PG,ATL,60,2120,1249,205,568,0.361,341,681,0.501,2019-2020
zelleco01,Cody Zeller,C,CHO,58,1341,479,18,75,0.24,233,404,0.577,2019-2020
zellety01,Tyler Zeller,C,SAS,2,4,4,0,0,,1,4,0.25,2019-2020
zizican01,Ante Žižić,C,CLE,22,221,72,0,0,,41,72,0.569,2019-2020
zubaciv01,Ivica Zubac,C,LAC,72,1326,385,0,2,0.0,236,383,0.616,2019-2020
